action,actor,category,condition,confidence,counter,expected_result,phase,purpose,risk,rule_id,source_class,target,trigger
check_away_then_spin_in_behind,striker,MOVEMENT,striker_marked_tightly_centrally,medium-high,"defender delays commitment to the check, waiting for the spin",striker receives in behind with a half-yard of separation,attacking_organisation,create separation from a tight marker via double movement,mistimed check gives the marker time to recover before the spin,MV0001,C,Z28,ball_in_wide_zone_own_side
diagonal_run_into_half_space,inverted_winger,MOVEMENT,opposing_fullback_engaged_by_width,medium,covering CB shifts across to shadow the half-space run,receives between lines facing goal,attacking_organisation,exploit the half-space left open once the fullback is fixed wide,"if the fullback recovers centrally in time, the run is easily tracked",MV0002,C,Z22,winger_holds_wide_position
blind_side_run_in_behind,winger_or_8,MOVEMENT,marking_cb_follows,medium-high,"CB declines to follow, holding the line instead",1v1 run in behind against the covering CB alone,attacking_organisation,exploit the space vacated by the CB who followed the false nine,offside if timing misjudged,MV0003,C,Z28,false_nine_drops_deep
third_man_release,pivot_player,PASSING,weak_side_half_space_open,medium,opponent's covering midfielder anticipates and intercepts the third-man pass,line-broken possession beyond the first press line,attacking_organisation,bypass the committed press via a pre-planned third-man pattern,requires precise timing between all three players involved,PS0001,C,Z17,double_pivot_press_committed
long_diagonal_switch,cb,PASSING,switch_lane_open,medium,weak-side fullback stays slightly narrower than usual to cut the passing lane,receiver isolated 1v1 in space,attacking_organisation,exploit a weak-side numerical advantage created by opponent ball-side shift,technical execution risk on a long diagonal ball,PS0002,C,Z25,cb_in_possession_under_no_pressure
curved_press_cutting_return_pass,striker,PRESSING,gk_weak_foot_or_low_composure,medium-high,gk plays first-time to a supporting CB before the press arrives,"regain possession high or force a long, low-percentage clearance",defensive_organisation,force a rushed long ball or turnover from the goalkeeper,foul risk if mistimed near the box,PR0001,C,Z3,back_pass_to_goalkeeper
press_from_cover_shadow_angle,nearest_presser,PRESSING,cover_shadow_available,medium,receiver uses a first-time lay-off to bypass the press entirely,"possession recycled backward, tempo of the attack broken",defensive_organisation,force the ball backward or into a covered lane rather than forward,"if the presser's angle is wrong, a forward lane is left open instead",PR0002,C,Z13,midfielder_receives_side_on
jockey_show_outside,fullback,DEFENDING,no_covering_support_arrived,medium-high,attacker uses change of pace rather than change of direction to beat the jockey,cross delivered from a deep/wide angle with reduced danger,defensive_organisation,delay the attacker and force a low-value wide cross rather than a central cutback,a technically excellent dribbler beats the show with a body feint,DF0001,C,Z20,opponent_winger_isolated_1v1
immediate_counterpress_swarm,nearest_three_players,DEFENDING,three_players_within_counterpress_range,medium,opponent's carrier plays an immediate first-time release before the swarm arrives,regain in a dangerous zone or force a rushed backward pass,defensive_transition,win the ball back before the opponent's transition attack organizes,"if the counterpress fails, the team is stretched and vulnerable to a fast break",DF0002,B,ball_carrier,possession_lost_in_middle_third
direct_run_in_behind_on_first_gap,striker,ATTACKING,no_penetrative_passing_lane_available,medium,back line holds its shape and accepts the offside risk rather than dropping,"back line drops, opening cutback zones for teammates",attacking_organisation,force the low block to defend deeper and honestly rather than statically,isolated run with no immediate end product if the pass doesn't arrive,AT0001,C,Z28,low_block_fully_set
immediate_vertical_release,ball_winner,TRANSITION,clear_forward_passing_lane_within_2_seconds,medium,opponent's rest defence shape (core KB Section 16) intercepts the release,fast break with a numerical or positional advantage,offensive_transition,exploit the opponent's disorganized defensive transition shape,a misplaced pass under transition speed gives the ball straight back,TR0001,B,advanced_forward_runner,ball_won_in_defensive_third
shift_wide_forwards_to_directly_occupy_wing_back_zones,coaching_staff,FORMATION,team_currently_in_back_four_two_strikers,medium,"opponent's back five simply sits deeper, absorbing the direct occupation without being troubled",restores a direct 1v1 matchup in wide areas rather than conceding a passive numerical mismatch,any,prevent the extra defender from simply absorbing a spare man for free,stretches the team's own central presence thinner,FM0001,C,Z20_Z25,opponent_switches_to_back_five
flag_weak_side_overload_opportunity,tactical_engine,SPACE,weak_side_zone_occupied_by_single_defender,medium-high,opponent's weak-side defender delays their own recovery run to bait an early switch,a switch-of-play recommendation is generated (see 02_EXPLAINABLE_AI_AND_UNCERTAINTY.md worked example),any,surface a positional-superiority opportunity to the decision engine,opportunity window may close before the switch can be executed,SP0001,F,weak_side_half_space,opponent_shifts_six_players_ball_side
flag_technical_mismatch_for_substitution_or_instruction_review,tactical_engine,PLAYER,weak_foot_rating_below_average,medium,"n/a — this is an internal flag, not an on-pitch action",a coaching adjustment (core KB Part BM pattern) is triggered,any,surface a recurring individual technical vulnerability being exploited,over-correcting can remove a player's primary strength (their stronger side) from the game entirely if misapplied,PL0001,F,affected_player,player_forced_onto_weak_foot_repeatedly
shift_to_deeper_defensive_line_with_compact_low_block,coaching_staff,GAME_STATE,opponent_committing_numbers_forward,medium-high,opponent introduces a target-man substitute to increase direct aerial threat against the deeper line,"lower quality/quantity of chances conceded, at the cost of territorial concession",any,reduce space in behind against a chasing opponent's committed attack (core KB Part BD/§24),sustained pressure can eventually break down even a well-organized low block,GS0001,B,own_defensive_third,team_leading_by_one_goal_after_75th_minute
run_screening_block_routine,attacking_team,SET_PIECE,opponent_uses_pure_man_marking,medium,defending team switches to a hybrid marking scheme (core KB Section 53.2) specifically to neutralize blocking routines,primary aerial target receives a delivery with a reduced/delayed marker,set_piece,exploit man-marking's specific vulnerability to legal screening (core KB Section 53.1-53.2),mistimed block risks an obstruction/offence call,STP0001,C,primary_aerial_threats_marker,corner_awarded
substitute_in_a_target_man_or_poacher_profile,coaching_staff,SUBSTITUTION,current_striker_profile_is_false_nine_or_deep_lying_forward,medium,"opponent introduces a fresh, taller defensive substitute of their own to match the new aerial threat",introduces a fresh individual mismatch (aerial or pace) against a tiring back line,any,change the type of attacking threat to something the current defensive setup hasn't yet had to solve (core KB Part BG),loses the outgoing player's specific combination/link-up strengths,SB0001,C,striker_position,team_chasing_a_goal_after_70th_minute
flag_negative_interaction_risk,tactical_engine,ATTRIBUTE_INTERACTION,high_defensive_line_height_combined_with_low_pace_centre_backs,high,n/a,engine down-weights recommendations for a higher defensive line when this combination is present,any,surface that PACE (attribute) and DEFENSIVE_LINE_HEIGHT (tactical setting) interact negatively when misaligned,n/a — internal flag,AI0001,B,defensive_line,n/a
flag_positive_interaction,tactical_engine,ATTRIBUTE_INTERACTION,high_composure_combined_with_high_press_intensity_faced,medium-high,n/a,engine slightly raises the risk tolerance ceiling for this player's on-ball actions under pressure,any,"surface that COMPOSURE interacts positively with the ability to retain possession under a high press, informing pass-risk tolerance upward for this specific player",n/a — internal flag,AI0002,C,ball_carrier,n/a
flag_negative_interaction_risk_late_match,tactical_engine,ATTRIBUTE_INTERACTION,low_stamina_combined_with_high_press_intensity_tactical_instruction,medium-high,n/a,engine recommends a pressing-intensity reduction or a substitution window as the match progresses,any,surface that STAMINA and PRESS_INTENSITY interact negatively over accumulated match/fixture-congestion load (core KB Section 46.2/50.4),reducing press intensity too early cedes territorial control unnecessarily,AI0003,B,pressing_unit,n/a
support_run,box_to_box,MOVEMENT,defensive_response_available_is_hand_over_marking,medium,defender anticipates the movement pattern and delays commitment rather than reacting immediately,box_to_box gains separation or space value in Z16,offensive_transition,execute a support run from Z11 to manipulate marker positioning toward Z16,mistimed execution allows the defender to recover before the movement completes,MV00001,C,Z16,box_to_box_positioned_in_Z11
curved_run,cover_defender,MOVEMENT,defensive_response_available_is_shift_across,medium,defender anticipates the movement pattern and delays commitment rather than reacting immediately,cover_defender gains separation or space value in Z8,defensive_transition,execute a curved run from Z19 to manipulate marker positioning toward Z8,mistimed execution allows the defender to recover before the movement completes,MV00002,C,Z8,cover_defender_positioned_in_Z19
rotation,number_10,MOVEMENT,defensive_response_available_is_hand_over_marking,medium,defender anticipates the movement pattern and delays commitment rather than reacting immediately,number_10 gains separation or space value in Z5,defensive_organisation,execute a rotation from Z16 to manipulate marker positioning toward Z5,mistimed execution allows the defender to recover before the movement completes,MV00003,C,Z5,number_10_positioned_in_Z16
inversion,ball_winning_midfielder,MOVEMENT,defensive_response_available_is_step_up_together,medium,defender anticipates the movement pattern and delays commitment rather than reacting immediately,ball_winning_midfielder gains separation or space value in Z10,defensive_organisation,execute a inversion from Z26 to manipulate marker positioning toward Z10,mistimed execution allows the defender to recover before the movement completes,MV00004,C,Z10,ball_winning_midfielder_positioned_in_Z26
check_toward_ball,deep_lying_forward,MOVEMENT,defensive_response_available_is_drop_off,medium,defender anticipates the movement pattern and delays commitment rather than reacting immediately,deep_lying_forward gains separation or space value in Z12,defensive_organisation,execute a check toward ball from Z28 to manipulate marker positioning toward Z12,mistimed execution allows the defender to recover before the movement completes,MV00005,C,Z12,deep_lying_forward_positioned_in_Z28
run_in_behind,segundo_volante,MOVEMENT,defensive_response_available_is_shift_across,medium,defender anticipates the movement pattern and delays commitment rather than reacting immediately,segundo_volante gains separation or space value in Z21,defensive_transition,execute a run in behind from Z26 to manipulate marker positioning toward Z21,mistimed execution allows the defender to recover before the movement completes,MV00006,C,Z21,segundo_volante_positioned_in_Z26
rotation,mezzala,MOVEMENT,defensive_response_available_is_step_up_together,medium,defender anticipates the movement pattern and delays commitment rather than reacting immediately,mezzala gains separation or space value in Z5,offensive_transition,execute a rotation from Z24 to manipulate marker positioning toward Z5,mistimed execution allows the defender to recover before the movement completes,MV00007,C,Z5,mezzala_positioned_in_Z24
dummy_run,number_10,MOVEMENT,defensive_response_available_is_hand_over_marking,medium,defender anticipates the movement pattern and delays commitment rather than reacting immediately,number_10 gains separation or space value in Z7,set_piece,execute a dummy run from Z29 to manipulate marker positioning toward Z7,mistimed execution allows the defender to recover before the movement completes,MV00008,C,Z7,number_10_positioned_in_Z29
straight_run,aggressive_gk,MOVEMENT,defensive_response_available_is_step_up_together,medium,defender anticipates the movement pattern and delays commitment rather than reacting immediately,aggressive_gk gains separation or space value in Z26,attacking_organisation,execute a straight run from Z10 to manipulate marker positioning toward Z26,mistimed execution allows the defender to recover before the movement completes,MV00009,C,Z26,aggressive_gk_positioned_in_Z10
dummy_run,full_back,MOVEMENT,defensive_response_available_is_hand_over_marking,medium,defender anticipates the movement pattern and delays commitment rather than reacting immediately,full_back gains separation or space value in Z25,attacking_organisation,execute a dummy run from Z1 to manipulate marker positioning toward Z25,mistimed execution allows the defender to recover before the movement completes,MV00010,C,Z25,full_back_positioned_in_Z1
straight_run,cover_defender,MOVEMENT,defensive_response_available_is_hold_shape,medium,defender anticipates the movement pattern and delays commitment rather than reacting immediately,cover_defender gains separation or space value in Z10,defensive_transition,execute a straight run from Z26 to manipulate marker positioning toward Z10,mistimed execution allows the defender to recover before the movement completes,MV00011,C,Z10,cover_defender_positioned_in_Z26
spin,regista,MOVEMENT,defensive_response_available_is_recover_goal_side,medium,defender anticipates the movement pattern and delays commitment rather than reacting immediately,regista gains separation or space value in Z30,defensive_organisation,execute a spin from Z9 to manipulate marker positioning toward Z30,mistimed execution allows the defender to recover before the movement completes,MV00012,C,Z30,regista_positioned_in_Z9
spin,destroyer,MOVEMENT,defensive_response_available_is_press_immediately,medium,defender anticipates the movement pattern and delays commitment rather than reacting immediately,destroyer gains separation or space value in Z21,attacking_organisation,execute a spin from Z8 to manipulate marker positioning toward Z21,mistimed execution allows the defender to recover before the movement completes,MV00013,C,Z21,destroyer_positioned_in_Z8
underlap,target_man,MOVEMENT,defensive_response_available_is_recover_goal_side,medium,defender anticipates the movement pattern and delays commitment rather than reacting immediately,target_man gains separation or space value in Z23,defensive_organisation,execute a underlap from Z5 to manipulate marker positioning toward Z23,mistimed execution allows the defender to recover before the movement completes,MV00014,C,Z23,target_man_positioned_in_Z5
run_in_behind,advanced_forward,MOVEMENT,defensive_response_available_is_double_team,medium,defender anticipates the movement pattern and delays commitment rather than reacting immediately,advanced_forward gains separation or space value in Z21,offensive_transition,execute a run in behind from Z28 to manipulate marker positioning toward Z21,mistimed execution allows the defender to recover before the movement completes,MV00015,C,Z21,advanced_forward_positioned_in_Z28
double_movement,stopper,MOVEMENT,defensive_response_available_is_step_up_together,medium,defender anticipates the movement pattern and delays commitment rather than reacting immediately,stopper gains separation or space value in Z4,defensive_organisation,execute a double movement from Z5 to manipulate marker positioning toward Z4,mistimed execution allows the defender to recover before the movement completes,MV00016,C,Z4,stopper_positioned_in_Z5
pin,deep_lying_forward,MOVEMENT,defensive_response_available_is_drop_off,medium,defender anticipates the movement pattern and delays commitment rather than reacting immediately,deep_lying_forward gains separation or space value in Z16,defensive_transition,execute a pin from Z29 to manipulate marker positioning toward Z16,mistimed execution allows the defender to recover before the movement completes,MV00017,C,Z16,deep_lying_forward_positioned_in_Z29
support_run,aggressive_gk,MOVEMENT,defensive_response_available_is_hand_over_marking,medium,defender anticipates the movement pattern and delays commitment rather than reacting immediately,aggressive_gk gains separation or space value in Z21,defensive_transition,execute a support run from Z28 to manipulate marker positioning toward Z21,mistimed execution allows the defender to recover before the movement completes,MV00018,C,Z21,aggressive_gk_positioned_in_Z28
spin,defensive_winger,MOVEMENT,defensive_response_available_is_shift_across,medium,defender anticipates the movement pattern and delays commitment rather than reacting immediately,defensive_winger gains separation or space value in Z25,set_piece,execute a spin from Z12 to manipulate marker positioning toward Z25,mistimed execution allows the defender to recover before the movement completes,MV00019,C,Z25,defensive_winger_positioned_in_Z12
pin,regista,MOVEMENT,defensive_response_available_is_hand_over_marking,medium,defender anticipates the movement pattern and delays commitment rather than reacting immediately,regista gains separation or space value in Z22,defensive_organisation,execute a pin from Z24 to manipulate marker positioning toward Z22,mistimed execution allows the defender to recover before the movement completes,MV00020,C,Z22,regista_positioned_in_Z24
spin,shot_stopper,MOVEMENT,defensive_response_available_is_double_team,medium,defender anticipates the movement pattern and delays commitment rather than reacting immediately,shot_stopper gains separation or space value in Z13,offensive_transition,execute a spin from Z11 to manipulate marker positioning toward Z13,mistimed execution allows the defender to recover before the movement completes,MV00021,C,Z13,shot_stopper_positioned_in_Z11
vacate,full_back,MOVEMENT,defensive_response_available_is_shift_across,medium,defender anticipates the movement pattern and delays commitment rather than reacting immediately,full_back gains separation or space value in Z4,defensive_transition,execute a vacate from Z14 to manipulate marker positioning toward Z4,mistimed execution allows the defender to recover before the movement completes,MV00022,C,Z4,full_back_positioned_in_Z14
dummy_run,advanced_playmaker,MOVEMENT,defensive_response_available_is_drop_off,medium,defender anticipates the movement pattern and delays commitment rather than reacting immediately,advanced_playmaker gains separation or space value in Z5,attacking_organisation,execute a dummy run from Z28 to manipulate marker positioning toward Z5,mistimed execution allows the defender to recover before the movement completes,MV00023,C,Z5,advanced_playmaker_positioned_in_Z28
vacate,attacking_fb,MOVEMENT,defensive_response_available_is_double_team,medium,defender anticipates the movement pattern and delays commitment rather than reacting immediately,attacking_fb gains separation or space value in Z19,attacking_organisation,execute a vacate from Z21 to manipulate marker positioning toward Z19,mistimed execution allows the defender to recover before the movement completes,MV00024,C,Z19,attacking_fb_positioned_in_Z21
vacate,shot_stopper,MOVEMENT,defensive_response_available_is_drop_off,medium,defender anticipates the movement pattern and delays commitment rather than reacting immediately,shot_stopper gains separation or space value in Z18,set_piece,execute a vacate from Z24 to manipulate marker positioning toward Z18,mistimed execution allows the defender to recover before the movement completes,MV00025,C,Z18,shot_stopper_positioned_in_Z24
rotation,wide_cb,MOVEMENT,defensive_response_available_is_recover_goal_side,medium,defender anticipates the movement pattern and delays commitment rather than reacting immediately,wide_cb gains separation or space value in Z6,defensive_transition,execute a rotation from Z9 to manipulate marker positioning toward Z6,mistimed execution allows the defender to recover before the movement completes,MV00026,C,Z6,wide_cb_positioned_in_Z9
check_away,attacking_fb,MOVEMENT,defensive_response_available_is_recover_goal_side,medium,defender anticipates the movement pattern and delays commitment rather than reacting immediately,attacking_fb gains separation or space value in Z26,offensive_transition,execute a check away from Z11 to manipulate marker positioning toward Z26,mistimed execution allows the defender to recover before the movement completes,MV00027,C,Z26,attacking_fb_positioned_in_Z11
occupy,stopper,MOVEMENT,defensive_response_available_is_recover_goal_side,medium,defender anticipates the movement pattern and delays commitment rather than reacting immediately,stopper gains separation or space value in Z10,defensive_transition,execute a occupy from Z5 to manipulate marker positioning toward Z10,mistimed execution allows the defender to recover before the movement completes,MV00028,C,Z10,stopper_positioned_in_Z5
vacate,regista,MOVEMENT,defensive_response_available_is_recover_goal_side,medium,defender anticipates the movement pattern and delays commitment rather than reacting immediately,regista gains separation or space value in Z27,set_piece,execute a vacate from Z9 to manipulate marker positioning toward Z27,mistimed execution allows the defender to recover before the movement completes,MV00029,C,Z27,regista_positioned_in_Z9
check_toward_ball,ball_playing_gk,MOVEMENT,defensive_response_available_is_hold_shape,medium,defender anticipates the movement pattern and delays commitment rather than reacting immediately,ball_playing_gk gains separation or space value in Z5,defensive_organisation,execute a check toward ball from Z8 to manipulate marker positioning toward Z5,mistimed execution allows the defender to recover before the movement completes,MV00030,C,Z5,ball_playing_gk_positioned_in_Z8
diagonal_run,sweeper_keeper,MOVEMENT,defensive_response_available_is_shift_across,medium,defender anticipates the movement pattern and delays commitment rather than reacting immediately,sweeper_keeper gains separation or space value in Z13,attacking_organisation,execute a diagonal run from Z29 to manipulate marker positioning toward Z13,mistimed execution allows the defender to recover before the movement completes,MV00031,C,Z13,sweeper_keeper_positioned_in_Z29
drop,trequartista,MOVEMENT,defensive_response_available_is_hand_over_marking,medium,defender anticipates the movement pattern and delays commitment rather than reacting immediately,trequartista gains separation or space value in Z18,set_piece,execute a drop from Z16 to manipulate marker positioning toward Z18,mistimed execution allows the defender to recover before the movement completes,MV00032,C,Z18,trequartista_positioned_in_Z16
blind_side_run,number_10,MOVEMENT,defensive_response_available_is_hand_over_marking,medium,defender anticipates the movement pattern and delays commitment rather than reacting immediately,number_10 gains separation or space value in Z11,defensive_transition,execute a blind side run from Z1 to manipulate marker positioning toward Z11,mistimed execution allows the defender to recover before the movement completes,MV00033,C,Z11,number_10_positioned_in_Z1
diagonal_run,target_man,MOVEMENT,defensive_response_available_is_press_immediately,medium,defender anticipates the movement pattern and delays commitment rather than reacting immediately,target_man gains separation or space value in Z1,set_piece,execute a diagonal run from Z7 to manipulate marker positioning toward Z1,mistimed execution allows the defender to recover before the movement completes,MV00034,C,Z1,target_man_positioned_in_Z7
vacate,deep_playmaker,MOVEMENT,defensive_response_available_is_drop_off,medium,defender anticipates the movement pattern and delays commitment rather than reacting immediately,deep_playmaker gains separation or space value in Z16,set_piece,execute a vacate from Z14 to manipulate marker positioning toward Z16,mistimed execution allows the defender to recover before the movement completes,MV00035,C,Z16,deep_playmaker_positioned_in_Z14
check_away,full_back,MOVEMENT,defensive_response_available_is_shift_across,medium,defender anticipates the movement pattern and delays commitment rather than reacting immediately,full_back gains separation or space value in Z20,attacking_organisation,execute a check away from Z12 to manipulate marker positioning toward Z20,mistimed execution allows the defender to recover before the movement completes,MV00036,C,Z20,full_back_positioned_in_Z12
pin,stopper,MOVEMENT,defensive_response_available_is_step_up_together,medium,defender anticipates the movement pattern and delays commitment rather than reacting immediately,stopper gains separation or space value in Z16,offensive_transition,execute a pin from Z30 to manipulate marker positioning toward Z16,mistimed execution allows the defender to recover before the movement completes,MV00037,C,Z16,stopper_positioned_in_Z30
check_toward_ball,deep_playmaker,MOVEMENT,defensive_response_available_is_hand_over_marking,medium,defender anticipates the movement pattern and delays commitment rather than reacting immediately,deep_playmaker gains separation or space value in Z3,defensive_transition,execute a check toward ball from Z6 to manipulate marker positioning toward Z3,mistimed execution allows the defender to recover before the movement completes,MV00038,C,Z3,deep_playmaker_positioned_in_Z6
curved_run,ball_winning_midfielder,MOVEMENT,defensive_response_available_is_recover_goal_side,medium,defender anticipates the movement pattern and delays commitment rather than reacting immediately,ball_winning_midfielder gains separation or space value in Z2,attacking_organisation,execute a curved run from Z29 to manipulate marker positioning toward Z2,mistimed execution allows the defender to recover before the movement completes,MV00039,C,Z2,ball_winning_midfielder_positioned_in_Z29
check_toward_ball,complete_forward,MOVEMENT,defensive_response_available_is_press_immediately,medium,defender anticipates the movement pattern and delays commitment rather than reacting immediately,complete_forward gains separation or space value in Z20,set_piece,execute a check toward ball from Z6 to manipulate marker positioning toward Z20,mistimed execution allows the defender to recover before the movement completes,MV00040,C,Z20,complete_forward_positioned_in_Z6
drop,number_10,MOVEMENT,defensive_response_available_is_step_up_together,medium,defender anticipates the movement pattern and delays commitment rather than reacting immediately,number_10 gains separation or space value in Z14,set_piece,execute a drop from Z11 to manipulate marker positioning toward Z14,mistimed execution allows the defender to recover before the movement completes,MV00041,C,Z14,number_10_positioned_in_Z11
drift,shadow_striker,MOVEMENT,defensive_response_available_is_double_team,medium,defender anticipates the movement pattern and delays commitment rather than reacting immediately,shadow_striker gains separation or space value in Z28,defensive_organisation,execute a drift from Z6 to manipulate marker positioning toward Z28,mistimed execution allows the defender to recover before the movement completes,MV00042,C,Z28,shadow_striker_positioned_in_Z6
drop,complete_wing_back,MOVEMENT,defensive_response_available_is_hand_over_marking,medium,defender anticipates the movement pattern and delays commitment rather than reacting immediately,complete_wing_back gains separation or space value in Z8,offensive_transition,execute a drop from Z25 to manipulate marker positioning toward Z8,mistimed execution allows the defender to recover before the movement completes,MV00043,C,Z8,complete_wing_back_positioned_in_Z25
blind_side_run,cover_defender,MOVEMENT,defensive_response_available_is_hand_over_marking,medium,defender anticipates the movement pattern and delays commitment rather than reacting immediately,cover_defender gains separation or space value in Z17,defensive_transition,execute a blind side run from Z28 to manipulate marker positioning toward Z17,mistimed execution allows the defender to recover before the movement completes,MV00044,C,Z17,cover_defender_positioned_in_Z28
straight_run,ball_playing_cb,MOVEMENT,defensive_response_available_is_step_up_together,medium,defender anticipates the movement pattern and delays commitment rather than reacting immediately,ball_playing_cb gains separation or space value in Z16,attacking_organisation,execute a straight run from Z1 to manipulate marker positioning toward Z16,mistimed execution allows the defender to recover before the movement completes,MV00045,C,Z16,ball_playing_cb_positioned_in_Z1
occupy,ball_playing_cb,MOVEMENT,defensive_response_available_is_recover_goal_side,medium,defender anticipates the movement pattern and delays commitment rather than reacting immediately,ball_playing_cb gains separation or space value in Z4,defensive_organisation,execute a occupy from Z5 to manipulate marker positioning toward Z4,mistimed execution allows the defender to recover before the movement completes,MV00046,C,Z4,ball_playing_cb_positioned_in_Z5
curved_run,box_to_box,MOVEMENT,defensive_response_available_is_recover_goal_side,medium,defender anticipates the movement pattern and delays commitment rather than reacting immediately,box_to_box gains separation or space value in Z12,offensive_transition,execute a curved run from Z2 to manipulate marker positioning toward Z12,mistimed execution allows the defender to recover before the movement completes,MV00047,C,Z12,box_to_box_positioned_in_Z2
straight_run,wide_cb,MOVEMENT,defensive_response_available_is_shift_across,medium,defender anticipates the movement pattern and delays commitment rather than reacting immediately,wide_cb gains separation or space value in Z7,defensive_organisation,execute a straight run from Z4 to manipulate marker positioning toward Z7,mistimed execution allows the defender to recover before the movement completes,MV00048,C,Z7,wide_cb_positioned_in_Z4
inversion,complete_forward,MOVEMENT,defensive_response_available_is_step_up_together,medium,defender anticipates the movement pattern and delays commitment rather than reacting immediately,complete_forward gains separation or space value in Z6,attacking_organisation,execute a inversion from Z19 to manipulate marker positioning toward Z6,mistimed execution allows the defender to recover before the movement completes,MV00049,C,Z6,complete_forward_positioned_in_Z19
straight_run,poacher,MOVEMENT,defensive_response_available_is_step_up_together,medium,defender anticipates the movement pattern and delays commitment rather than reacting immediately,poacher gains separation or space value in Z7,defensive_transition,execute a straight run from Z17 to manipulate marker positioning toward Z7,mistimed execution allows the defender to recover before the movement completes,MV00050,C,Z7,poacher_positioned_in_Z17
underlap,ball_winning_midfielder,MOVEMENT,defensive_response_available_is_double_team,medium,defender anticipates the movement pattern and delays commitment rather than reacting immediately,ball_winning_midfielder gains separation or space value in Z29,attacking_organisation,execute a underlap from Z28 to manipulate marker positioning toward Z29,mistimed execution allows the defender to recover before the movement completes,MV00051,C,Z29,ball_winning_midfielder_positioned_in_Z28
rotation,pressing_forward,MOVEMENT,defensive_response_available_is_shift_across,medium,defender anticipates the movement pattern and delays commitment rather than reacting immediately,pressing_forward gains separation or space value in Z30,offensive_transition,execute a rotation from Z22 to manipulate marker positioning toward Z30,mistimed execution allows the defender to recover before the movement completes,MV00052,C,Z30,pressing_forward_positioned_in_Z22
inversion,advanced_forward,MOVEMENT,defensive_response_available_is_press_immediately,medium,defender anticipates the movement pattern and delays commitment rather than reacting immediately,advanced_forward gains separation or space value in Z30,defensive_organisation,execute a inversion from Z10 to manipulate marker positioning toward Z30,mistimed execution allows the defender to recover before the movement completes,MV00053,C,Z30,advanced_forward_positioned_in_Z10
check_toward_ball,deep_playmaker,MOVEMENT,defensive_response_available_is_shift_across,medium,defender anticipates the movement pattern and delays commitment rather than reacting immediately,deep_playmaker gains separation or space value in Z1,attacking_organisation,execute a check toward ball from Z21 to manipulate marker positioning toward Z1,mistimed execution allows the defender to recover before the movement completes,MV00054,C,Z1,deep_playmaker_positioned_in_Z21
check_toward_ball,inverted_fb,MOVEMENT,defensive_response_available_is_recover_goal_side,medium,defender anticipates the movement pattern and delays commitment rather than reacting immediately,inverted_fb gains separation or space value in Z1,set_piece,execute a check toward ball from Z7 to manipulate marker positioning toward Z1,mistimed execution allows the defender to recover before the movement completes,MV00055,C,Z1,inverted_fb_positioned_in_Z7
straight_run,half_back,MOVEMENT,defensive_response_available_is_recover_goal_side,medium,defender anticipates the movement pattern and delays commitment rather than reacting immediately,half_back gains separation or space value in Z8,offensive_transition,execute a straight run from Z14 to manipulate marker positioning toward Z8,mistimed execution allows the defender to recover before the movement completes,MV00056,C,Z8,half_back_positioned_in_Z14
straight_run,poacher,MOVEMENT,defensive_response_available_is_drop_off,medium,defender anticipates the movement pattern and delays commitment rather than reacting immediately,poacher gains separation or space value in Z16,defensive_organisation,execute a straight run from Z6 to manipulate marker positioning toward Z16,mistimed execution allows the defender to recover before the movement completes,MV00057,C,Z16,poacher_positioned_in_Z6
rotation,defensive_winger,MOVEMENT,defensive_response_available_is_shift_across,medium,defender anticipates the movement pattern and delays commitment rather than reacting immediately,defensive_winger gains separation or space value in Z21,attacking_organisation,execute a rotation from Z9 to manipulate marker positioning toward Z21,mistimed execution allows the defender to recover before the movement completes,MV00058,C,Z21,defensive_winger_positioned_in_Z9
occupy,defensive_winger,MOVEMENT,defensive_response_available_is_drop_off,medium,defender anticipates the movement pattern and delays commitment rather than reacting immediately,defensive_winger gains separation or space value in Z17,set_piece,execute a occupy from Z29 to manipulate marker positioning toward Z17,mistimed execution allows the defender to recover before the movement completes,MV00059,C,Z17,defensive_winger_positioned_in_Z29
curved_run,deep_lying_forward,MOVEMENT,defensive_response_available_is_drop_off,medium,defender anticipates the movement pattern and delays commitment rather than reacting immediately,deep_lying_forward gains separation or space value in Z4,offensive_transition,execute a curved run from Z14 to manipulate marker positioning toward Z4,mistimed execution allows the defender to recover before the movement completes,MV00060,C,Z4,deep_lying_forward_positioned_in_Z14
pin,inside_forward,MOVEMENT,defensive_response_available_is_shift_across,medium,defender anticipates the movement pattern and delays commitment rather than reacting immediately,inside_forward gains separation or space value in Z14,attacking_organisation,execute a pin from Z3 to manipulate marker positioning toward Z14,mistimed execution allows the defender to recover before the movement completes,MV00061,C,Z14,inside_forward_positioned_in_Z3
pin,advanced_forward,MOVEMENT,defensive_response_available_is_recover_goal_side,medium,defender anticipates the movement pattern and delays commitment rather than reacting immediately,advanced_forward gains separation or space value in Z20,attacking_organisation,execute a pin from Z12 to manipulate marker positioning toward Z20,mistimed execution allows the defender to recover before the movement completes,MV00062,C,Z20,advanced_forward_positioned_in_Z12
pin,false_nine,MOVEMENT,defensive_response_available_is_press_immediately,medium,defender anticipates the movement pattern and delays commitment rather than reacting immediately,false_nine gains separation or space value in Z20,defensive_organisation,execute a pin from Z2 to manipulate marker positioning toward Z20,mistimed execution allows the defender to recover before the movement completes,MV00063,C,Z20,false_nine_positioned_in_Z2
straight_run,ball_playing_gk,MOVEMENT,defensive_response_available_is_press_immediately,medium,defender anticipates the movement pattern and delays commitment rather than reacting immediately,ball_playing_gk gains separation or space value in Z5,defensive_transition,execute a straight run from Z7 to manipulate marker positioning toward Z5,mistimed execution allows the defender to recover before the movement completes,MV00064,C,Z5,ball_playing_gk_positioned_in_Z7
pin,ball_playing_cb,MOVEMENT,defensive_response_available_is_hold_shape,medium,defender anticipates the movement pattern and delays commitment rather than reacting immediately,ball_playing_cb gains separation or space value in Z15,set_piece,execute a pin from Z20 to manipulate marker positioning toward Z15,mistimed execution allows the defender to recover before the movement completes,MV00065,C,Z15,ball_playing_cb_positioned_in_Z20
pin,segundo_volante,MOVEMENT,defensive_response_available_is_shift_across,medium,defender anticipates the movement pattern and delays commitment rather than reacting immediately,segundo_volante gains separation or space value in Z25,set_piece,execute a pin from Z1 to manipulate marker positioning toward Z25,mistimed execution allows the defender to recover before the movement completes,MV00066,C,Z25,segundo_volante_positioned_in_Z1
curved_run,target_man,MOVEMENT,defensive_response_available_is_double_team,medium,defender anticipates the movement pattern and delays commitment rather than reacting immediately,target_man gains separation or space value in Z13,attacking_organisation,execute a curved run from Z29 to manipulate marker positioning toward Z13,mistimed execution allows the defender to recover before the movement completes,MV00067,C,Z13,target_man_positioned_in_Z29
dummy_run,shadow_striker,MOVEMENT,defensive_response_available_is_drop_off,medium,defender anticipates the movement pattern and delays commitment rather than reacting immediately,shadow_striker gains separation or space value in Z10,set_piece,execute a dummy run from Z12 to manipulate marker positioning toward Z10,mistimed execution allows the defender to recover before the movement completes,MV00068,C,Z10,shadow_striker_positioned_in_Z12
pin,regista,MOVEMENT,defensive_response_available_is_recover_goal_side,medium,defender anticipates the movement pattern and delays commitment rather than reacting immediately,regista gains separation or space value in Z29,set_piece,execute a pin from Z20 to manipulate marker positioning toward Z29,mistimed execution allows the defender to recover before the movement completes,MV00069,C,Z29,regista_positioned_in_Z20
diagonal_run,carrilero,MOVEMENT,defensive_response_available_is_recover_goal_side,medium,defender anticipates the movement pattern and delays commitment rather than reacting immediately,carrilero gains separation or space value in Z17,offensive_transition,execute a diagonal run from Z4 to manipulate marker positioning toward Z17,mistimed execution allows the defender to recover before the movement completes,MV00070,C,Z17,carrilero_positioned_in_Z4
pin,cover_defender,MOVEMENT,defensive_response_available_is_shift_across,medium,defender anticipates the movement pattern and delays commitment rather than reacting immediately,cover_defender gains separation or space value in Z8,attacking_organisation,execute a pin from Z29 to manipulate marker positioning toward Z8,mistimed execution allows the defender to recover before the movement completes,MV00071,C,Z8,cover_defender_positioned_in_Z29
vacate,destroyer,MOVEMENT,defensive_response_available_is_hand_over_marking,medium,defender anticipates the movement pattern and delays commitment rather than reacting immediately,destroyer gains separation or space value in Z1,set_piece,execute a vacate from Z5 to manipulate marker positioning toward Z1,mistimed execution allows the defender to recover before the movement completes,MV00072,C,Z1,destroyer_positioned_in_Z5
occupy,target_man,MOVEMENT,defensive_response_available_is_press_immediately,medium,defender anticipates the movement pattern and delays commitment rather than reacting immediately,target_man gains separation or space value in Z22,defensive_organisation,execute a occupy from Z24 to manipulate marker positioning toward Z22,mistimed execution allows the defender to recover before the movement completes,MV00073,C,Z22,target_man_positioned_in_Z24
spin,trequartista,MOVEMENT,defensive_response_available_is_drop_off,medium,defender anticipates the movement pattern and delays commitment rather than reacting immediately,trequartista gains separation or space value in Z15,attacking_organisation,execute a spin from Z2 to manipulate marker positioning toward Z15,mistimed execution allows the defender to recover before the movement completes,MV00074,C,Z15,trequartista_positioned_in_Z2
drop,complete_forward,MOVEMENT,defensive_response_available_is_hold_shape,medium,defender anticipates the movement pattern and delays commitment rather than reacting immediately,complete_forward gains separation or space value in Z24,defensive_organisation,execute a drop from Z30 to manipulate marker positioning toward Z24,mistimed execution allows the defender to recover before the movement completes,MV00075,C,Z24,complete_forward_positioned_in_Z30
diagonal_run,inverted_winger,MOVEMENT,defensive_response_available_is_drop_off,medium,defender anticipates the movement pattern and delays commitment rather than reacting immediately,inverted_winger gains separation or space value in Z3,attacking_organisation,execute a diagonal run from Z11 to manipulate marker positioning toward Z3,mistimed execution allows the defender to recover before the movement completes,MV00076,C,Z3,inverted_winger_positioned_in_Z11
overlap,target_man,MOVEMENT,defensive_response_available_is_double_team,medium,defender anticipates the movement pattern and delays commitment rather than reacting immediately,target_man gains separation or space value in Z11,attacking_organisation,execute a overlap from Z18 to manipulate marker positioning toward Z11,mistimed execution allows the defender to recover before the movement completes,MV00077,C,Z11,target_man_positioned_in_Z18
pin,cover_defender,MOVEMENT,defensive_response_available_is_double_team,medium,defender anticipates the movement pattern and delays commitment rather than reacting immediately,cover_defender gains separation or space value in Z24,offensive_transition,execute a pin from Z10 to manipulate marker positioning toward Z24,mistimed execution allows the defender to recover before the movement completes,MV00078,C,Z24,cover_defender_positioned_in_Z10
pin,segundo_volante,MOVEMENT,defensive_response_available_is_hand_over_marking,medium,defender anticipates the movement pattern and delays commitment rather than reacting immediately,segundo_volante gains separation or space value in Z17,defensive_organisation,execute a pin from Z29 to manipulate marker positioning toward Z17,mistimed execution allows the defender to recover before the movement completes,MV00079,C,Z17,segundo_volante_positioned_in_Z29
occupy,wide_cb,MOVEMENT,defensive_response_available_is_press_immediately,medium,defender anticipates the movement pattern and delays commitment rather than reacting immediately,wide_cb gains separation or space value in Z5,attacking_organisation,execute a occupy from Z6 to manipulate marker positioning toward Z5,mistimed execution allows the defender to recover before the movement completes,MV00080,C,Z5,wide_cb_positioned_in_Z6
diagonal_run,advanced_forward,MOVEMENT,defensive_response_available_is_shift_across,medium,defender anticipates the movement pattern and delays commitment rather than reacting immediately,advanced_forward gains separation or space value in Z22,offensive_transition,execute a diagonal run from Z19 to manipulate marker positioning toward Z22,mistimed execution allows the defender to recover before the movement completes,MV00081,C,Z22,advanced_forward_positioned_in_Z19
vacate,advanced_playmaker,MOVEMENT,defensive_response_available_is_press_immediately,medium,defender anticipates the movement pattern and delays commitment rather than reacting immediately,advanced_playmaker gains separation or space value in Z3,offensive_transition,execute a vacate from Z4 to manipulate marker positioning toward Z3,mistimed execution allows the defender to recover before the movement completes,MV00082,C,Z3,advanced_playmaker_positioned_in_Z4
straight_run,false_fb,MOVEMENT,defensive_response_available_is_hand_over_marking,medium,defender anticipates the movement pattern and delays commitment rather than reacting immediately,false_fb gains separation or space value in Z11,defensive_organisation,execute a straight run from Z26 to manipulate marker positioning toward Z11,mistimed execution allows the defender to recover before the movement completes,MV00083,C,Z11,false_fb_positioned_in_Z26
occupy,half_back,MOVEMENT,defensive_response_available_is_shift_across,medium,defender anticipates the movement pattern and delays commitment rather than reacting immediately,half_back gains separation or space value in Z14,defensive_transition,execute a occupy from Z17 to manipulate marker positioning toward Z14,mistimed execution allows the defender to recover before the movement completes,MV00084,C,Z14,half_back_positioned_in_Z17
check_away,shot_stopper,MOVEMENT,defensive_response_available_is_recover_goal_side,medium,defender anticipates the movement pattern and delays commitment rather than reacting immediately,shot_stopper gains separation or space value in Z16,offensive_transition,execute a check away from Z13 to manipulate marker positioning toward Z16,mistimed execution allows the defender to recover before the movement completes,MV00085,C,Z16,shot_stopper_positioned_in_Z13
blind_side_run,advanced_playmaker,MOVEMENT,defensive_response_available_is_hand_over_marking,medium,defender anticipates the movement pattern and delays commitment rather than reacting immediately,advanced_playmaker gains separation or space value in Z19,set_piece,execute a blind side run from Z28 to manipulate marker positioning toward Z19,mistimed execution allows the defender to recover before the movement completes,MV00086,C,Z19,advanced_playmaker_positioned_in_Z28
occupy,deep_lying_forward,MOVEMENT,defensive_response_available_is_hand_over_marking,medium,defender anticipates the movement pattern and delays commitment rather than reacting immediately,deep_lying_forward gains separation or space value in Z10,set_piece,execute a occupy from Z21 to manipulate marker positioning toward Z10,mistimed execution allows the defender to recover before the movement completes,MV00087,C,Z10,deep_lying_forward_positioned_in_Z21
blind_side_run,advanced_playmaker,MOVEMENT,defensive_response_available_is_recover_goal_side,medium,defender anticipates the movement pattern and delays commitment rather than reacting immediately,advanced_playmaker gains separation or space value in Z29,defensive_transition,execute a blind side run from Z15 to manipulate marker positioning toward Z29,mistimed execution allows the defender to recover before the movement completes,MV00088,C,Z29,advanced_playmaker_positioned_in_Z15
curved_run,pressing_forward,MOVEMENT,defensive_response_available_is_shift_across,medium,defender anticipates the movement pattern and delays commitment rather than reacting immediately,pressing_forward gains separation or space value in Z15,defensive_organisation,execute a curved run from Z28 to manipulate marker positioning toward Z15,mistimed execution allows the defender to recover before the movement completes,MV00089,C,Z15,pressing_forward_positioned_in_Z28
check_toward_ball,aggressive_gk,MOVEMENT,defensive_response_available_is_step_up_together,medium,defender anticipates the movement pattern and delays commitment rather than reacting immediately,aggressive_gk gains separation or space value in Z4,attacking_organisation,execute a check toward ball from Z18 to manipulate marker positioning toward Z4,mistimed execution allows the defender to recover before the movement completes,MV00090,C,Z4,aggressive_gk_positioned_in_Z18
underlap,mezzala,MOVEMENT,defensive_response_available_is_step_up_together,medium,defender anticipates the movement pattern and delays commitment rather than reacting immediately,mezzala gains separation or space value in Z9,attacking_organisation,execute a underlap from Z10 to manipulate marker positioning toward Z9,mistimed execution allows the defender to recover before the movement completes,MV00091,C,Z9,mezzala_positioned_in_Z10
dummy_run,anchor_man,MOVEMENT,defensive_response_available_is_drop_off,medium,defender anticipates the movement pattern and delays commitment rather than reacting immediately,anchor_man gains separation or space value in Z24,set_piece,execute a dummy run from Z19 to manipulate marker positioning toward Z24,mistimed execution allows the defender to recover before the movement completes,MV00092,C,Z24,anchor_man_positioned_in_Z19
spin,false_fb,MOVEMENT,defensive_response_available_is_step_up_together,medium,defender anticipates the movement pattern and delays commitment rather than reacting immediately,false_fb gains separation or space value in Z24,set_piece,execute a spin from Z20 to manipulate marker positioning toward Z24,mistimed execution allows the defender to recover before the movement completes,MV00093,C,Z24,false_fb_positioned_in_Z20
decoy_run,deep_lying_forward,MOVEMENT,defensive_response_available_is_hold_shape,medium,defender anticipates the movement pattern and delays commitment rather than reacting immediately,deep_lying_forward gains separation or space value in Z5,defensive_organisation,execute a decoy run from Z24 to manipulate marker positioning toward Z5,mistimed execution allows the defender to recover before the movement completes,MV00094,C,Z5,deep_lying_forward_positioned_in_Z24
spin,deep_lying_forward,MOVEMENT,defensive_response_available_is_shift_across,medium,defender anticipates the movement pattern and delays commitment rather than reacting immediately,deep_lying_forward gains separation or space value in Z20,offensive_transition,execute a spin from Z24 to manipulate marker positioning toward Z20,mistimed execution allows the defender to recover before the movement completes,MV00095,C,Z20,deep_lying_forward_positioned_in_Z24
check_away,target_man,MOVEMENT,defensive_response_available_is_step_up_together,medium,defender anticipates the movement pattern and delays commitment rather than reacting immediately,target_man gains separation or space value in Z6,defensive_transition,execute a check away from Z4 to manipulate marker positioning toward Z6,mistimed execution allows the defender to recover before the movement completes,MV00096,C,Z6,target_man_positioned_in_Z4
drop,box_to_box,MOVEMENT,defensive_response_available_is_double_team,medium,defender anticipates the movement pattern and delays commitment rather than reacting immediately,box_to_box gains separation or space value in Z2,set_piece,execute a drop from Z14 to manipulate marker positioning toward Z2,mistimed execution allows the defender to recover before the movement completes,MV00097,C,Z2,box_to_box_positioned_in_Z14
occupy,anchor_man,MOVEMENT,defensive_response_available_is_hold_shape,medium,defender anticipates the movement pattern and delays commitment rather than reacting immediately,anchor_man gains separation or space value in Z18,attacking_organisation,execute a occupy from Z15 to manipulate marker positioning toward Z18,mistimed execution allows the defender to recover before the movement completes,MV00098,C,Z18,anchor_man_positioned_in_Z15
diagonal_run,shot_stopper,MOVEMENT,defensive_response_available_is_step_up_together,medium,defender anticipates the movement pattern and delays commitment rather than reacting immediately,shot_stopper gains separation or space value in Z9,offensive_transition,execute a diagonal run from Z30 to manipulate marker positioning toward Z9,mistimed execution allows the defender to recover before the movement completes,MV00099,C,Z9,shot_stopper_positioned_in_Z30
drop,poacher,MOVEMENT,defensive_response_available_is_double_team,medium,defender anticipates the movement pattern and delays commitment rather than reacting immediately,poacher gains separation or space value in Z16,defensive_organisation,execute a drop from Z6 to manipulate marker positioning toward Z16,mistimed execution allows the defender to recover before the movement completes,MV00100,C,Z16,poacher_positioned_in_Z6
drop,ball_playing_gk,MOVEMENT,defensive_response_available_is_recover_goal_side,medium,defender anticipates the movement pattern and delays commitment rather than reacting immediately,ball_playing_gk gains separation or space value in Z21,defensive_organisation,execute a drop from Z25 to manipulate marker positioning toward Z21,mistimed execution allows the defender to recover before the movement completes,MV00101,C,Z21,ball_playing_gk_positioned_in_Z25
drop,inside_forward,MOVEMENT,defensive_response_available_is_press_immediately,medium,defender anticipates the movement pattern and delays commitment rather than reacting immediately,inside_forward gains separation or space value in Z11,defensive_organisation,execute a drop from Z4 to manipulate marker positioning toward Z11,mistimed execution allows the defender to recover before the movement completes,MV00102,C,Z11,inside_forward_positioned_in_Z4
underlap,box_to_box,MOVEMENT,defensive_response_available_is_shift_across,medium,defender anticipates the movement pattern and delays commitment rather than reacting immediately,box_to_box gains separation or space value in Z12,defensive_transition,execute a underlap from Z29 to manipulate marker positioning toward Z12,mistimed execution allows the defender to recover before the movement completes,MV00103,C,Z12,box_to_box_positioned_in_Z29
diagonal_run,poacher,MOVEMENT,defensive_response_available_is_drop_off,medium,defender anticipates the movement pattern and delays commitment rather than reacting immediately,poacher gains separation or space value in Z1,offensive_transition,execute a diagonal run from Z28 to manipulate marker positioning toward Z1,mistimed execution allows the defender to recover before the movement completes,MV00104,C,Z1,poacher_positioned_in_Z28
double_movement,traditional_winger,MOVEMENT,defensive_response_available_is_drop_off,medium,defender anticipates the movement pattern and delays commitment rather than reacting immediately,traditional_winger gains separation or space value in Z7,set_piece,execute a double movement from Z2 to manipulate marker positioning toward Z7,mistimed execution allows the defender to recover before the movement completes,MV00105,C,Z7,traditional_winger_positioned_in_Z2
check_away,sweeper_keeper,MOVEMENT,defensive_response_available_is_step_up_together,medium,defender anticipates the movement pattern and delays commitment rather than reacting immediately,sweeper_keeper gains separation or space value in Z26,set_piece,execute a check away from Z12 to manipulate marker positioning toward Z26,mistimed execution allows the defender to recover before the movement completes,MV00106,C,Z26,sweeper_keeper_positioned_in_Z12
dummy_run,half_back,MOVEMENT,defensive_response_available_is_drop_off,medium,defender anticipates the movement pattern and delays commitment rather than reacting immediately,half_back gains separation or space value in Z19,offensive_transition,execute a dummy run from Z15 to manipulate marker positioning toward Z19,mistimed execution allows the defender to recover before the movement completes,MV00107,C,Z19,half_back_positioned_in_Z15
straight_run,aggressive_gk,MOVEMENT,defensive_response_available_is_recover_goal_side,medium,defender anticipates the movement pattern and delays commitment rather than reacting immediately,aggressive_gk gains separation or space value in Z19,attacking_organisation,execute a straight run from Z4 to manipulate marker positioning toward Z19,mistimed execution allows the defender to recover before the movement completes,MV00108,C,Z19,aggressive_gk_positioned_in_Z4
underlap,anchor_man,MOVEMENT,defensive_response_available_is_double_team,medium,defender anticipates the movement pattern and delays commitment rather than reacting immediately,anchor_man gains separation or space value in Z3,defensive_organisation,execute a underlap from Z23 to manipulate marker positioning toward Z3,mistimed execution allows the defender to recover before the movement completes,MV00109,C,Z3,anchor_man_positioned_in_Z23
blind_side_run,deep_lying_forward,MOVEMENT,defensive_response_available_is_shift_across,medium,defender anticipates the movement pattern and delays commitment rather than reacting immediately,deep_lying_forward gains separation or space value in Z12,set_piece,execute a blind side run from Z23 to manipulate marker positioning toward Z12,mistimed execution allows the defender to recover before the movement completes,MV00110,C,Z12,deep_lying_forward_positioned_in_Z23
straight_run,wing_back,MOVEMENT,defensive_response_available_is_drop_off,medium,defender anticipates the movement pattern and delays commitment rather than reacting immediately,wing_back gains separation or space value in Z11,defensive_transition,execute a straight run from Z7 to manipulate marker positioning toward Z11,mistimed execution allows the defender to recover before the movement completes,MV00111,C,Z11,wing_back_positioned_in_Z7
drop,advanced_forward,MOVEMENT,defensive_response_available_is_shift_across,medium,defender anticipates the movement pattern and delays commitment rather than reacting immediately,advanced_forward gains separation or space value in Z30,attacking_organisation,execute a drop from Z24 to manipulate marker positioning toward Z30,mistimed execution allows the defender to recover before the movement completes,MV00112,C,Z30,advanced_forward_positioned_in_Z24
overlap,deep_lying_forward,MOVEMENT,defensive_response_available_is_step_up_together,medium,defender anticipates the movement pattern and delays commitment rather than reacting immediately,deep_lying_forward gains separation or space value in Z16,set_piece,execute a overlap from Z3 to manipulate marker positioning toward Z16,mistimed execution allows the defender to recover before the movement completes,MV00113,C,Z16,deep_lying_forward_positioned_in_Z3
dummy_run,pressing_forward,MOVEMENT,defensive_response_available_is_hand_over_marking,medium,defender anticipates the movement pattern and delays commitment rather than reacting immediately,pressing_forward gains separation or space value in Z8,attacking_organisation,execute a dummy run from Z25 to manipulate marker positioning toward Z8,mistimed execution allows the defender to recover before the movement completes,MV00114,C,Z8,pressing_forward_positioned_in_Z25
underlap,shadow_striker,MOVEMENT,defensive_response_available_is_shift_across,medium,defender anticipates the movement pattern and delays commitment rather than reacting immediately,shadow_striker gains separation or space value in Z14,defensive_transition,execute a underlap from Z23 to manipulate marker positioning toward Z14,mistimed execution allows the defender to recover before the movement completes,MV00115,C,Z14,shadow_striker_positioned_in_Z23
pin,ball_playing_cb,MOVEMENT,defensive_response_available_is_step_up_together,medium,defender anticipates the movement pattern and delays commitment rather than reacting immediately,ball_playing_cb gains separation or space value in Z2,attacking_organisation,execute a pin from Z21 to manipulate marker positioning toward Z2,mistimed execution allows the defender to recover before the movement completes,MV00116,C,Z2,ball_playing_cb_positioned_in_Z21
inversion,full_back,MOVEMENT,defensive_response_available_is_step_up_together,medium,defender anticipates the movement pattern and delays commitment rather than reacting immediately,full_back gains separation or space value in Z19,defensive_organisation,execute a inversion from Z12 to manipulate marker positioning toward Z19,mistimed execution allows the defender to recover before the movement completes,MV00117,C,Z19,full_back_positioned_in_Z12
check_toward_ball,false_nine,MOVEMENT,defensive_response_available_is_shift_across,medium,defender anticipates the movement pattern and delays commitment rather than reacting immediately,false_nine gains separation or space value in Z15,attacking_organisation,execute a check toward ball from Z21 to manipulate marker positioning toward Z15,mistimed execution allows the defender to recover before the movement completes,MV00118,C,Z15,false_nine_positioned_in_Z21
decoy_run,raumdeuter,MOVEMENT,defensive_response_available_is_press_immediately,medium,defender anticipates the movement pattern and delays commitment rather than reacting immediately,raumdeuter gains separation or space value in Z3,defensive_organisation,execute a decoy run from Z10 to manipulate marker positioning toward Z3,mistimed execution allows the defender to recover before the movement completes,MV00119,C,Z3,raumdeuter_positioned_in_Z10
straight_run,raumdeuter,MOVEMENT,defensive_response_available_is_recover_goal_side,medium,defender anticipates the movement pattern and delays commitment rather than reacting immediately,raumdeuter gains separation or space value in Z30,defensive_organisation,execute a straight run from Z6 to manipulate marker positioning toward Z30,mistimed execution allows the defender to recover before the movement completes,MV00120,C,Z30,raumdeuter_positioned_in_Z6
inversion,full_back,MOVEMENT,defensive_response_available_is_drop_off,medium,defender anticipates the movement pattern and delays commitment rather than reacting immediately,full_back gains separation or space value in Z3,offensive_transition,execute a inversion from Z5 to manipulate marker positioning toward Z3,mistimed execution allows the defender to recover before the movement completes,MV00121,C,Z3,full_back_positioned_in_Z5
pin,stopper,MOVEMENT,defensive_response_available_is_hand_over_marking,medium,defender anticipates the movement pattern and delays commitment rather than reacting immediately,stopper gains separation or space value in Z5,attacking_organisation,execute a pin from Z17 to manipulate marker positioning toward Z5,mistimed execution allows the defender to recover before the movement completes,MV00122,C,Z5,stopper_positioned_in_Z17
check_toward_ball,number_10,MOVEMENT,defensive_response_available_is_shift_across,medium,defender anticipates the movement pattern and delays commitment rather than reacting immediately,number_10 gains separation or space value in Z18,offensive_transition,execute a check toward ball from Z23 to manipulate marker positioning toward Z18,mistimed execution allows the defender to recover before the movement completes,MV00123,C,Z18,number_10_positioned_in_Z23
vacate,box_to_box,MOVEMENT,defensive_response_available_is_recover_goal_side,medium,defender anticipates the movement pattern and delays commitment rather than reacting immediately,box_to_box gains separation or space value in Z16,defensive_transition,execute a vacate from Z18 to manipulate marker positioning toward Z16,mistimed execution allows the defender to recover before the movement completes,MV00124,C,Z16,box_to_box_positioned_in_Z18
occupy,anchor_man,MOVEMENT,defensive_response_available_is_press_immediately,medium,defender anticipates the movement pattern and delays commitment rather than reacting immediately,anchor_man gains separation or space value in Z26,offensive_transition,execute a occupy from Z7 to manipulate marker positioning toward Z26,mistimed execution allows the defender to recover before the movement completes,MV00125,C,Z26,anchor_man_positioned_in_Z7
curved_run,number_10,MOVEMENT,defensive_response_available_is_hand_over_marking,medium,defender anticipates the movement pattern and delays commitment rather than reacting immediately,number_10 gains separation or space value in Z28,offensive_transition,execute a curved run from Z15 to manipulate marker positioning toward Z28,mistimed execution allows the defender to recover before the movement completes,MV00126,C,Z28,number_10_positioned_in_Z15
support_run,stopper,MOVEMENT,defensive_response_available_is_hand_over_marking,medium,defender anticipates the movement pattern and delays commitment rather than reacting immediately,stopper gains separation or space value in Z14,attacking_organisation,execute a support run from Z13 to manipulate marker positioning toward Z14,mistimed execution allows the defender to recover before the movement completes,MV00127,C,Z14,stopper_positioned_in_Z13
check_toward_ball,inverted_fb,MOVEMENT,defensive_response_available_is_step_up_together,medium,defender anticipates the movement pattern and delays commitment rather than reacting immediately,inverted_fb gains separation or space value in Z21,defensive_organisation,execute a check toward ball from Z26 to manipulate marker positioning toward Z21,mistimed execution allows the defender to recover before the movement completes,MV00128,C,Z21,inverted_fb_positioned_in_Z26
drop,false_nine,MOVEMENT,defensive_response_available_is_press_immediately,medium,defender anticipates the movement pattern and delays commitment rather than reacting immediately,false_nine gains separation or space value in Z15,defensive_transition,execute a drop from Z23 to manipulate marker positioning toward Z15,mistimed execution allows the defender to recover before the movement completes,MV00129,C,Z15,false_nine_positioned_in_Z23
support_run,advanced_forward,MOVEMENT,defensive_response_available_is_recover_goal_side,medium,defender anticipates the movement pattern and delays commitment rather than reacting immediately,advanced_forward gains separation or space value in Z29,offensive_transition,execute a support run from Z15 to manipulate marker positioning toward Z29,mistimed execution allows the defender to recover before the movement completes,MV00130,C,Z29,advanced_forward_positioned_in_Z15
underlap,trequartista,MOVEMENT,defensive_response_available_is_drop_off,medium,defender anticipates the movement pattern and delays commitment rather than reacting immediately,trequartista gains separation or space value in Z28,attacking_organisation,execute a underlap from Z20 to manipulate marker positioning toward Z28,mistimed execution allows the defender to recover before the movement completes,MV00131,C,Z28,trequartista_positioned_in_Z20
underlap,target_man,MOVEMENT,defensive_response_available_is_double_team,medium,defender anticipates the movement pattern and delays commitment rather than reacting immediately,target_man gains separation or space value in Z20,attacking_organisation,execute a underlap from Z29 to manipulate marker positioning toward Z20,mistimed execution allows the defender to recover before the movement completes,MV00132,C,Z20,target_man_positioned_in_Z29
blind_side_run,complete_forward,MOVEMENT,defensive_response_available_is_double_team,medium,defender anticipates the movement pattern and delays commitment rather than reacting immediately,complete_forward gains separation or space value in Z9,attacking_organisation,execute a blind side run from Z1 to manipulate marker positioning toward Z9,mistimed execution allows the defender to recover before the movement completes,MV00133,C,Z9,complete_forward_positioned_in_Z1
check_toward_ball,complete_forward,MOVEMENT,defensive_response_available_is_hand_over_marking,medium,defender anticipates the movement pattern and delays commitment rather than reacting immediately,complete_forward gains separation or space value in Z16,defensive_organisation,execute a check toward ball from Z20 to manipulate marker positioning toward Z16,mistimed execution allows the defender to recover before the movement completes,MV00134,C,Z16,complete_forward_positioned_in_Z20
drift,cover_defender,MOVEMENT,defensive_response_available_is_hand_over_marking,medium,defender anticipates the movement pattern and delays commitment rather than reacting immediately,cover_defender gains separation or space value in Z16,defensive_organisation,execute a drift from Z18 to manipulate marker positioning toward Z16,mistimed execution allows the defender to recover before the movement completes,MV00135,C,Z16,cover_defender_positioned_in_Z18
check_toward_ball,target_man,MOVEMENT,defensive_response_available_is_recover_goal_side,medium,defender anticipates the movement pattern and delays commitment rather than reacting immediately,target_man gains separation or space value in Z8,offensive_transition,execute a check toward ball from Z16 to manipulate marker positioning toward Z8,mistimed execution allows the defender to recover before the movement completes,MV00136,C,Z8,target_man_positioned_in_Z16
decoy_run,ball_playing_gk,MOVEMENT,defensive_response_available_is_recover_goal_side,medium,defender anticipates the movement pattern and delays commitment rather than reacting immediately,ball_playing_gk gains separation or space value in Z3,defensive_transition,execute a decoy run from Z22 to manipulate marker positioning toward Z3,mistimed execution allows the defender to recover before the movement completes,MV00137,C,Z3,ball_playing_gk_positioned_in_Z22
curved_run,ball_playing_gk,MOVEMENT,defensive_response_available_is_step_up_together,medium,defender anticipates the movement pattern and delays commitment rather than reacting immediately,ball_playing_gk gains separation or space value in Z18,defensive_organisation,execute a curved run from Z22 to manipulate marker positioning toward Z18,mistimed execution allows the defender to recover before the movement completes,MV00138,C,Z18,ball_playing_gk_positioned_in_Z22
double_movement,aggressive_gk,MOVEMENT,defensive_response_available_is_step_up_together,medium,defender anticipates the movement pattern and delays commitment rather than reacting immediately,aggressive_gk gains separation or space value in Z11,attacking_organisation,execute a double movement from Z15 to manipulate marker positioning toward Z11,mistimed execution allows the defender to recover before the movement completes,MV00139,C,Z11,aggressive_gk_positioned_in_Z15
pin,defensive_winger,MOVEMENT,defensive_response_available_is_step_up_together,medium,defender anticipates the movement pattern and delays commitment rather than reacting immediately,defensive_winger gains separation or space value in Z28,defensive_transition,execute a pin from Z18 to manipulate marker positioning toward Z28,mistimed execution allows the defender to recover before the movement completes,MV00140,C,Z28,defensive_winger_positioned_in_Z18
overlap,wide_cb,MOVEMENT,defensive_response_available_is_shift_across,medium,defender anticipates the movement pattern and delays commitment rather than reacting immediately,wide_cb gains separation or space value in Z14,defensive_transition,execute a overlap from Z3 to manipulate marker positioning toward Z14,mistimed execution allows the defender to recover before the movement completes,MV00141,C,Z14,wide_cb_positioned_in_Z3
double_movement,trequartista,MOVEMENT,defensive_response_available_is_recover_goal_side,medium,defender anticipates the movement pattern and delays commitment rather than reacting immediately,trequartista gains separation or space value in Z18,defensive_transition,execute a double movement from Z12 to manipulate marker positioning toward Z18,mistimed execution allows the defender to recover before the movement completes,MV00142,C,Z18,trequartista_positioned_in_Z12
check_away,wide_cb,MOVEMENT,defensive_response_available_is_double_team,medium,defender anticipates the movement pattern and delays commitment rather than reacting immediately,wide_cb gains separation or space value in Z24,defensive_transition,execute a check away from Z8 to manipulate marker positioning toward Z24,mistimed execution allows the defender to recover before the movement completes,MV00143,C,Z24,wide_cb_positioned_in_Z8
check_away,wide_playmaker,MOVEMENT,defensive_response_available_is_step_up_together,medium,defender anticipates the movement pattern and delays commitment rather than reacting immediately,wide_playmaker gains separation or space value in Z24,defensive_transition,execute a check away from Z16 to manipulate marker positioning toward Z24,mistimed execution allows the defender to recover before the movement completes,MV00144,C,Z24,wide_playmaker_positioned_in_Z16
decoy_run,aggressive_gk,MOVEMENT,defensive_response_available_is_hand_over_marking,medium,defender anticipates the movement pattern and delays commitment rather than reacting immediately,aggressive_gk gains separation or space value in Z29,defensive_organisation,execute a decoy run from Z9 to manipulate marker positioning toward Z29,mistimed execution allows the defender to recover before the movement completes,MV00145,C,Z29,aggressive_gk_positioned_in_Z9
check_toward_ball,ball_playing_gk,MOVEMENT,defensive_response_available_is_hold_shape,medium,defender anticipates the movement pattern and delays commitment rather than reacting immediately,ball_playing_gk gains separation or space value in Z3,set_piece,execute a check toward ball from Z15 to manipulate marker positioning toward Z3,mistimed execution allows the defender to recover before the movement completes,MV00146,C,Z3,ball_playing_gk_positioned_in_Z15
pin,sweeper_keeper,MOVEMENT,defensive_response_available_is_hold_shape,medium,defender anticipates the movement pattern and delays commitment rather than reacting immediately,sweeper_keeper gains separation or space value in Z30,defensive_transition,execute a pin from Z11 to manipulate marker positioning toward Z30,mistimed execution allows the defender to recover before the movement completes,MV00147,C,Z30,sweeper_keeper_positioned_in_Z11
pin,wide_cb,MOVEMENT,defensive_response_available_is_hand_over_marking,medium,defender anticipates the movement pattern and delays commitment rather than reacting immediately,wide_cb gains separation or space value in Z17,offensive_transition,execute a pin from Z19 to manipulate marker positioning toward Z17,mistimed execution allows the defender to recover before the movement completes,MV00148,C,Z17,wide_cb_positioned_in_Z19
double_movement,pressing_forward,MOVEMENT,defensive_response_available_is_drop_off,medium,defender anticipates the movement pattern and delays commitment rather than reacting immediately,pressing_forward gains separation or space value in Z16,defensive_transition,execute a double movement from Z30 to manipulate marker positioning toward Z16,mistimed execution allows the defender to recover before the movement completes,MV00149,C,Z16,pressing_forward_positioned_in_Z30
check_away,ball_playing_cb,MOVEMENT,defensive_response_available_is_shift_across,medium,defender anticipates the movement pattern and delays commitment rather than reacting immediately,ball_playing_cb gains separation or space value in Z22,defensive_organisation,execute a check away from Z24 to manipulate marker positioning toward Z22,mistimed execution allows the defender to recover before the movement completes,MV00150,C,Z22,ball_playing_cb_positioned_in_Z24
blind_side_run,anchor_man,MOVEMENT,defensive_response_available_is_double_team,medium,defender anticipates the movement pattern and delays commitment rather than reacting immediately,anchor_man gains separation or space value in Z21,defensive_organisation,execute a blind side run from Z26 to manipulate marker positioning toward Z21,mistimed execution allows the defender to recover before the movement completes,MV00151,C,Z21,anchor_man_positioned_in_Z26
blind_side_run,stopper,MOVEMENT,defensive_response_available_is_recover_goal_side,medium,defender anticipates the movement pattern and delays commitment rather than reacting immediately,stopper gains separation or space value in Z1,attacking_organisation,execute a blind side run from Z9 to manipulate marker positioning toward Z1,mistimed execution allows the defender to recover before the movement completes,MV00152,C,Z1,stopper_positioned_in_Z9
pin,ball_winning_midfielder,MOVEMENT,defensive_response_available_is_hand_over_marking,medium,defender anticipates the movement pattern and delays commitment rather than reacting immediately,ball_winning_midfielder gains separation or space value in Z4,set_piece,execute a pin from Z25 to manipulate marker positioning toward Z4,mistimed execution allows the defender to recover before the movement completes,MV00153,C,Z4,ball_winning_midfielder_positioned_in_Z25
overlap,ball_winning_midfielder,MOVEMENT,defensive_response_available_is_hold_shape,medium,defender anticipates the movement pattern and delays commitment rather than reacting immediately,ball_winning_midfielder gains separation or space value in Z17,set_piece,execute a overlap from Z26 to manipulate marker positioning toward Z17,mistimed execution allows the defender to recover before the movement completes,MV00154,C,Z17,ball_winning_midfielder_positioned_in_Z26
occupy,ball_playing_cb,MOVEMENT,defensive_response_available_is_step_up_together,medium,defender anticipates the movement pattern and delays commitment rather than reacting immediately,ball_playing_cb gains separation or space value in Z11,defensive_organisation,execute a occupy from Z10 to manipulate marker positioning toward Z11,mistimed execution allows the defender to recover before the movement completes,MV00155,C,Z11,ball_playing_cb_positioned_in_Z10
dummy_run,segundo_volante,MOVEMENT,defensive_response_available_is_hand_over_marking,medium,defender anticipates the movement pattern and delays commitment rather than reacting immediately,segundo_volante gains separation or space value in Z8,offensive_transition,execute a dummy run from Z9 to manipulate marker positioning toward Z8,mistimed execution allows the defender to recover before the movement completes,MV00156,C,Z8,segundo_volante_positioned_in_Z9
occupy,ball_playing_gk,MOVEMENT,defensive_response_available_is_hand_over_marking,medium,defender anticipates the movement pattern and delays commitment rather than reacting immediately,ball_playing_gk gains separation or space value in Z27,defensive_organisation,execute a occupy from Z1 to manipulate marker positioning toward Z27,mistimed execution allows the defender to recover before the movement completes,MV00157,C,Z27,ball_playing_gk_positioned_in_Z1
pin,target_man,MOVEMENT,defensive_response_available_is_recover_goal_side,medium,defender anticipates the movement pattern and delays commitment rather than reacting immediately,target_man gains separation or space value in Z2,offensive_transition,execute a pin from Z24 to manipulate marker positioning toward Z2,mistimed execution allows the defender to recover before the movement completes,MV00158,C,Z2,target_man_positioned_in_Z24
diagonal_run,pressing_forward,MOVEMENT,defensive_response_available_is_step_up_together,medium,defender anticipates the movement pattern and delays commitment rather than reacting immediately,pressing_forward gains separation or space value in Z30,defensive_transition,execute a diagonal run from Z5 to manipulate marker positioning toward Z30,mistimed execution allows the defender to recover before the movement completes,MV00159,C,Z30,pressing_forward_positioned_in_Z5
spin,poacher,MOVEMENT,defensive_response_available_is_drop_off,medium,defender anticipates the movement pattern and delays commitment rather than reacting immediately,poacher gains separation or space value in Z4,defensive_organisation,execute a spin from Z17 to manipulate marker positioning toward Z4,mistimed execution allows the defender to recover before the movement completes,MV00160,C,Z4,poacher_positioned_in_Z17
drop,aggressive_gk,MOVEMENT,defensive_response_available_is_hand_over_marking,medium,defender anticipates the movement pattern and delays commitment rather than reacting immediately,aggressive_gk gains separation or space value in Z12,defensive_transition,execute a drop from Z5 to manipulate marker positioning toward Z12,mistimed execution allows the defender to recover before the movement completes,MV00161,C,Z12,aggressive_gk_positioned_in_Z5
rotation,inside_forward,MOVEMENT,defensive_response_available_is_step_up_together,medium,defender anticipates the movement pattern and delays commitment rather than reacting immediately,inside_forward gains separation or space value in Z21,offensive_transition,execute a rotation from Z4 to manipulate marker positioning toward Z21,mistimed execution allows the defender to recover before the movement completes,MV00162,C,Z21,inside_forward_positioned_in_Z4
rotation,complete_forward,MOVEMENT,defensive_response_available_is_step_up_together,medium,defender anticipates the movement pattern and delays commitment rather than reacting immediately,complete_forward gains separation or space value in Z12,offensive_transition,execute a rotation from Z17 to manipulate marker positioning toward Z12,mistimed execution allows the defender to recover before the movement completes,MV00163,C,Z12,complete_forward_positioned_in_Z17
drift,half_back,MOVEMENT,defensive_response_available_is_hand_over_marking,medium,defender anticipates the movement pattern and delays commitment rather than reacting immediately,half_back gains separation or space value in Z1,defensive_transition,execute a drift from Z15 to manipulate marker positioning toward Z1,mistimed execution allows the defender to recover before the movement completes,MV00164,C,Z1,half_back_positioned_in_Z15
drop,complete_forward,MOVEMENT,defensive_response_available_is_drop_off,medium,defender anticipates the movement pattern and delays commitment rather than reacting immediately,complete_forward gains separation or space value in Z27,offensive_transition,execute a drop from Z5 to manipulate marker positioning toward Z27,mistimed execution allows the defender to recover before the movement completes,MV00165,C,Z27,complete_forward_positioned_in_Z5
vacate,attacking_fb,MOVEMENT,defensive_response_available_is_drop_off,medium,defender anticipates the movement pattern and delays commitment rather than reacting immediately,attacking_fb gains separation or space value in Z25,attacking_organisation,execute a vacate from Z28 to manipulate marker positioning toward Z25,mistimed execution allows the defender to recover before the movement completes,MV00166,C,Z25,attacking_fb_positioned_in_Z28
support_run,inside_forward,MOVEMENT,defensive_response_available_is_hold_shape,medium,defender anticipates the movement pattern and delays commitment rather than reacting immediately,inside_forward gains separation or space value in Z23,set_piece,execute a support run from Z17 to manipulate marker positioning toward Z23,mistimed execution allows the defender to recover before the movement completes,MV00167,C,Z23,inside_forward_positioned_in_Z17
support_run,anchor_man,MOVEMENT,defensive_response_available_is_drop_off,medium,defender anticipates the movement pattern and delays commitment rather than reacting immediately,anchor_man gains separation or space value in Z26,defensive_organisation,execute a support run from Z14 to manipulate marker positioning toward Z26,mistimed execution allows the defender to recover before the movement completes,MV00168,C,Z26,anchor_man_positioned_in_Z14
spin,number_10,MOVEMENT,defensive_response_available_is_hold_shape,medium,defender anticipates the movement pattern and delays commitment rather than reacting immediately,number_10 gains separation or space value in Z17,defensive_organisation,execute a spin from Z30 to manipulate marker positioning toward Z17,mistimed execution allows the defender to recover before the movement completes,MV00169,C,Z17,number_10_positioned_in_Z30
pin,aggressive_gk,MOVEMENT,defensive_response_available_is_recover_goal_side,medium,defender anticipates the movement pattern and delays commitment rather than reacting immediately,aggressive_gk gains separation or space value in Z9,attacking_organisation,execute a pin from Z4 to manipulate marker positioning toward Z9,mistimed execution allows the defender to recover before the movement completes,MV00170,C,Z9,aggressive_gk_positioned_in_Z4
straight_run,defensive_winger,MOVEMENT,defensive_response_available_is_press_immediately,medium,defender anticipates the movement pattern and delays commitment rather than reacting immediately,defensive_winger gains separation or space value in Z9,offensive_transition,execute a straight run from Z6 to manipulate marker positioning toward Z9,mistimed execution allows the defender to recover before the movement completes,MV00171,C,Z9,defensive_winger_positioned_in_Z6
curved_run,regista,MOVEMENT,defensive_response_available_is_hand_over_marking,medium,defender anticipates the movement pattern and delays commitment rather than reacting immediately,regista gains separation or space value in Z12,set_piece,execute a curved run from Z6 to manipulate marker positioning toward Z12,mistimed execution allows the defender to recover before the movement completes,MV00172,C,Z12,regista_positioned_in_Z6
spin,destroyer,MOVEMENT,defensive_response_available_is_step_up_together,medium,defender anticipates the movement pattern and delays commitment rather than reacting immediately,destroyer gains separation or space value in Z18,set_piece,execute a spin from Z12 to manipulate marker positioning toward Z18,mistimed execution allows the defender to recover before the movement completes,MV00173,C,Z18,destroyer_positioned_in_Z12
run_in_behind,pressing_forward,MOVEMENT,defensive_response_available_is_hand_over_marking,medium,defender anticipates the movement pattern and delays commitment rather than reacting immediately,pressing_forward gains separation or space value in Z25,attacking_organisation,execute a run in behind from Z23 to manipulate marker positioning toward Z25,mistimed execution allows the defender to recover before the movement completes,MV00174,C,Z25,pressing_forward_positioned_in_Z23
drop,aggressive_gk,MOVEMENT,defensive_response_available_is_shift_across,medium,defender anticipates the movement pattern and delays commitment rather than reacting immediately,aggressive_gk gains separation or space value in Z19,defensive_transition,execute a drop from Z28 to manipulate marker positioning toward Z19,mistimed execution allows the defender to recover before the movement completes,MV00175,C,Z19,aggressive_gk_positioned_in_Z28
run_in_behind,box_to_box,MOVEMENT,defensive_response_available_is_hand_over_marking,medium,defender anticipates the movement pattern and delays commitment rather than reacting immediately,box_to_box gains separation or space value in Z14,defensive_transition,execute a run in behind from Z7 to manipulate marker positioning toward Z14,mistimed execution allows the defender to recover before the movement completes,MV00176,C,Z14,box_to_box_positioned_in_Z7
check_toward_ball,segundo_volante,MOVEMENT,defensive_response_available_is_double_team,medium,defender anticipates the movement pattern and delays commitment rather than reacting immediately,segundo_volante gains separation or space value in Z29,attacking_organisation,execute a check toward ball from Z2 to manipulate marker positioning toward Z29,mistimed execution allows the defender to recover before the movement completes,MV00177,C,Z29,segundo_volante_positioned_in_Z2
diagonal_run,full_back,MOVEMENT,defensive_response_available_is_drop_off,medium,defender anticipates the movement pattern and delays commitment rather than reacting immediately,full_back gains separation or space value in Z29,attacking_organisation,execute a diagonal run from Z11 to manipulate marker positioning toward Z29,mistimed execution allows the defender to recover before the movement completes,MV00178,C,Z29,full_back_positioned_in_Z11
underlap,complete_forward,MOVEMENT,defensive_response_available_is_drop_off,medium,defender anticipates the movement pattern and delays commitment rather than reacting immediately,complete_forward gains separation or space value in Z2,defensive_organisation,execute a underlap from Z19 to manipulate marker positioning toward Z2,mistimed execution allows the defender to recover before the movement completes,MV00179,C,Z2,complete_forward_positioned_in_Z19
diagonal_run,complete_forward,MOVEMENT,defensive_response_available_is_hand_over_marking,medium,defender anticipates the movement pattern and delays commitment rather than reacting immediately,complete_forward gains separation or space value in Z6,offensive_transition,execute a diagonal run from Z17 to manipulate marker positioning toward Z6,mistimed execution allows the defender to recover before the movement completes,MV00180,C,Z6,complete_forward_positioned_in_Z17
occupy,ball_winning_midfielder,MOVEMENT,defensive_response_available_is_drop_off,medium,defender anticipates the movement pattern and delays commitment rather than reacting immediately,ball_winning_midfielder gains separation or space value in Z7,offensive_transition,execute a occupy from Z25 to manipulate marker positioning toward Z7,mistimed execution allows the defender to recover before the movement completes,MV00181,C,Z7,ball_winning_midfielder_positioned_in_Z25
check_away,complete_wing_back,MOVEMENT,defensive_response_available_is_press_immediately,medium,defender anticipates the movement pattern and delays commitment rather than reacting immediately,complete_wing_back gains separation or space value in Z27,defensive_organisation,execute a check away from Z16 to manipulate marker positioning toward Z27,mistimed execution allows the defender to recover before the movement completes,MV00182,C,Z27,complete_wing_back_positioned_in_Z16
occupy,aggressive_gk,MOVEMENT,defensive_response_available_is_drop_off,medium,defender anticipates the movement pattern and delays commitment rather than reacting immediately,aggressive_gk gains separation or space value in Z29,attacking_organisation,execute a occupy from Z2 to manipulate marker positioning toward Z29,mistimed execution allows the defender to recover before the movement completes,MV00183,C,Z29,aggressive_gk_positioned_in_Z2
drop,deep_lying_forward,MOVEMENT,defensive_response_available_is_shift_across,medium,defender anticipates the movement pattern and delays commitment rather than reacting immediately,deep_lying_forward gains separation or space value in Z24,defensive_transition,execute a drop from Z15 to manipulate marker positioning toward Z24,mistimed execution allows the defender to recover before the movement completes,MV00184,C,Z24,deep_lying_forward_positioned_in_Z15
double_movement,ball_winning_midfielder,MOVEMENT,defensive_response_available_is_recover_goal_side,medium,defender anticipates the movement pattern and delays commitment rather than reacting immediately,ball_winning_midfielder gains separation or space value in Z10,set_piece,execute a double movement from Z17 to manipulate marker positioning toward Z10,mistimed execution allows the defender to recover before the movement completes,MV00185,C,Z10,ball_winning_midfielder_positioned_in_Z17
decoy_run,target_man,MOVEMENT,defensive_response_available_is_hold_shape,medium,defender anticipates the movement pattern and delays commitment rather than reacting immediately,target_man gains separation or space value in Z1,defensive_organisation,execute a decoy run from Z7 to manipulate marker positioning toward Z1,mistimed execution allows the defender to recover before the movement completes,MV00186,C,Z1,target_man_positioned_in_Z7
blind_side_run,defensive_winger,MOVEMENT,defensive_response_available_is_recover_goal_side,medium,defender anticipates the movement pattern and delays commitment rather than reacting immediately,defensive_winger gains separation or space value in Z5,attacking_organisation,execute a blind side run from Z27 to manipulate marker positioning toward Z5,mistimed execution allows the defender to recover before the movement completes,MV00187,C,Z5,defensive_winger_positioned_in_Z27
straight_run,complete_forward,MOVEMENT,defensive_response_available_is_press_immediately,medium,defender anticipates the movement pattern and delays commitment rather than reacting immediately,complete_forward gains separation or space value in Z2,attacking_organisation,execute a straight run from Z18 to manipulate marker positioning toward Z2,mistimed execution allows the defender to recover before the movement completes,MV00188,C,Z2,complete_forward_positioned_in_Z18
check_toward_ball,complete_forward,MOVEMENT,defensive_response_available_is_press_immediately,medium,defender anticipates the movement pattern and delays commitment rather than reacting immediately,complete_forward gains separation or space value in Z6,attacking_organisation,execute a check toward ball from Z13 to manipulate marker positioning toward Z6,mistimed execution allows the defender to recover before the movement completes,MV00189,C,Z6,complete_forward_positioned_in_Z13
pin,sweeper_keeper,MOVEMENT,defensive_response_available_is_hold_shape,medium,defender anticipates the movement pattern and delays commitment rather than reacting immediately,sweeper_keeper gains separation or space value in Z4,set_piece,execute a pin from Z22 to manipulate marker positioning toward Z4,mistimed execution allows the defender to recover before the movement completes,MV00190,C,Z4,sweeper_keeper_positioned_in_Z22
support_run,defensive_winger,MOVEMENT,defensive_response_available_is_shift_across,medium,defender anticipates the movement pattern and delays commitment rather than reacting immediately,defensive_winger gains separation or space value in Z19,set_piece,execute a support run from Z17 to manipulate marker positioning toward Z19,mistimed execution allows the defender to recover before the movement completes,MV00191,C,Z19,defensive_winger_positioned_in_Z17
check_away,destroyer,MOVEMENT,defensive_response_available_is_hand_over_marking,medium,defender anticipates the movement pattern and delays commitment rather than reacting immediately,destroyer gains separation or space value in Z3,attacking_organisation,execute a check away from Z5 to manipulate marker positioning toward Z3,mistimed execution allows the defender to recover before the movement completes,MV00192,C,Z3,destroyer_positioned_in_Z5
inversion,pressing_forward,MOVEMENT,defensive_response_available_is_press_immediately,medium,defender anticipates the movement pattern and delays commitment rather than reacting immediately,pressing_forward gains separation or space value in Z2,attacking_organisation,execute a inversion from Z18 to manipulate marker positioning toward Z2,mistimed execution allows the defender to recover before the movement completes,MV00193,C,Z2,pressing_forward_positioned_in_Z18
spin,complete_forward,MOVEMENT,defensive_response_available_is_drop_off,medium,defender anticipates the movement pattern and delays commitment rather than reacting immediately,complete_forward gains separation or space value in Z10,defensive_transition,execute a spin from Z16 to manipulate marker positioning toward Z10,mistimed execution allows the defender to recover before the movement completes,MV00194,C,Z10,complete_forward_positioned_in_Z16
diagonal_run,full_back,MOVEMENT,defensive_response_available_is_hold_shape,medium,defender anticipates the movement pattern and delays commitment rather than reacting immediately,full_back gains separation or space value in Z9,attacking_organisation,execute a diagonal run from Z5 to manipulate marker positioning toward Z9,mistimed execution allows the defender to recover before the movement completes,MV00195,C,Z9,full_back_positioned_in_Z5
drift,defensive_winger,MOVEMENT,defensive_response_available_is_hold_shape,medium,defender anticipates the movement pattern and delays commitment rather than reacting immediately,defensive_winger gains separation or space value in Z25,attacking_organisation,execute a drift from Z13 to manipulate marker positioning toward Z25,mistimed execution allows the defender to recover before the movement completes,MV00196,C,Z25,defensive_winger_positioned_in_Z13
support_run,ball_playing_gk,MOVEMENT,defensive_response_available_is_recover_goal_side,medium,defender anticipates the movement pattern and delays commitment rather than reacting immediately,ball_playing_gk gains separation or space value in Z26,set_piece,execute a support run from Z3 to manipulate marker positioning toward Z26,mistimed execution allows the defender to recover before the movement completes,MV00197,C,Z26,ball_playing_gk_positioned_in_Z3
overlap,ball_playing_gk,MOVEMENT,defensive_response_available_is_recover_goal_side,medium,defender anticipates the movement pattern and delays commitment rather than reacting immediately,ball_playing_gk gains separation or space value in Z2,attacking_organisation,execute a overlap from Z4 to manipulate marker positioning toward Z2,mistimed execution allows the defender to recover before the movement completes,MV00198,C,Z2,ball_playing_gk_positioned_in_Z4
dummy_run,raumdeuter,MOVEMENT,defensive_response_available_is_double_team,medium,defender anticipates the movement pattern and delays commitment rather than reacting immediately,raumdeuter gains separation or space value in Z30,defensive_organisation,execute a dummy run from Z7 to manipulate marker positioning toward Z30,mistimed execution allows the defender to recover before the movement completes,MV00199,C,Z30,raumdeuter_positioned_in_Z7
dummy_run,segundo_volante,MOVEMENT,defensive_response_available_is_shift_across,medium,defender anticipates the movement pattern and delays commitment rather than reacting immediately,segundo_volante gains separation or space value in Z23,set_piece,execute a dummy run from Z7 to manipulate marker positioning toward Z23,mistimed execution allows the defender to recover before the movement completes,MV00200,C,Z23,segundo_volante_positioned_in_Z7
straight_run,wide_playmaker,MOVEMENT,defensive_response_available_is_hand_over_marking,medium,defender anticipates the movement pattern and delays commitment rather than reacting immediately,wide_playmaker gains separation or space value in Z25,set_piece,execute a straight run from Z19 to manipulate marker positioning toward Z25,mistimed execution allows the defender to recover before the movement completes,MV00201,C,Z25,wide_playmaker_positioned_in_Z19
overlap,wide_target_man,MOVEMENT,defensive_response_available_is_hand_over_marking,medium,defender anticipates the movement pattern and delays commitment rather than reacting immediately,wide_target_man gains separation or space value in Z4,set_piece,execute a overlap from Z22 to manipulate marker positioning toward Z4,mistimed execution allows the defender to recover before the movement completes,MV00202,C,Z4,wide_target_man_positioned_in_Z22
spin,ball_playing_cb,MOVEMENT,defensive_response_available_is_double_team,medium,defender anticipates the movement pattern and delays commitment rather than reacting immediately,ball_playing_cb gains separation or space value in Z29,defensive_transition,execute a spin from Z7 to manipulate marker positioning toward Z29,mistimed execution allows the defender to recover before the movement completes,MV00203,C,Z29,ball_playing_cb_positioned_in_Z7
drift,wide_cb,MOVEMENT,defensive_response_available_is_shift_across,medium,defender anticipates the movement pattern and delays commitment rather than reacting immediately,wide_cb gains separation or space value in Z29,offensive_transition,execute a drift from Z2 to manipulate marker positioning toward Z29,mistimed execution allows the defender to recover before the movement completes,MV00204,C,Z29,wide_cb_positioned_in_Z2
curved_run,sweeper_keeper,MOVEMENT,defensive_response_available_is_drop_off,medium,defender anticipates the movement pattern and delays commitment rather than reacting immediately,sweeper_keeper gains separation or space value in Z22,attacking_organisation,execute a curved run from Z1 to manipulate marker positioning toward Z22,mistimed execution allows the defender to recover before the movement completes,MV00205,C,Z22,sweeper_keeper_positioned_in_Z1
vacate,pressing_forward,MOVEMENT,defensive_response_available_is_double_team,medium,defender anticipates the movement pattern and delays commitment rather than reacting immediately,pressing_forward gains separation or space value in Z7,defensive_transition,execute a vacate from Z30 to manipulate marker positioning toward Z7,mistimed execution allows the defender to recover before the movement completes,MV00206,C,Z7,pressing_forward_positioned_in_Z30
rotation,ball_playing_cb,MOVEMENT,defensive_response_available_is_step_up_together,medium,defender anticipates the movement pattern and delays commitment rather than reacting immediately,ball_playing_cb gains separation or space value in Z9,offensive_transition,execute a rotation from Z4 to manipulate marker positioning toward Z9,mistimed execution allows the defender to recover before the movement completes,MV00207,C,Z9,ball_playing_cb_positioned_in_Z4
curved_run,advanced_forward,MOVEMENT,defensive_response_available_is_shift_across,medium,defender anticipates the movement pattern and delays commitment rather than reacting immediately,advanced_forward gains separation or space value in Z24,attacking_organisation,execute a curved run from Z11 to manipulate marker positioning toward Z24,mistimed execution allows the defender to recover before the movement completes,MV00208,C,Z24,advanced_forward_positioned_in_Z11
spin,aggressive_gk,MOVEMENT,defensive_response_available_is_hold_shape,medium,defender anticipates the movement pattern and delays commitment rather than reacting immediately,aggressive_gk gains separation or space value in Z17,defensive_organisation,execute a spin from Z11 to manipulate marker positioning toward Z17,mistimed execution allows the defender to recover before the movement completes,MV00209,C,Z17,aggressive_gk_positioned_in_Z11
dummy_run,inverted_winger,MOVEMENT,defensive_response_available_is_hold_shape,medium,defender anticipates the movement pattern and delays commitment rather than reacting immediately,inverted_winger gains separation or space value in Z17,attacking_organisation,execute a dummy run from Z21 to manipulate marker positioning toward Z17,mistimed execution allows the defender to recover before the movement completes,MV00210,C,Z17,inverted_winger_positioned_in_Z21
occupy,number_10,MOVEMENT,defensive_response_available_is_shift_across,medium,defender anticipates the movement pattern and delays commitment rather than reacting immediately,number_10 gains separation or space value in Z5,defensive_transition,execute a occupy from Z25 to manipulate marker positioning toward Z5,mistimed execution allows the defender to recover before the movement completes,MV00211,C,Z5,number_10_positioned_in_Z25
double_movement,shadow_striker,MOVEMENT,defensive_response_available_is_hold_shape,medium,defender anticipates the movement pattern and delays commitment rather than reacting immediately,shadow_striker gains separation or space value in Z24,defensive_organisation,execute a double movement from Z2 to manipulate marker positioning toward Z24,mistimed execution allows the defender to recover before the movement completes,MV00212,C,Z24,shadow_striker_positioned_in_Z2
straight_run,deep_lying_forward,MOVEMENT,defensive_response_available_is_drop_off,medium,defender anticipates the movement pattern and delays commitment rather than reacting immediately,deep_lying_forward gains separation or space value in Z4,defensive_transition,execute a straight run from Z5 to manipulate marker positioning toward Z4,mistimed execution allows the defender to recover before the movement completes,MV00213,C,Z4,deep_lying_forward_positioned_in_Z5
spin,ball_playing_cb,MOVEMENT,defensive_response_available_is_drop_off,medium,defender anticipates the movement pattern and delays commitment rather than reacting immediately,ball_playing_cb gains separation or space value in Z15,attacking_organisation,execute a spin from Z14 to manipulate marker positioning toward Z15,mistimed execution allows the defender to recover before the movement completes,MV00214,C,Z15,ball_playing_cb_positioned_in_Z14
vacate,raumdeuter,MOVEMENT,defensive_response_available_is_hold_shape,medium,defender anticipates the movement pattern and delays commitment rather than reacting immediately,raumdeuter gains separation or space value in Z26,set_piece,execute a vacate from Z1 to manipulate marker positioning toward Z26,mistimed execution allows the defender to recover before the movement completes,MV00215,C,Z26,raumdeuter_positioned_in_Z1
dummy_run,half_back,MOVEMENT,defensive_response_available_is_step_up_together,medium,defender anticipates the movement pattern and delays commitment rather than reacting immediately,half_back gains separation or space value in Z28,defensive_organisation,execute a dummy run from Z8 to manipulate marker positioning toward Z28,mistimed execution allows the defender to recover before the movement completes,MV00216,C,Z28,half_back_positioned_in_Z8
vacate,wing_back,MOVEMENT,defensive_response_available_is_recover_goal_side,medium,defender anticipates the movement pattern and delays commitment rather than reacting immediately,wing_back gains separation or space value in Z30,defensive_organisation,execute a vacate from Z7 to manipulate marker positioning toward Z30,mistimed execution allows the defender to recover before the movement completes,MV00217,C,Z30,wing_back_positioned_in_Z7
overlap,inverted_fb,MOVEMENT,defensive_response_available_is_hold_shape,medium,defender anticipates the movement pattern and delays commitment rather than reacting immediately,inverted_fb gains separation or space value in Z9,defensive_transition,execute a overlap from Z28 to manipulate marker positioning toward Z9,mistimed execution allows the defender to recover before the movement completes,MV00218,C,Z9,inverted_fb_positioned_in_Z28
overlap,number_10,MOVEMENT,defensive_response_available_is_press_immediately,medium,defender anticipates the movement pattern and delays commitment rather than reacting immediately,number_10 gains separation or space value in Z26,attacking_organisation,execute a overlap from Z12 to manipulate marker positioning toward Z26,mistimed execution allows the defender to recover before the movement completes,MV00219,C,Z26,number_10_positioned_in_Z12
check_toward_ball,inverted_winger,MOVEMENT,defensive_response_available_is_press_immediately,medium,defender anticipates the movement pattern and delays commitment rather than reacting immediately,inverted_winger gains separation or space value in Z17,offensive_transition,execute a check toward ball from Z4 to manipulate marker positioning toward Z17,mistimed execution allows the defender to recover before the movement completes,MV00220,C,Z17,inverted_winger_positioned_in_Z4
rotation,sweeper_keeper,MOVEMENT,defensive_response_available_is_recover_goal_side,medium,defender anticipates the movement pattern and delays commitment rather than reacting immediately,sweeper_keeper gains separation or space value in Z2,defensive_transition,execute a rotation from Z12 to manipulate marker positioning toward Z2,mistimed execution allows the defender to recover before the movement completes,MV00221,C,Z2,sweeper_keeper_positioned_in_Z12
run_in_behind,raumdeuter,MOVEMENT,defensive_response_available_is_shift_across,medium,defender anticipates the movement pattern and delays commitment rather than reacting immediately,raumdeuter gains separation or space value in Z19,attacking_organisation,execute a run in behind from Z3 to manipulate marker positioning toward Z19,mistimed execution allows the defender to recover before the movement completes,MV00222,C,Z19,raumdeuter_positioned_in_Z3
pin,aggressive_gk,MOVEMENT,defensive_response_available_is_shift_across,medium,defender anticipates the movement pattern and delays commitment rather than reacting immediately,aggressive_gk gains separation or space value in Z6,offensive_transition,execute a pin from Z8 to manipulate marker positioning toward Z6,mistimed execution allows the defender to recover before the movement completes,MV00223,C,Z6,aggressive_gk_positioned_in_Z8
decoy_run,attacking_fb,MOVEMENT,defensive_response_available_is_double_team,medium,defender anticipates the movement pattern and delays commitment rather than reacting immediately,attacking_fb gains separation or space value in Z23,set_piece,execute a decoy run from Z5 to manipulate marker positioning toward Z23,mistimed execution allows the defender to recover before the movement completes,MV00224,C,Z23,attacking_fb_positioned_in_Z5
blind_side_run,carrilero,MOVEMENT,defensive_response_available_is_hold_shape,medium,defender anticipates the movement pattern and delays commitment rather than reacting immediately,carrilero gains separation or space value in Z27,offensive_transition,execute a blind side run from Z20 to manipulate marker positioning toward Z27,mistimed execution allows the defender to recover before the movement completes,MV00225,C,Z27,carrilero_positioned_in_Z20
dummy_run,trequartista,MOVEMENT,defensive_response_available_is_shift_across,medium,defender anticipates the movement pattern and delays commitment rather than reacting immediately,trequartista gains separation or space value in Z29,set_piece,execute a dummy run from Z24 to manipulate marker positioning toward Z29,mistimed execution allows the defender to recover before the movement completes,MV00226,C,Z29,trequartista_positioned_in_Z24
straight_run,mezzala,MOVEMENT,defensive_response_available_is_hand_over_marking,medium,defender anticipates the movement pattern and delays commitment rather than reacting immediately,mezzala gains separation or space value in Z1,defensive_organisation,execute a straight run from Z25 to manipulate marker positioning toward Z1,mistimed execution allows the defender to recover before the movement completes,MV00227,C,Z1,mezzala_positioned_in_Z25
pin,destroyer,MOVEMENT,defensive_response_available_is_press_immediately,medium,defender anticipates the movement pattern and delays commitment rather than reacting immediately,destroyer gains separation or space value in Z23,offensive_transition,execute a pin from Z8 to manipulate marker positioning toward Z23,mistimed execution allows the defender to recover before the movement completes,MV00228,C,Z23,destroyer_positioned_in_Z8
run_in_behind,inverted_winger,MOVEMENT,defensive_response_available_is_press_immediately,medium,defender anticipates the movement pattern and delays commitment rather than reacting immediately,inverted_winger gains separation or space value in Z26,defensive_organisation,execute a run in behind from Z28 to manipulate marker positioning toward Z26,mistimed execution allows the defender to recover before the movement completes,MV00229,C,Z26,inverted_winger_positioned_in_Z28
decoy_run,cover_defender,MOVEMENT,defensive_response_available_is_step_up_together,medium,defender anticipates the movement pattern and delays commitment rather than reacting immediately,cover_defender gains separation or space value in Z30,defensive_transition,execute a decoy run from Z6 to manipulate marker positioning toward Z30,mistimed execution allows the defender to recover before the movement completes,MV00230,C,Z30,cover_defender_positioned_in_Z6
decoy_run,anchor_man,MOVEMENT,defensive_response_available_is_recover_goal_side,medium,defender anticipates the movement pattern and delays commitment rather than reacting immediately,anchor_man gains separation or space value in Z7,attacking_organisation,execute a decoy run from Z3 to manipulate marker positioning toward Z7,mistimed execution allows the defender to recover before the movement completes,MV00231,C,Z7,anchor_man_positioned_in_Z3
double_movement,inverted_winger,MOVEMENT,defensive_response_available_is_recover_goal_side,medium,defender anticipates the movement pattern and delays commitment rather than reacting immediately,inverted_winger gains separation or space value in Z20,attacking_organisation,execute a double movement from Z4 to manipulate marker positioning toward Z20,mistimed execution allows the defender to recover before the movement completes,MV00232,C,Z20,inverted_winger_positioned_in_Z4
vacate,deep_lying_forward,MOVEMENT,defensive_response_available_is_double_team,medium,defender anticipates the movement pattern and delays commitment rather than reacting immediately,deep_lying_forward gains separation or space value in Z20,defensive_transition,execute a vacate from Z26 to manipulate marker positioning toward Z20,mistimed execution allows the defender to recover before the movement completes,MV00233,C,Z20,deep_lying_forward_positioned_in_Z26
support_run,shadow_striker,MOVEMENT,defensive_response_available_is_hand_over_marking,medium,defender anticipates the movement pattern and delays commitment rather than reacting immediately,shadow_striker gains separation or space value in Z29,defensive_transition,execute a support run from Z9 to manipulate marker positioning toward Z29,mistimed execution allows the defender to recover before the movement completes,MV00234,C,Z29,shadow_striker_positioned_in_Z9
drift,inverted_winger,MOVEMENT,defensive_response_available_is_shift_across,medium,defender anticipates the movement pattern and delays commitment rather than reacting immediately,inverted_winger gains separation or space value in Z14,defensive_transition,execute a drift from Z3 to manipulate marker positioning toward Z14,mistimed execution allows the defender to recover before the movement completes,MV00235,C,Z14,inverted_winger_positioned_in_Z3
run_in_behind,defensive_winger,MOVEMENT,defensive_response_available_is_double_team,medium,defender anticipates the movement pattern and delays commitment rather than reacting immediately,defensive_winger gains separation or space value in Z14,defensive_transition,execute a run in behind from Z10 to manipulate marker positioning toward Z14,mistimed execution allows the defender to recover before the movement completes,MV00236,C,Z14,defensive_winger_positioned_in_Z10
blind_side_run,inside_forward,MOVEMENT,defensive_response_available_is_drop_off,medium,defender anticipates the movement pattern and delays commitment rather than reacting immediately,inside_forward gains separation or space value in Z3,defensive_transition,execute a blind side run from Z26 to manipulate marker positioning toward Z3,mistimed execution allows the defender to recover before the movement completes,MV00237,C,Z3,inside_forward_positioned_in_Z26
spin,half_back,MOVEMENT,defensive_response_available_is_double_team,medium,defender anticipates the movement pattern and delays commitment rather than reacting immediately,half_back gains separation or space value in Z8,set_piece,execute a spin from Z23 to manipulate marker positioning toward Z8,mistimed execution allows the defender to recover before the movement completes,MV00238,C,Z8,half_back_positioned_in_Z23
decoy_run,raumdeuter,MOVEMENT,defensive_response_available_is_drop_off,medium,defender anticipates the movement pattern and delays commitment rather than reacting immediately,raumdeuter gains separation or space value in Z24,defensive_organisation,execute a decoy run from Z19 to manipulate marker positioning toward Z24,mistimed execution allows the defender to recover before the movement completes,MV00239,C,Z24,raumdeuter_positioned_in_Z19
spin,destroyer,MOVEMENT,defensive_response_available_is_drop_off,medium,defender anticipates the movement pattern and delays commitment rather than reacting immediately,destroyer gains separation or space value in Z12,attacking_organisation,execute a spin from Z3 to manipulate marker positioning toward Z12,mistimed execution allows the defender to recover before the movement completes,MV00240,C,Z12,destroyer_positioned_in_Z3
double_movement,complete_wing_back,MOVEMENT,defensive_response_available_is_hand_over_marking,medium,defender anticipates the movement pattern and delays commitment rather than reacting immediately,complete_wing_back gains separation or space value in Z28,defensive_transition,execute a double movement from Z4 to manipulate marker positioning toward Z28,mistimed execution allows the defender to recover before the movement completes,MV00241,C,Z28,complete_wing_back_positioned_in_Z4
run_in_behind,mezzala,MOVEMENT,defensive_response_available_is_recover_goal_side,medium,defender anticipates the movement pattern and delays commitment rather than reacting immediately,mezzala gains separation or space value in Z28,defensive_organisation,execute a run in behind from Z9 to manipulate marker positioning toward Z28,mistimed execution allows the defender to recover before the movement completes,MV00242,C,Z28,mezzala_positioned_in_Z9
drop,box_to_box,MOVEMENT,defensive_response_available_is_hold_shape,medium,defender anticipates the movement pattern and delays commitment rather than reacting immediately,box_to_box gains separation or space value in Z3,attacking_organisation,execute a drop from Z29 to manipulate marker positioning toward Z3,mistimed execution allows the defender to recover before the movement completes,MV00243,C,Z3,box_to_box_positioned_in_Z29
occupy,inverted_fb,MOVEMENT,defensive_response_available_is_press_immediately,medium,defender anticipates the movement pattern and delays commitment rather than reacting immediately,inverted_fb gains separation or space value in Z1,defensive_organisation,execute a occupy from Z25 to manipulate marker positioning toward Z1,mistimed execution allows the defender to recover before the movement completes,MV00244,C,Z1,inverted_fb_positioned_in_Z25
overlap,wide_playmaker,MOVEMENT,defensive_response_available_is_hand_over_marking,medium,defender anticipates the movement pattern and delays commitment rather than reacting immediately,wide_playmaker gains separation or space value in Z13,attacking_organisation,execute a overlap from Z6 to manipulate marker positioning toward Z13,mistimed execution allows the defender to recover before the movement completes,MV00245,C,Z13,wide_playmaker_positioned_in_Z6
run_in_behind,attacking_fb,MOVEMENT,defensive_response_available_is_hand_over_marking,medium,defender anticipates the movement pattern and delays commitment rather than reacting immediately,attacking_fb gains separation or space value in Z30,defensive_organisation,execute a run in behind from Z6 to manipulate marker positioning toward Z30,mistimed execution allows the defender to recover before the movement completes,MV00246,C,Z30,attacking_fb_positioned_in_Z6
double_movement,false_nine,MOVEMENT,defensive_response_available_is_drop_off,medium,defender anticipates the movement pattern and delays commitment rather than reacting immediately,false_nine gains separation or space value in Z29,defensive_organisation,execute a double movement from Z26 to manipulate marker positioning toward Z29,mistimed execution allows the defender to recover before the movement completes,MV00247,C,Z29,false_nine_positioned_in_Z26
support_run,target_man,MOVEMENT,defensive_response_available_is_press_immediately,medium,defender anticipates the movement pattern and delays commitment rather than reacting immediately,target_man gains separation or space value in Z20,set_piece,execute a support run from Z22 to manipulate marker positioning toward Z20,mistimed execution allows the defender to recover before the movement completes,MV00248,C,Z20,target_man_positioned_in_Z22
diagonal_run,full_back,MOVEMENT,defensive_response_available_is_hand_over_marking,medium,defender anticipates the movement pattern and delays commitment rather than reacting immediately,full_back gains separation or space value in Z19,defensive_organisation,execute a diagonal run from Z20 to manipulate marker positioning toward Z19,mistimed execution allows the defender to recover before the movement completes,MV00249,C,Z19,full_back_positioned_in_Z20
decoy_run,regista,MOVEMENT,defensive_response_available_is_drop_off,medium,defender anticipates the movement pattern and delays commitment rather than reacting immediately,regista gains separation or space value in Z19,offensive_transition,execute a decoy run from Z18 to manipulate marker positioning toward Z19,mistimed execution allows the defender to recover before the movement completes,MV00250,C,Z19,regista_positioned_in_Z18
overlap,defensive_winger,MOVEMENT,defensive_response_available_is_shift_across,medium,defender anticipates the movement pattern and delays commitment rather than reacting immediately,defensive_winger gains separation or space value in Z8,attacking_organisation,execute a overlap from Z23 to manipulate marker positioning toward Z8,mistimed execution allows the defender to recover before the movement completes,MV00251,C,Z8,defensive_winger_positioned_in_Z23
overlap,stopper,MOVEMENT,defensive_response_available_is_recover_goal_side,medium,defender anticipates the movement pattern and delays commitment rather than reacting immediately,stopper gains separation or space value in Z10,attacking_organisation,execute a overlap from Z13 to manipulate marker positioning toward Z10,mistimed execution allows the defender to recover before the movement completes,MV00252,C,Z10,stopper_positioned_in_Z13
support_run,deep_lying_forward,MOVEMENT,defensive_response_available_is_shift_across,medium,defender anticipates the movement pattern and delays commitment rather than reacting immediately,deep_lying_forward gains separation or space value in Z21,attacking_organisation,execute a support run from Z17 to manipulate marker positioning toward Z21,mistimed execution allows the defender to recover before the movement completes,MV00253,C,Z21,deep_lying_forward_positioned_in_Z17
straight_run,inverted_fb,MOVEMENT,defensive_response_available_is_shift_across,medium,defender anticipates the movement pattern and delays commitment rather than reacting immediately,inverted_fb gains separation or space value in Z11,defensive_organisation,execute a straight run from Z21 to manipulate marker positioning toward Z11,mistimed execution allows the defender to recover before the movement completes,MV00254,C,Z11,inverted_fb_positioned_in_Z21
check_toward_ball,sweeper_keeper,MOVEMENT,defensive_response_available_is_double_team,medium,defender anticipates the movement pattern and delays commitment rather than reacting immediately,sweeper_keeper gains separation or space value in Z5,attacking_organisation,execute a check toward ball from Z29 to manipulate marker positioning toward Z5,mistimed execution allows the defender to recover before the movement completes,MV00255,C,Z5,sweeper_keeper_positioned_in_Z29
pin,shadow_striker,MOVEMENT,defensive_response_available_is_hold_shape,medium,defender anticipates the movement pattern and delays commitment rather than reacting immediately,shadow_striker gains separation or space value in Z3,defensive_transition,execute a pin from Z21 to manipulate marker positioning toward Z3,mistimed execution allows the defender to recover before the movement completes,MV00256,C,Z3,shadow_striker_positioned_in_Z21
occupy,traditional_winger,MOVEMENT,defensive_response_available_is_recover_goal_side,medium,defender anticipates the movement pattern and delays commitment rather than reacting immediately,traditional_winger gains separation or space value in Z25,offensive_transition,execute a occupy from Z19 to manipulate marker positioning toward Z25,mistimed execution allows the defender to recover before the movement completes,MV00257,C,Z25,traditional_winger_positioned_in_Z19
rotation,aggressive_gk,MOVEMENT,defensive_response_available_is_recover_goal_side,medium,defender anticipates the movement pattern and delays commitment rather than reacting immediately,aggressive_gk gains separation or space value in Z24,offensive_transition,execute a rotation from Z21 to manipulate marker positioning toward Z24,mistimed execution allows the defender to recover before the movement completes,MV00258,C,Z24,aggressive_gk_positioned_in_Z21
diagonal_run,wide_target_man,MOVEMENT,defensive_response_available_is_press_immediately,medium,defender anticipates the movement pattern and delays commitment rather than reacting immediately,wide_target_man gains separation or space value in Z24,defensive_organisation,execute a diagonal run from Z9 to manipulate marker positioning toward Z24,mistimed execution allows the defender to recover before the movement completes,MV00259,C,Z24,wide_target_man_positioned_in_Z9
double_movement,wing_back,MOVEMENT,defensive_response_available_is_double_team,medium,defender anticipates the movement pattern and delays commitment rather than reacting immediately,wing_back gains separation or space value in Z22,set_piece,execute a double movement from Z28 to manipulate marker positioning toward Z22,mistimed execution allows the defender to recover before the movement completes,MV00260,C,Z22,wing_back_positioned_in_Z28
diagonal_run,wide_cb,MOVEMENT,defensive_response_available_is_drop_off,medium,defender anticipates the movement pattern and delays commitment rather than reacting immediately,wide_cb gains separation or space value in Z8,offensive_transition,execute a diagonal run from Z26 to manipulate marker positioning toward Z8,mistimed execution allows the defender to recover before the movement completes,MV00261,C,Z8,wide_cb_positioned_in_Z26
check_toward_ball,shot_stopper,MOVEMENT,defensive_response_available_is_double_team,medium,defender anticipates the movement pattern and delays commitment rather than reacting immediately,shot_stopper gains separation or space value in Z3,attacking_organisation,execute a check toward ball from Z8 to manipulate marker positioning toward Z3,mistimed execution allows the defender to recover before the movement completes,MV00262,C,Z3,shot_stopper_positioned_in_Z8
vacate,false_nine,MOVEMENT,defensive_response_available_is_hand_over_marking,medium,defender anticipates the movement pattern and delays commitment rather than reacting immediately,false_nine gains separation or space value in Z1,attacking_organisation,execute a vacate from Z21 to manipulate marker positioning toward Z1,mistimed execution allows the defender to recover before the movement completes,MV00263,C,Z1,false_nine_positioned_in_Z21
support_run,shot_stopper,MOVEMENT,defensive_response_available_is_hand_over_marking,medium,defender anticipates the movement pattern and delays commitment rather than reacting immediately,shot_stopper gains separation or space value in Z17,defensive_transition,execute a support run from Z4 to manipulate marker positioning toward Z17,mistimed execution allows the defender to recover before the movement completes,MV00264,C,Z17,shot_stopper_positioned_in_Z4
straight_run,ball_playing_cb,MOVEMENT,defensive_response_available_is_hold_shape,medium,defender anticipates the movement pattern and delays commitment rather than reacting immediately,ball_playing_cb gains separation or space value in Z26,defensive_organisation,execute a straight run from Z9 to manipulate marker positioning toward Z26,mistimed execution allows the defender to recover before the movement completes,MV00265,C,Z26,ball_playing_cb_positioned_in_Z9
straight_run,ball_winning_midfielder,MOVEMENT,defensive_response_available_is_recover_goal_side,medium,defender anticipates the movement pattern and delays commitment rather than reacting immediately,ball_winning_midfielder gains separation or space value in Z18,set_piece,execute a straight run from Z17 to manipulate marker positioning toward Z18,mistimed execution allows the defender to recover before the movement completes,MV00266,C,Z18,ball_winning_midfielder_positioned_in_Z17
inversion,shadow_striker,MOVEMENT,defensive_response_available_is_double_team,medium,defender anticipates the movement pattern and delays commitment rather than reacting immediately,shadow_striker gains separation or space value in Z29,attacking_organisation,execute a inversion from Z14 to manipulate marker positioning toward Z29,mistimed execution allows the defender to recover before the movement completes,MV00267,C,Z29,shadow_striker_positioned_in_Z14
inversion,inverted_fb,MOVEMENT,defensive_response_available_is_double_team,medium,defender anticipates the movement pattern and delays commitment rather than reacting immediately,inverted_fb gains separation or space value in Z16,defensive_organisation,execute a inversion from Z18 to manipulate marker positioning toward Z16,mistimed execution allows the defender to recover before the movement completes,MV00268,C,Z16,inverted_fb_positioned_in_Z18
decoy_run,trequartista,MOVEMENT,defensive_response_available_is_step_up_together,medium,defender anticipates the movement pattern and delays commitment rather than reacting immediately,trequartista gains separation or space value in Z12,attacking_organisation,execute a decoy run from Z7 to manipulate marker positioning toward Z12,mistimed execution allows the defender to recover before the movement completes,MV00269,C,Z12,trequartista_positioned_in_Z7
diagonal_run,attacking_fb,MOVEMENT,defensive_response_available_is_hold_shape,medium,defender anticipates the movement pattern and delays commitment rather than reacting immediately,attacking_fb gains separation or space value in Z19,attacking_organisation,execute a diagonal run from Z7 to manipulate marker positioning toward Z19,mistimed execution allows the defender to recover before the movement completes,MV00270,C,Z19,attacking_fb_positioned_in_Z7
curved_run,advanced_forward,MOVEMENT,defensive_response_available_is_drop_off,medium,defender anticipates the movement pattern and delays commitment rather than reacting immediately,advanced_forward gains separation or space value in Z17,offensive_transition,execute a curved run from Z5 to manipulate marker positioning toward Z17,mistimed execution allows the defender to recover before the movement completes,MV00271,C,Z17,advanced_forward_positioned_in_Z5
overlap,false_nine,MOVEMENT,defensive_response_available_is_double_team,medium,defender anticipates the movement pattern and delays commitment rather than reacting immediately,false_nine gains separation or space value in Z5,defensive_organisation,execute a overlap from Z23 to manipulate marker positioning toward Z5,mistimed execution allows the defender to recover before the movement completes,MV00272,C,Z5,false_nine_positioned_in_Z23
blind_side_run,cover_defender,MOVEMENT,defensive_response_available_is_hold_shape,medium,defender anticipates the movement pattern and delays commitment rather than reacting immediately,cover_defender gains separation or space value in Z26,set_piece,execute a blind side run from Z23 to manipulate marker positioning toward Z26,mistimed execution allows the defender to recover before the movement completes,MV00273,C,Z26,cover_defender_positioned_in_Z23
curved_run,wide_cb,MOVEMENT,defensive_response_available_is_double_team,medium,defender anticipates the movement pattern and delays commitment rather than reacting immediately,wide_cb gains separation or space value in Z17,attacking_organisation,execute a curved run from Z26 to manipulate marker positioning toward Z17,mistimed execution allows the defender to recover before the movement completes,MV00274,C,Z17,wide_cb_positioned_in_Z26
inversion,defensive_winger,MOVEMENT,defensive_response_available_is_step_up_together,medium,defender anticipates the movement pattern and delays commitment rather than reacting immediately,defensive_winger gains separation or space value in Z12,offensive_transition,execute a inversion from Z30 to manipulate marker positioning toward Z12,mistimed execution allows the defender to recover before the movement completes,MV00275,C,Z12,defensive_winger_positioned_in_Z30
double_movement,regista,MOVEMENT,defensive_response_available_is_hold_shape,medium,defender anticipates the movement pattern and delays commitment rather than reacting immediately,regista gains separation or space value in Z14,attacking_organisation,execute a double movement from Z8 to manipulate marker positioning toward Z14,mistimed execution allows the defender to recover before the movement completes,MV00276,C,Z14,regista_positioned_in_Z8
diagonal_run,attacking_fb,MOVEMENT,defensive_response_available_is_recover_goal_side,medium,defender anticipates the movement pattern and delays commitment rather than reacting immediately,attacking_fb gains separation or space value in Z6,defensive_organisation,execute a diagonal run from Z8 to manipulate marker positioning toward Z6,mistimed execution allows the defender to recover before the movement completes,MV00277,C,Z6,attacking_fb_positioned_in_Z8
vacate,false_fb,MOVEMENT,defensive_response_available_is_hand_over_marking,medium,defender anticipates the movement pattern and delays commitment rather than reacting immediately,false_fb gains separation or space value in Z1,defensive_organisation,execute a vacate from Z27 to manipulate marker positioning toward Z1,mistimed execution allows the defender to recover before the movement completes,MV00278,C,Z1,false_fb_positioned_in_Z27
underlap,inverted_fb,MOVEMENT,defensive_response_available_is_recover_goal_side,medium,defender anticipates the movement pattern and delays commitment rather than reacting immediately,inverted_fb gains separation or space value in Z27,offensive_transition,execute a underlap from Z13 to manipulate marker positioning toward Z27,mistimed execution allows the defender to recover before the movement completes,MV00279,C,Z27,inverted_fb_positioned_in_Z13
dummy_run,mezzala,MOVEMENT,defensive_response_available_is_hand_over_marking,medium,defender anticipates the movement pattern and delays commitment rather than reacting immediately,mezzala gains separation or space value in Z26,offensive_transition,execute a dummy run from Z13 to manipulate marker positioning toward Z26,mistimed execution allows the defender to recover before the movement completes,MV00280,C,Z26,mezzala_positioned_in_Z13
check_toward_ball,number_10,MOVEMENT,defensive_response_available_is_hold_shape,medium,defender anticipates the movement pattern and delays commitment rather than reacting immediately,number_10 gains separation or space value in Z15,defensive_transition,execute a check toward ball from Z4 to manipulate marker positioning toward Z15,mistimed execution allows the defender to recover before the movement completes,MV00281,C,Z15,number_10_positioned_in_Z4
vacate,wing_back,MOVEMENT,defensive_response_available_is_double_team,medium,defender anticipates the movement pattern and delays commitment rather than reacting immediately,wing_back gains separation or space value in Z6,attacking_organisation,execute a vacate from Z2 to manipulate marker positioning toward Z6,mistimed execution allows the defender to recover before the movement completes,MV00282,C,Z6,wing_back_positioned_in_Z2
blind_side_run,inverted_winger,MOVEMENT,defensive_response_available_is_drop_off,medium,defender anticipates the movement pattern and delays commitment rather than reacting immediately,inverted_winger gains separation or space value in Z3,defensive_transition,execute a blind side run from Z8 to manipulate marker positioning toward Z3,mistimed execution allows the defender to recover before the movement completes,MV00283,C,Z3,inverted_winger_positioned_in_Z8
dummy_run,aggressive_gk,MOVEMENT,defensive_response_available_is_press_immediately,medium,defender anticipates the movement pattern and delays commitment rather than reacting immediately,aggressive_gk gains separation or space value in Z1,defensive_transition,execute a dummy run from Z13 to manipulate marker positioning toward Z1,mistimed execution allows the defender to recover before the movement completes,MV00284,C,Z1,aggressive_gk_positioned_in_Z13
check_away,raumdeuter,MOVEMENT,defensive_response_available_is_hold_shape,medium,defender anticipates the movement pattern and delays commitment rather than reacting immediately,raumdeuter gains separation or space value in Z2,set_piece,execute a check away from Z27 to manipulate marker positioning toward Z2,mistimed execution allows the defender to recover before the movement completes,MV00285,C,Z2,raumdeuter_positioned_in_Z27
diagonal_run,poacher,MOVEMENT,defensive_response_available_is_recover_goal_side,medium,defender anticipates the movement pattern and delays commitment rather than reacting immediately,poacher gains separation or space value in Z4,offensive_transition,execute a diagonal run from Z6 to manipulate marker positioning toward Z4,mistimed execution allows the defender to recover before the movement completes,MV00286,C,Z4,poacher_positioned_in_Z6
double_movement,anchor_man,MOVEMENT,defensive_response_available_is_hold_shape,medium,defender anticipates the movement pattern and delays commitment rather than reacting immediately,anchor_man gains separation or space value in Z27,offensive_transition,execute a double movement from Z25 to manipulate marker positioning toward Z27,mistimed execution allows the defender to recover before the movement completes,MV00287,C,Z27,anchor_man_positioned_in_Z25
blind_side_run,defensive_winger,MOVEMENT,defensive_response_available_is_hold_shape,medium,defender anticipates the movement pattern and delays commitment rather than reacting immediately,defensive_winger gains separation or space value in Z19,defensive_organisation,execute a blind side run from Z17 to manipulate marker positioning toward Z19,mistimed execution allows the defender to recover before the movement completes,MV00288,C,Z19,defensive_winger_positioned_in_Z17
spin,deep_playmaker,MOVEMENT,defensive_response_available_is_press_immediately,medium,defender anticipates the movement pattern and delays commitment rather than reacting immediately,deep_playmaker gains separation or space value in Z23,attacking_organisation,execute a spin from Z12 to manipulate marker positioning toward Z23,mistimed execution allows the defender to recover before the movement completes,MV00289,C,Z23,deep_playmaker_positioned_in_Z12
drift,ball_winning_midfielder,MOVEMENT,defensive_response_available_is_double_team,medium,defender anticipates the movement pattern and delays commitment rather than reacting immediately,ball_winning_midfielder gains separation or space value in Z4,defensive_transition,execute a drift from Z21 to manipulate marker positioning toward Z4,mistimed execution allows the defender to recover before the movement completes,MV00290,C,Z4,ball_winning_midfielder_positioned_in_Z21
underlap,regista,MOVEMENT,defensive_response_available_is_shift_across,medium,defender anticipates the movement pattern and delays commitment rather than reacting immediately,regista gains separation or space value in Z10,defensive_organisation,execute a underlap from Z28 to manipulate marker positioning toward Z10,mistimed execution allows the defender to recover before the movement completes,MV00291,C,Z10,regista_positioned_in_Z28
straight_run,ball_playing_gk,MOVEMENT,defensive_response_available_is_hold_shape,medium,defender anticipates the movement pattern and delays commitment rather than reacting immediately,ball_playing_gk gains separation or space value in Z26,defensive_organisation,execute a straight run from Z25 to manipulate marker positioning toward Z26,mistimed execution allows the defender to recover before the movement completes,MV00292,C,Z26,ball_playing_gk_positioned_in_Z25
inversion,poacher,MOVEMENT,defensive_response_available_is_hand_over_marking,medium,defender anticipates the movement pattern and delays commitment rather than reacting immediately,poacher gains separation or space value in Z10,attacking_organisation,execute a inversion from Z30 to manipulate marker positioning toward Z10,mistimed execution allows the defender to recover before the movement completes,MV00293,C,Z10,poacher_positioned_in_Z30
double_movement,inside_forward,MOVEMENT,defensive_response_available_is_hold_shape,medium,defender anticipates the movement pattern and delays commitment rather than reacting immediately,inside_forward gains separation or space value in Z18,offensive_transition,execute a double movement from Z2 to manipulate marker positioning toward Z18,mistimed execution allows the defender to recover before the movement completes,MV00294,C,Z18,inside_forward_positioned_in_Z2
curved_run,destroyer,MOVEMENT,defensive_response_available_is_recover_goal_side,medium,defender anticipates the movement pattern and delays commitment rather than reacting immediately,destroyer gains separation or space value in Z23,defensive_organisation,execute a curved run from Z3 to manipulate marker positioning toward Z23,mistimed execution allows the defender to recover before the movement completes,MV00295,C,Z23,destroyer_positioned_in_Z3
curved_run,ball_playing_gk,MOVEMENT,defensive_response_available_is_step_up_together,medium,defender anticipates the movement pattern and delays commitment rather than reacting immediately,ball_playing_gk gains separation or space value in Z3,defensive_organisation,execute a curved run from Z1 to manipulate marker positioning toward Z3,mistimed execution allows the defender to recover before the movement completes,MV00296,C,Z3,ball_playing_gk_positioned_in_Z1
vacate,half_back,MOVEMENT,defensive_response_available_is_recover_goal_side,medium,defender anticipates the movement pattern and delays commitment rather than reacting immediately,half_back gains separation or space value in Z11,offensive_transition,execute a vacate from Z15 to manipulate marker positioning toward Z11,mistimed execution allows the defender to recover before the movement completes,MV00297,C,Z11,half_back_positioned_in_Z15
drift,target_man,MOVEMENT,defensive_response_available_is_recover_goal_side,medium,defender anticipates the movement pattern and delays commitment rather than reacting immediately,target_man gains separation or space value in Z23,set_piece,execute a drift from Z4 to manipulate marker positioning toward Z23,mistimed execution allows the defender to recover before the movement completes,MV00298,C,Z23,target_man_positioned_in_Z4
decoy_run,wing_back,MOVEMENT,defensive_response_available_is_step_up_together,medium,defender anticipates the movement pattern and delays commitment rather than reacting immediately,wing_back gains separation or space value in Z5,defensive_transition,execute a decoy run from Z13 to manipulate marker positioning toward Z5,mistimed execution allows the defender to recover before the movement completes,MV00299,C,Z5,wing_back_positioned_in_Z13
support_run,deep_playmaker,MOVEMENT,defensive_response_available_is_hand_over_marking,medium,defender anticipates the movement pattern and delays commitment rather than reacting immediately,deep_playmaker gains separation or space value in Z18,set_piece,execute a support run from Z23 to manipulate marker positioning toward Z18,mistimed execution allows the defender to recover before the movement completes,MV00300,C,Z18,deep_playmaker_positioned_in_Z23
trigger_coordinated_press,false_fb,PRESSING,ball_in_Z10,medium,"ball carrier releases via a pre-planned escape lane (third-man, bounce pass, or direct long ball)",regain possession or force a lower-quality action from the ball carrier,defensive_organisation,exploit the cb possession moment to force a turnover or rushed action,uncoordinated press leaves space elsewhere if only one player engages,PT00001,C,Z10,cb_possession
trigger_coordinated_press,false_fb,PRESSING,ball_in_Z13,medium,"ball carrier releases via a pre-planned escape lane (third-man, bounce pass, or direct long ball)",regain possession or force a lower-quality action from the ball carrier,defensive_organisation,exploit the sideline reception moment to force a turnover or rushed action,uncoordinated press leaves space elsewhere if only one player engages,PT00002,C,Z13,sideline_reception
trigger_coordinated_press,complete_forward,PRESSING,ball_in_Z26,medium,"ball carrier releases via a pre-planned escape lane (third-man, bounce pass, or direct long ball)",regain possession or force a lower-quality action from the ball carrier,defensive_organisation,exploit the isolated player moment to force a turnover or rushed action,uncoordinated press leaves space elsewhere if only one player engages,PT00003,C,Z26,isolated_player
trigger_coordinated_press,number_10,PRESSING,ball_in_Z13,medium,"ball carrier releases via a pre-planned escape lane (third-man, bounce pass, or direct long ball)",regain possession or force a lower-quality action from the ball carrier,defensive_organisation,exploit the isolated player moment to force a turnover or rushed action,uncoordinated press leaves space elsewhere if only one player engages,PT00004,C,Z13,isolated_player
trigger_coordinated_press,segundo_volante,PRESSING,ball_in_Z7,medium,"ball carrier releases via a pre-planned escape lane (third-man, bounce pass, or direct long ball)",regain possession or force a lower-quality action from the ball carrier,defensive_organisation,exploit the weak foot receiver moment to force a turnover or rushed action,uncoordinated press leaves space elsewhere if only one player engages,PT00005,C,Z7,weak_foot_receiver
trigger_coordinated_press,half_back,PRESSING,ball_in_Z23,medium,"ball carrier releases via a pre-planned escape lane (third-man, bounce pass, or direct long ball)",regain possession or force a lower-quality action from the ball carrier,defensive_organisation,exploit the fb possession moment to force a turnover or rushed action,uncoordinated press leaves space elsewhere if only one player engages,PT00006,C,Z23,fb_possession
trigger_coordinated_press,ball_winning_midfielder,PRESSING,ball_in_Z25,medium,"ball carrier releases via a pre-planned escape lane (third-man, bounce pass, or direct long ball)",regain possession or force a lower-quality action from the ball carrier,defensive_organisation,exploit the aerial duel contested moment to force a turnover or rushed action,uncoordinated press leaves space elsewhere if only one player engages,PT00007,C,Z25,aerial_duel_contested
trigger_coordinated_press,deep_playmaker,PRESSING,ball_in_Z4,medium,"ball carrier releases via a pre-planned escape lane (third-man, bounce pass, or direct long ball)",regain possession or force a lower-quality action from the ball carrier,defensive_organisation,exploit the slow pass moment to force a turnover or rushed action,uncoordinated press leaves space elsewhere if only one player engages,PT00008,C,Z4,slow_pass
trigger_coordinated_press,anchor_man,PRESSING,ball_in_Z23,medium,"ball carrier releases via a pre-planned escape lane (third-man, bounce pass, or direct long ball)",regain possession or force a lower-quality action from the ball carrier,defensive_organisation,exploit the back pass moment to force a turnover or rushed action,uncoordinated press leaves space elsewhere if only one player engages,PT00009,C,Z23,back_pass
trigger_coordinated_press,wide_target_man,PRESSING,ball_in_Z14,medium,"ball carrier releases via a pre-planned escape lane (third-man, bounce pass, or direct long ball)",regain possession or force a lower-quality action from the ball carrier,defensive_organisation,exploit the bad first touch moment to force a turnover or rushed action,uncoordinated press leaves space elsewhere if only one player engages,PT00010,C,Z14,bad_first_touch
trigger_coordinated_press,sweeper_keeper,PRESSING,ball_in_Z6,medium,"ball carrier releases via a pre-planned escape lane (third-man, bounce pass, or direct long ball)",regain possession or force a lower-quality action from the ball carrier,defensive_organisation,exploit the midfielder receiving moment to force a turnover or rushed action,uncoordinated press leaves space elsewhere if only one player engages,PT00011,C,Z6,midfielder_receiving
trigger_coordinated_press,wide_target_man,PRESSING,ball_in_Z27,medium,"ball carrier releases via a pre-planned escape lane (third-man, bounce pass, or direct long ball)",regain possession or force a lower-quality action from the ball carrier,defensive_organisation,exploit the loose pass moment to force a turnover or rushed action,uncoordinated press leaves space elsewhere if only one player engages,PT00012,C,Z27,loose_pass
trigger_coordinated_press,carrilero,PRESSING,ball_in_Z22,medium,"ball carrier releases via a pre-planned escape lane (third-man, bounce pass, or direct long ball)",regain possession or force a lower-quality action from the ball carrier,defensive_organisation,exploit the aerial duel contested moment to force a turnover or rushed action,uncoordinated press leaves space elsewhere if only one player engages,PT00013,C,Z22,aerial_duel_contested
trigger_coordinated_press,attacking_fb,PRESSING,ball_in_Z22,medium,"ball carrier releases via a pre-planned escape lane (third-man, bounce pass, or direct long ball)",regain possession or force a lower-quality action from the ball carrier,defensive_organisation,exploit the second ball loose moment to force a turnover or rushed action,uncoordinated press leaves space elsewhere if only one player engages,PT00014,C,Z22,second_ball_loose
trigger_coordinated_press,aggressive_gk,PRESSING,ball_in_Z28,medium,"ball carrier releases via a pre-planned escape lane (third-man, bounce pass, or direct long ball)",regain possession or force a lower-quality action from the ball carrier,defensive_organisation,exploit the midfielder receiving moment to force a turnover or rushed action,uncoordinated press leaves space elsewhere if only one player engages,PT00015,C,Z28,midfielder_receiving
trigger_coordinated_press,shadow_striker,PRESSING,ball_in_Z22,medium,"ball carrier releases via a pre-planned escape lane (third-man, bounce pass, or direct long ball)",regain possession or force a lower-quality action from the ball carrier,defensive_organisation,exploit the weak foot receiver moment to force a turnover or rushed action,uncoordinated press leaves space elsewhere if only one player engages,PT00016,C,Z22,weak_foot_receiver
trigger_coordinated_press,wide_target_man,PRESSING,ball_in_Z18,medium,"ball carrier releases via a pre-planned escape lane (third-man, bounce pass, or direct long ball)",regain possession or force a lower-quality action from the ball carrier,defensive_organisation,exploit the poor body orientation moment to force a turnover or rushed action,uncoordinated press leaves space elsewhere if only one player engages,PT00017,C,Z18,poor_body_orientation
trigger_coordinated_press,inverted_fb,PRESSING,ball_in_Z16,medium,"ball carrier releases via a pre-planned escape lane (third-man, bounce pass, or direct long ball)",regain possession or force a lower-quality action from the ball carrier,defensive_organisation,exploit the long pass in flight moment to force a turnover or rushed action,uncoordinated press leaves space elsewhere if only one player engages,PT00018,C,Z16,long_pass_in_flight
trigger_coordinated_press,deep_lying_forward,PRESSING,ball_in_Z7,medium,"ball carrier releases via a pre-planned escape lane (third-man, bounce pass, or direct long ball)",regain possession or force a lower-quality action from the ball carrier,defensive_organisation,exploit the weak foot receiver moment to force a turnover or rushed action,uncoordinated press leaves space elsewhere if only one player engages,PT00019,C,Z7,weak_foot_receiver
trigger_coordinated_press,mezzala,PRESSING,ball_in_Z1,medium,"ball carrier releases via a pre-planned escape lane (third-man, bounce pass, or direct long ball)",regain possession or force a lower-quality action from the ball carrier,defensive_organisation,exploit the aerial duel contested moment to force a turnover or rushed action,uncoordinated press leaves space elsewhere if only one player engages,PT00020,C,Z1,aerial_duel_contested
trigger_coordinated_press,target_man,PRESSING,ball_in_Z2,medium,"ball carrier releases via a pre-planned escape lane (third-man, bounce pass, or direct long ball)",regain possession or force a lower-quality action from the ball carrier,defensive_organisation,exploit the second ball loose moment to force a turnover or rushed action,uncoordinated press leaves space elsewhere if only one player engages,PT00021,C,Z2,second_ball_loose
trigger_coordinated_press,anchor_man,PRESSING,ball_in_Z14,medium,"ball carrier releases via a pre-planned escape lane (third-man, bounce pass, or direct long ball)",regain possession or force a lower-quality action from the ball carrier,defensive_organisation,exploit the poor body orientation moment to force a turnover or rushed action,uncoordinated press leaves space elsewhere if only one player engages,PT00022,C,Z14,poor_body_orientation
trigger_coordinated_press,inverted_fb,PRESSING,ball_in_Z22,medium,"ball carrier releases via a pre-planned escape lane (third-man, bounce pass, or direct long ball)",regain possession or force a lower-quality action from the ball carrier,defensive_organisation,exploit the second ball loose moment to force a turnover or rushed action,uncoordinated press leaves space elsewhere if only one player engages,PT00023,C,Z22,second_ball_loose
trigger_coordinated_press,complete_forward,PRESSING,ball_in_Z29,medium,"ball carrier releases via a pre-planned escape lane (third-man, bounce pass, or direct long ball)",regain possession or force a lower-quality action from the ball carrier,defensive_organisation,exploit the cb possession moment to force a turnover or rushed action,uncoordinated press leaves space elsewhere if only one player engages,PT00024,C,Z29,cb_possession
trigger_coordinated_press,deep_lying_forward,PRESSING,ball_in_Z12,medium,"ball carrier releases via a pre-planned escape lane (third-man, bounce pass, or direct long ball)",regain possession or force a lower-quality action from the ball carrier,defensive_organisation,exploit the slow pass moment to force a turnover or rushed action,uncoordinated press leaves space elsewhere if only one player engages,PT00025,C,Z12,slow_pass
trigger_coordinated_press,false_fb,PRESSING,ball_in_Z10,medium,"ball carrier releases via a pre-planned escape lane (third-man, bounce pass, or direct long ball)",regain possession or force a lower-quality action from the ball carrier,defensive_organisation,exploit the fb possession moment to force a turnover or rushed action,uncoordinated press leaves space elsewhere if only one player engages,PT00026,C,Z10,fb_possession
trigger_coordinated_press,destroyer,PRESSING,ball_in_Z14,medium,"ball carrier releases via a pre-planned escape lane (third-man, bounce pass, or direct long ball)",regain possession or force a lower-quality action from the ball carrier,defensive_organisation,exploit the long pass in flight moment to force a turnover or rushed action,uncoordinated press leaves space elsewhere if only one player engages,PT00027,C,Z14,long_pass_in_flight
trigger_coordinated_press,false_fb,PRESSING,ball_in_Z7,medium,"ball carrier releases via a pre-planned escape lane (third-man, bounce pass, or direct long ball)",regain possession or force a lower-quality action from the ball carrier,defensive_organisation,exploit the second ball loose moment to force a turnover or rushed action,uncoordinated press leaves space elsewhere if only one player engages,PT00028,C,Z7,second_ball_loose
trigger_coordinated_press,aggressive_gk,PRESSING,ball_in_Z13,medium,"ball carrier releases via a pre-planned escape lane (third-man, bounce pass, or direct long ball)",regain possession or force a lower-quality action from the ball carrier,defensive_organisation,exploit the poor body orientation moment to force a turnover or rushed action,uncoordinated press leaves space elsewhere if only one player engages,PT00029,C,Z13,poor_body_orientation
trigger_coordinated_press,destroyer,PRESSING,ball_in_Z24,medium,"ball carrier releases via a pre-planned escape lane (third-man, bounce pass, or direct long ball)",regain possession or force a lower-quality action from the ball carrier,defensive_organisation,exploit the midfielder receiving moment to force a turnover or rushed action,uncoordinated press leaves space elsewhere if only one player engages,PT00030,C,Z24,midfielder_receiving
trigger_coordinated_press,full_back,PRESSING,ball_in_Z9,medium,"ball carrier releases via a pre-planned escape lane (third-man, bounce pass, or direct long ball)",regain possession or force a lower-quality action from the ball carrier,defensive_organisation,exploit the aerial duel contested moment to force a turnover or rushed action,uncoordinated press leaves space elsewhere if only one player engages,PT00031,C,Z9,aerial_duel_contested
trigger_coordinated_press,inverted_winger,PRESSING,ball_in_Z11,medium,"ball carrier releases via a pre-planned escape lane (third-man, bounce pass, or direct long ball)",regain possession or force a lower-quality action from the ball carrier,defensive_organisation,exploit the cb possession moment to force a turnover or rushed action,uncoordinated press leaves space elsewhere if only one player engages,PT00032,C,Z11,cb_possession
trigger_coordinated_press,full_back,PRESSING,ball_in_Z29,medium,"ball carrier releases via a pre-planned escape lane (third-man, bounce pass, or direct long ball)",regain possession or force a lower-quality action from the ball carrier,defensive_organisation,exploit the midfielder receiving moment to force a turnover or rushed action,uncoordinated press leaves space elsewhere if only one player engages,PT00033,C,Z29,midfielder_receiving
trigger_coordinated_press,wide_playmaker,PRESSING,ball_in_Z13,medium,"ball carrier releases via a pre-planned escape lane (third-man, bounce pass, or direct long ball)",regain possession or force a lower-quality action from the ball carrier,defensive_organisation,exploit the gk possession moment to force a turnover or rushed action,uncoordinated press leaves space elsewhere if only one player engages,PT00034,C,Z13,gk_possession
trigger_coordinated_press,stopper,PRESSING,ball_in_Z7,medium,"ball carrier releases via a pre-planned escape lane (third-man, bounce pass, or direct long ball)",regain possession or force a lower-quality action from the ball carrier,defensive_organisation,exploit the midfielder receiving moment to force a turnover or rushed action,uncoordinated press leaves space elsewhere if only one player engages,PT00035,C,Z7,midfielder_receiving
trigger_coordinated_press,carrilero,PRESSING,ball_in_Z3,medium,"ball carrier releases via a pre-planned escape lane (third-man, bounce pass, or direct long ball)",regain possession or force a lower-quality action from the ball carrier,defensive_organisation,exploit the bad first touch moment to force a turnover or rushed action,uncoordinated press leaves space elsewhere if only one player engages,PT00036,C,Z3,bad_first_touch
trigger_coordinated_press,full_back,PRESSING,ball_in_Z22,medium,"ball carrier releases via a pre-planned escape lane (third-man, bounce pass, or direct long ball)",regain possession or force a lower-quality action from the ball carrier,defensive_organisation,exploit the bad first touch moment to force a turnover or rushed action,uncoordinated press leaves space elsewhere if only one player engages,PT00037,C,Z22,bad_first_touch
trigger_coordinated_press,target_man,PRESSING,ball_in_Z7,medium,"ball carrier releases via a pre-planned escape lane (third-man, bounce pass, or direct long ball)",regain possession or force a lower-quality action from the ball carrier,defensive_organisation,exploit the receiver facing own goal moment to force a turnover or rushed action,uncoordinated press leaves space elsewhere if only one player engages,PT00038,C,Z7,receiver_facing_own_goal
trigger_coordinated_press,defensive_winger,PRESSING,ball_in_Z21,medium,"ball carrier releases via a pre-planned escape lane (third-man, bounce pass, or direct long ball)",regain possession or force a lower-quality action from the ball carrier,defensive_organisation,exploit the midfielder receiving moment to force a turnover or rushed action,uncoordinated press leaves space elsewhere if only one player engages,PT00039,C,Z21,midfielder_receiving
trigger_coordinated_press,full_back,PRESSING,ball_in_Z10,medium,"ball carrier releases via a pre-planned escape lane (third-man, bounce pass, or direct long ball)",regain possession or force a lower-quality action from the ball carrier,defensive_organisation,exploit the back pass moment to force a turnover or rushed action,uncoordinated press leaves space elsewhere if only one player engages,PT00040,C,Z10,back_pass
trigger_coordinated_press,number_10,PRESSING,ball_in_Z21,medium,"ball carrier releases via a pre-planned escape lane (third-man, bounce pass, or direct long ball)",regain possession or force a lower-quality action from the ball carrier,defensive_organisation,exploit the slow pass moment to force a turnover or rushed action,uncoordinated press leaves space elsewhere if only one player engages,PT00041,C,Z21,slow_pass
trigger_coordinated_press,regista,PRESSING,ball_in_Z30,medium,"ball carrier releases via a pre-planned escape lane (third-man, bounce pass, or direct long ball)",regain possession or force a lower-quality action from the ball carrier,defensive_organisation,exploit the weak foot receiver moment to force a turnover or rushed action,uncoordinated press leaves space elsewhere if only one player engages,PT00042,C,Z30,weak_foot_receiver
trigger_coordinated_press,complete_wing_back,PRESSING,ball_in_Z15,medium,"ball carrier releases via a pre-planned escape lane (third-man, bounce pass, or direct long ball)",regain possession or force a lower-quality action from the ball carrier,defensive_organisation,exploit the poor body orientation moment to force a turnover or rushed action,uncoordinated press leaves space elsewhere if only one player engages,PT00043,C,Z15,poor_body_orientation
trigger_coordinated_press,target_man,PRESSING,ball_in_Z29,medium,"ball carrier releases via a pre-planned escape lane (third-man, bounce pass, or direct long ball)",regain possession or force a lower-quality action from the ball carrier,defensive_organisation,exploit the isolated player moment to force a turnover or rushed action,uncoordinated press leaves space elsewhere if only one player engages,PT00044,C,Z29,isolated_player
trigger_coordinated_press,deep_lying_forward,PRESSING,ball_in_Z16,medium,"ball carrier releases via a pre-planned escape lane (third-man, bounce pass, or direct long ball)",regain possession or force a lower-quality action from the ball carrier,defensive_organisation,exploit the aerial duel contested moment to force a turnover or rushed action,uncoordinated press leaves space elsewhere if only one player engages,PT00045,C,Z16,aerial_duel_contested
trigger_coordinated_press,complete_wing_back,PRESSING,ball_in_Z20,medium,"ball carrier releases via a pre-planned escape lane (third-man, bounce pass, or direct long ball)",regain possession or force a lower-quality action from the ball carrier,defensive_organisation,exploit the weak foot receiver moment to force a turnover or rushed action,uncoordinated press leaves space elsewhere if only one player engages,PT00046,C,Z20,weak_foot_receiver
trigger_coordinated_press,deep_playmaker,PRESSING,ball_in_Z1,medium,"ball carrier releases via a pre-planned escape lane (third-man, bounce pass, or direct long ball)",regain possession or force a lower-quality action from the ball carrier,defensive_organisation,exploit the isolated player moment to force a turnover or rushed action,uncoordinated press leaves space elsewhere if only one player engages,PT00047,C,Z1,isolated_player
trigger_coordinated_press,advanced_forward,PRESSING,ball_in_Z5,medium,"ball carrier releases via a pre-planned escape lane (third-man, bounce pass, or direct long ball)",regain possession or force a lower-quality action from the ball carrier,defensive_organisation,exploit the sideline reception moment to force a turnover or rushed action,uncoordinated press leaves space elsewhere if only one player engages,PT00048,C,Z5,sideline_reception
trigger_coordinated_press,poacher,PRESSING,ball_in_Z23,medium,"ball carrier releases via a pre-planned escape lane (third-man, bounce pass, or direct long ball)",regain possession or force a lower-quality action from the ball carrier,defensive_organisation,exploit the poor body orientation moment to force a turnover or rushed action,uncoordinated press leaves space elsewhere if only one player engages,PT00049,C,Z23,poor_body_orientation
trigger_coordinated_press,target_man,PRESSING,ball_in_Z29,medium,"ball carrier releases via a pre-planned escape lane (third-man, bounce pass, or direct long ball)",regain possession or force a lower-quality action from the ball carrier,defensive_organisation,exploit the receiver facing own goal moment to force a turnover or rushed action,uncoordinated press leaves space elsewhere if only one player engages,PT00050,C,Z29,receiver_facing_own_goal
trigger_coordinated_press,sweeper_keeper,PRESSING,ball_in_Z10,medium,"ball carrier releases via a pre-planned escape lane (third-man, bounce pass, or direct long ball)",regain possession or force a lower-quality action from the ball carrier,defensive_organisation,exploit the gk possession moment to force a turnover or rushed action,uncoordinated press leaves space elsewhere if only one player engages,PT00051,C,Z10,gk_possession
trigger_coordinated_press,wide_target_man,PRESSING,ball_in_Z18,medium,"ball carrier releases via a pre-planned escape lane (third-man, bounce pass, or direct long ball)",regain possession or force a lower-quality action from the ball carrier,defensive_organisation,exploit the isolated player moment to force a turnover or rushed action,uncoordinated press leaves space elsewhere if only one player engages,PT00052,C,Z18,isolated_player
trigger_coordinated_press,false_nine,PRESSING,ball_in_Z17,medium,"ball carrier releases via a pre-planned escape lane (third-man, bounce pass, or direct long ball)",regain possession or force a lower-quality action from the ball carrier,defensive_organisation,exploit the back pass moment to force a turnover or rushed action,uncoordinated press leaves space elsewhere if only one player engages,PT00053,C,Z17,back_pass
trigger_coordinated_press,trequartista,PRESSING,ball_in_Z8,medium,"ball carrier releases via a pre-planned escape lane (third-man, bounce pass, or direct long ball)",regain possession or force a lower-quality action from the ball carrier,defensive_organisation,exploit the long pass in flight moment to force a turnover or rushed action,uncoordinated press leaves space elsewhere if only one player engages,PT00054,C,Z8,long_pass_in_flight
trigger_coordinated_press,aggressive_gk,PRESSING,ball_in_Z2,medium,"ball carrier releases via a pre-planned escape lane (third-man, bounce pass, or direct long ball)",regain possession or force a lower-quality action from the ball carrier,defensive_organisation,exploit the long pass in flight moment to force a turnover or rushed action,uncoordinated press leaves space elsewhere if only one player engages,PT00055,C,Z2,long_pass_in_flight
trigger_coordinated_press,wing_back,PRESSING,ball_in_Z6,medium,"ball carrier releases via a pre-planned escape lane (third-man, bounce pass, or direct long ball)",regain possession or force a lower-quality action from the ball carrier,defensive_organisation,exploit the bad first touch moment to force a turnover or rushed action,uncoordinated press leaves space elsewhere if only one player engages,PT00056,C,Z6,bad_first_touch
trigger_coordinated_press,attacking_fb,PRESSING,ball_in_Z18,medium,"ball carrier releases via a pre-planned escape lane (third-man, bounce pass, or direct long ball)",regain possession or force a lower-quality action from the ball carrier,defensive_organisation,exploit the midfielder receiving moment to force a turnover or rushed action,uncoordinated press leaves space elsewhere if only one player engages,PT00057,C,Z18,midfielder_receiving
trigger_coordinated_press,regista,PRESSING,ball_in_Z12,medium,"ball carrier releases via a pre-planned escape lane (third-man, bounce pass, or direct long ball)",regain possession or force a lower-quality action from the ball carrier,defensive_organisation,exploit the loose pass moment to force a turnover or rushed action,uncoordinated press leaves space elsewhere if only one player engages,PT00058,C,Z12,loose_pass
trigger_coordinated_press,complete_wing_back,PRESSING,ball_in_Z13,medium,"ball carrier releases via a pre-planned escape lane (third-man, bounce pass, or direct long ball)",regain possession or force a lower-quality action from the ball carrier,defensive_organisation,exploit the weak foot receiver moment to force a turnover or rushed action,uncoordinated press leaves space elsewhere if only one player engages,PT00059,C,Z13,weak_foot_receiver
trigger_coordinated_press,regista,PRESSING,ball_in_Z2,medium,"ball carrier releases via a pre-planned escape lane (third-man, bounce pass, or direct long ball)",regain possession or force a lower-quality action from the ball carrier,defensive_organisation,exploit the poor body orientation moment to force a turnover or rushed action,uncoordinated press leaves space elsewhere if only one player engages,PT00060,C,Z2,poor_body_orientation
trigger_coordinated_press,deep_playmaker,PRESSING,ball_in_Z5,medium,"ball carrier releases via a pre-planned escape lane (third-man, bounce pass, or direct long ball)",regain possession or force a lower-quality action from the ball carrier,defensive_organisation,exploit the back pass moment to force a turnover or rushed action,uncoordinated press leaves space elsewhere if only one player engages,PT00061,C,Z5,back_pass
trigger_coordinated_press,half_back,PRESSING,ball_in_Z2,medium,"ball carrier releases via a pre-planned escape lane (third-man, bounce pass, or direct long ball)",regain possession or force a lower-quality action from the ball carrier,defensive_organisation,exploit the poor body orientation moment to force a turnover or rushed action,uncoordinated press leaves space elsewhere if only one player engages,PT00062,C,Z2,poor_body_orientation
trigger_coordinated_press,defensive_winger,PRESSING,ball_in_Z2,medium,"ball carrier releases via a pre-planned escape lane (third-man, bounce pass, or direct long ball)",regain possession or force a lower-quality action from the ball carrier,defensive_organisation,exploit the loose pass moment to force a turnover or rushed action,uncoordinated press leaves space elsewhere if only one player engages,PT00063,C,Z2,loose_pass
trigger_coordinated_press,poacher,PRESSING,ball_in_Z1,medium,"ball carrier releases via a pre-planned escape lane (third-man, bounce pass, or direct long ball)",regain possession or force a lower-quality action from the ball carrier,defensive_organisation,exploit the back pass moment to force a turnover or rushed action,uncoordinated press leaves space elsewhere if only one player engages,PT00064,C,Z1,back_pass
trigger_coordinated_press,ball_playing_gk,PRESSING,ball_in_Z20,medium,"ball carrier releases via a pre-planned escape lane (third-man, bounce pass, or direct long ball)",regain possession or force a lower-quality action from the ball carrier,defensive_organisation,exploit the slow pass moment to force a turnover or rushed action,uncoordinated press leaves space elsewhere if only one player engages,PT00065,C,Z20,slow_pass
trigger_coordinated_press,defensive_winger,PRESSING,ball_in_Z4,medium,"ball carrier releases via a pre-planned escape lane (third-man, bounce pass, or direct long ball)",regain possession or force a lower-quality action from the ball carrier,defensive_organisation,exploit the slow pass moment to force a turnover or rushed action,uncoordinated press leaves space elsewhere if only one player engages,PT00066,C,Z4,slow_pass
trigger_coordinated_press,attacking_fb,PRESSING,ball_in_Z16,medium,"ball carrier releases via a pre-planned escape lane (third-man, bounce pass, or direct long ball)",regain possession or force a lower-quality action from the ball carrier,defensive_organisation,exploit the gk possession moment to force a turnover or rushed action,uncoordinated press leaves space elsewhere if only one player engages,PT00067,C,Z16,gk_possession
trigger_coordinated_press,anchor_man,PRESSING,ball_in_Z7,medium,"ball carrier releases via a pre-planned escape lane (third-man, bounce pass, or direct long ball)",regain possession or force a lower-quality action from the ball carrier,defensive_organisation,exploit the long pass in flight moment to force a turnover or rushed action,uncoordinated press leaves space elsewhere if only one player engages,PT00068,C,Z7,long_pass_in_flight
trigger_coordinated_press,false_nine,PRESSING,ball_in_Z30,medium,"ball carrier releases via a pre-planned escape lane (third-man, bounce pass, or direct long ball)",regain possession or force a lower-quality action from the ball carrier,defensive_organisation,exploit the isolated player moment to force a turnover or rushed action,uncoordinated press leaves space elsewhere if only one player engages,PT00069,C,Z30,isolated_player
trigger_coordinated_press,false_nine,PRESSING,ball_in_Z20,medium,"ball carrier releases via a pre-planned escape lane (third-man, bounce pass, or direct long ball)",regain possession or force a lower-quality action from the ball carrier,defensive_organisation,exploit the long pass in flight moment to force a turnover or rushed action,uncoordinated press leaves space elsewhere if only one player engages,PT00070,C,Z20,long_pass_in_flight
trigger_coordinated_press,ball_playing_cb,PRESSING,ball_in_Z2,medium,"ball carrier releases via a pre-planned escape lane (third-man, bounce pass, or direct long ball)",regain possession or force a lower-quality action from the ball carrier,defensive_organisation,exploit the gk possession moment to force a turnover or rushed action,uncoordinated press leaves space elsewhere if only one player engages,PT00071,C,Z2,gk_possession
trigger_coordinated_press,ball_playing_gk,PRESSING,ball_in_Z18,medium,"ball carrier releases via a pre-planned escape lane (third-man, bounce pass, or direct long ball)",regain possession or force a lower-quality action from the ball carrier,defensive_organisation,exploit the loose pass moment to force a turnover or rushed action,uncoordinated press leaves space elsewhere if only one player engages,PT00072,C,Z18,loose_pass
trigger_coordinated_press,sweeper_keeper,PRESSING,ball_in_Z18,medium,"ball carrier releases via a pre-planned escape lane (third-man, bounce pass, or direct long ball)",regain possession or force a lower-quality action from the ball carrier,defensive_organisation,exploit the slow pass moment to force a turnover or rushed action,uncoordinated press leaves space elsewhere if only one player engages,PT00073,C,Z18,slow_pass
trigger_coordinated_press,complete_forward,PRESSING,ball_in_Z6,medium,"ball carrier releases via a pre-planned escape lane (third-man, bounce pass, or direct long ball)",regain possession or force a lower-quality action from the ball carrier,defensive_organisation,exploit the long pass in flight moment to force a turnover or rushed action,uncoordinated press leaves space elsewhere if only one player engages,PT00074,C,Z6,long_pass_in_flight
trigger_coordinated_press,destroyer,PRESSING,ball_in_Z7,medium,"ball carrier releases via a pre-planned escape lane (third-man, bounce pass, or direct long ball)",regain possession or force a lower-quality action from the ball carrier,defensive_organisation,exploit the receiver facing own goal moment to force a turnover or rushed action,uncoordinated press leaves space elsewhere if only one player engages,PT00075,C,Z7,receiver_facing_own_goal
trigger_coordinated_press,raumdeuter,PRESSING,ball_in_Z20,medium,"ball carrier releases via a pre-planned escape lane (third-man, bounce pass, or direct long ball)",regain possession or force a lower-quality action from the ball carrier,defensive_organisation,exploit the sideline reception moment to force a turnover or rushed action,uncoordinated press leaves space elsewhere if only one player engages,PT00076,C,Z20,sideline_reception
trigger_coordinated_press,segundo_volante,PRESSING,ball_in_Z13,medium,"ball carrier releases via a pre-planned escape lane (third-man, bounce pass, or direct long ball)",regain possession or force a lower-quality action from the ball carrier,defensive_organisation,exploit the bad first touch moment to force a turnover or rushed action,uncoordinated press leaves space elsewhere if only one player engages,PT00077,C,Z13,bad_first_touch
trigger_coordinated_press,inverted_fb,PRESSING,ball_in_Z3,medium,"ball carrier releases via a pre-planned escape lane (third-man, bounce pass, or direct long ball)",regain possession or force a lower-quality action from the ball carrier,defensive_organisation,exploit the aerial duel contested moment to force a turnover or rushed action,uncoordinated press leaves space elsewhere if only one player engages,PT00078,C,Z3,aerial_duel_contested
trigger_coordinated_press,wide_target_man,PRESSING,ball_in_Z17,medium,"ball carrier releases via a pre-planned escape lane (third-man, bounce pass, or direct long ball)",regain possession or force a lower-quality action from the ball carrier,defensive_organisation,exploit the long pass in flight moment to force a turnover or rushed action,uncoordinated press leaves space elsewhere if only one player engages,PT00079,C,Z17,long_pass_in_flight
trigger_coordinated_press,segundo_volante,PRESSING,ball_in_Z5,medium,"ball carrier releases via a pre-planned escape lane (third-man, bounce pass, or direct long ball)",regain possession or force a lower-quality action from the ball carrier,defensive_organisation,exploit the fb possession moment to force a turnover or rushed action,uncoordinated press leaves space elsewhere if only one player engages,PT00080,C,Z5,fb_possession
trigger_coordinated_press,target_man,PRESSING,ball_in_Z1,medium,"ball carrier releases via a pre-planned escape lane (third-man, bounce pass, or direct long ball)",regain possession or force a lower-quality action from the ball carrier,defensive_organisation,exploit the cb possession moment to force a turnover or rushed action,uncoordinated press leaves space elsewhere if only one player engages,PT00081,C,Z1,cb_possession
trigger_coordinated_press,traditional_winger,PRESSING,ball_in_Z21,medium,"ball carrier releases via a pre-planned escape lane (third-man, bounce pass, or direct long ball)",regain possession or force a lower-quality action from the ball carrier,defensive_organisation,exploit the back pass moment to force a turnover or rushed action,uncoordinated press leaves space elsewhere if only one player engages,PT00082,C,Z21,back_pass
trigger_coordinated_press,shot_stopper,PRESSING,ball_in_Z1,medium,"ball carrier releases via a pre-planned escape lane (third-man, bounce pass, or direct long ball)",regain possession or force a lower-quality action from the ball carrier,defensive_organisation,exploit the loose pass moment to force a turnover or rushed action,uncoordinated press leaves space elsewhere if only one player engages,PT00083,C,Z1,loose_pass
trigger_coordinated_press,false_fb,PRESSING,ball_in_Z10,medium,"ball carrier releases via a pre-planned escape lane (third-man, bounce pass, or direct long ball)",regain possession or force a lower-quality action from the ball carrier,defensive_organisation,exploit the loose pass moment to force a turnover or rushed action,uncoordinated press leaves space elsewhere if only one player engages,PT00084,C,Z10,loose_pass
trigger_coordinated_press,complete_wing_back,PRESSING,ball_in_Z9,medium,"ball carrier releases via a pre-planned escape lane (third-man, bounce pass, or direct long ball)",regain possession or force a lower-quality action from the ball carrier,defensive_organisation,exploit the slow pass moment to force a turnover or rushed action,uncoordinated press leaves space elsewhere if only one player engages,PT00085,C,Z9,slow_pass
trigger_coordinated_press,advanced_forward,PRESSING,ball_in_Z21,medium,"ball carrier releases via a pre-planned escape lane (third-man, bounce pass, or direct long ball)",regain possession or force a lower-quality action from the ball carrier,defensive_organisation,exploit the weak foot receiver moment to force a turnover or rushed action,uncoordinated press leaves space elsewhere if only one player engages,PT00086,C,Z21,weak_foot_receiver
trigger_coordinated_press,attacking_fb,PRESSING,ball_in_Z8,medium,"ball carrier releases via a pre-planned escape lane (third-man, bounce pass, or direct long ball)",regain possession or force a lower-quality action from the ball carrier,defensive_organisation,exploit the loose pass moment to force a turnover or rushed action,uncoordinated press leaves space elsewhere if only one player engages,PT00087,C,Z8,loose_pass
trigger_coordinated_press,wing_back,PRESSING,ball_in_Z11,medium,"ball carrier releases via a pre-planned escape lane (third-man, bounce pass, or direct long ball)",regain possession or force a lower-quality action from the ball carrier,defensive_organisation,exploit the midfielder receiving moment to force a turnover or rushed action,uncoordinated press leaves space elsewhere if only one player engages,PT00088,C,Z11,midfielder_receiving
trigger_coordinated_press,sweeper_keeper,PRESSING,ball_in_Z13,medium,"ball carrier releases via a pre-planned escape lane (third-man, bounce pass, or direct long ball)",regain possession or force a lower-quality action from the ball carrier,defensive_organisation,exploit the aerial duel contested moment to force a turnover or rushed action,uncoordinated press leaves space elsewhere if only one player engages,PT00089,C,Z13,aerial_duel_contested
trigger_coordinated_press,inverted_fb,PRESSING,ball_in_Z29,medium,"ball carrier releases via a pre-planned escape lane (third-man, bounce pass, or direct long ball)",regain possession or force a lower-quality action from the ball carrier,defensive_organisation,exploit the receiver facing own goal moment to force a turnover or rushed action,uncoordinated press leaves space elsewhere if only one player engages,PT00090,C,Z29,receiver_facing_own_goal
trigger_coordinated_press,complete_wing_back,PRESSING,ball_in_Z10,medium,"ball carrier releases via a pre-planned escape lane (third-man, bounce pass, or direct long ball)",regain possession or force a lower-quality action from the ball carrier,defensive_organisation,exploit the gk possession moment to force a turnover or rushed action,uncoordinated press leaves space elsewhere if only one player engages,PT00091,C,Z10,gk_possession
trigger_coordinated_press,wide_target_man,PRESSING,ball_in_Z17,medium,"ball carrier releases via a pre-planned escape lane (third-man, bounce pass, or direct long ball)",regain possession or force a lower-quality action from the ball carrier,defensive_organisation,exploit the bad first touch moment to force a turnover or rushed action,uncoordinated press leaves space elsewhere if only one player engages,PT00092,C,Z17,bad_first_touch
trigger_coordinated_press,wide_playmaker,PRESSING,ball_in_Z28,medium,"ball carrier releases via a pre-planned escape lane (third-man, bounce pass, or direct long ball)",regain possession or force a lower-quality action from the ball carrier,defensive_organisation,exploit the weak foot receiver moment to force a turnover or rushed action,uncoordinated press leaves space elsewhere if only one player engages,PT00093,C,Z28,weak_foot_receiver
trigger_coordinated_press,box_to_box,PRESSING,ball_in_Z16,medium,"ball carrier releases via a pre-planned escape lane (third-man, bounce pass, or direct long ball)",regain possession or force a lower-quality action from the ball carrier,defensive_organisation,exploit the slow pass moment to force a turnover or rushed action,uncoordinated press leaves space elsewhere if only one player engages,PT00094,C,Z16,slow_pass
trigger_coordinated_press,number_10,PRESSING,ball_in_Z11,medium,"ball carrier releases via a pre-planned escape lane (third-man, bounce pass, or direct long ball)",regain possession or force a lower-quality action from the ball carrier,defensive_organisation,exploit the weak foot receiver moment to force a turnover or rushed action,uncoordinated press leaves space elsewhere if only one player engages,PT00095,C,Z11,weak_foot_receiver
trigger_coordinated_press,sweeper_keeper,PRESSING,ball_in_Z23,medium,"ball carrier releases via a pre-planned escape lane (third-man, bounce pass, or direct long ball)",regain possession or force a lower-quality action from the ball carrier,defensive_organisation,exploit the bad first touch moment to force a turnover or rushed action,uncoordinated press leaves space elsewhere if only one player engages,PT00096,C,Z23,bad_first_touch
trigger_coordinated_press,mezzala,PRESSING,ball_in_Z11,medium,"ball carrier releases via a pre-planned escape lane (third-man, bounce pass, or direct long ball)",regain possession or force a lower-quality action from the ball carrier,defensive_organisation,exploit the long pass in flight moment to force a turnover or rushed action,uncoordinated press leaves space elsewhere if only one player engages,PT00097,C,Z11,long_pass_in_flight
trigger_coordinated_press,segundo_volante,PRESSING,ball_in_Z12,medium,"ball carrier releases via a pre-planned escape lane (third-man, bounce pass, or direct long ball)",regain possession or force a lower-quality action from the ball carrier,defensive_organisation,exploit the aerial duel contested moment to force a turnover or rushed action,uncoordinated press leaves space elsewhere if only one player engages,PT00098,C,Z12,aerial_duel_contested
trigger_coordinated_press,regista,PRESSING,ball_in_Z23,medium,"ball carrier releases via a pre-planned escape lane (third-man, bounce pass, or direct long ball)",regain possession or force a lower-quality action from the ball carrier,defensive_organisation,exploit the aerial duel contested moment to force a turnover or rushed action,uncoordinated press leaves space elsewhere if only one player engages,PT00099,C,Z23,aerial_duel_contested
trigger_coordinated_press,false_fb,PRESSING,ball_in_Z19,medium,"ball carrier releases via a pre-planned escape lane (third-man, bounce pass, or direct long ball)",regain possession or force a lower-quality action from the ball carrier,defensive_organisation,exploit the aerial duel contested moment to force a turnover or rushed action,uncoordinated press leaves space elsewhere if only one player engages,PT00100,C,Z19,aerial_duel_contested
trigger_coordinated_press,ball_winning_midfielder,PRESSING,ball_in_Z8,medium,"ball carrier releases via a pre-planned escape lane (third-man, bounce pass, or direct long ball)",regain possession or force a lower-quality action from the ball carrier,defensive_organisation,exploit the isolated player moment to force a turnover or rushed action,uncoordinated press leaves space elsewhere if only one player engages,PT00101,C,Z8,isolated_player
trigger_coordinated_press,mezzala,PRESSING,ball_in_Z5,medium,"ball carrier releases via a pre-planned escape lane (third-man, bounce pass, or direct long ball)",regain possession or force a lower-quality action from the ball carrier,defensive_organisation,exploit the gk possession moment to force a turnover or rushed action,uncoordinated press leaves space elsewhere if only one player engages,PT00102,C,Z5,gk_possession
trigger_coordinated_press,wing_back,PRESSING,ball_in_Z21,medium,"ball carrier releases via a pre-planned escape lane (third-man, bounce pass, or direct long ball)",regain possession or force a lower-quality action from the ball carrier,defensive_organisation,exploit the back pass moment to force a turnover or rushed action,uncoordinated press leaves space elsewhere if only one player engages,PT00103,C,Z21,back_pass
trigger_coordinated_press,attacking_fb,PRESSING,ball_in_Z10,medium,"ball carrier releases via a pre-planned escape lane (third-man, bounce pass, or direct long ball)",regain possession or force a lower-quality action from the ball carrier,defensive_organisation,exploit the loose pass moment to force a turnover or rushed action,uncoordinated press leaves space elsewhere if only one player engages,PT00104,C,Z10,loose_pass
trigger_coordinated_press,mezzala,PRESSING,ball_in_Z28,medium,"ball carrier releases via a pre-planned escape lane (third-man, bounce pass, or direct long ball)",regain possession or force a lower-quality action from the ball carrier,defensive_organisation,exploit the aerial duel contested moment to force a turnover or rushed action,uncoordinated press leaves space elsewhere if only one player engages,PT00105,C,Z28,aerial_duel_contested
trigger_coordinated_press,number_10,PRESSING,ball_in_Z7,medium,"ball carrier releases via a pre-planned escape lane (third-man, bounce pass, or direct long ball)",regain possession or force a lower-quality action from the ball carrier,defensive_organisation,exploit the slow pass moment to force a turnover or rushed action,uncoordinated press leaves space elsewhere if only one player engages,PT00106,C,Z7,slow_pass
trigger_coordinated_press,ball_playing_cb,PRESSING,ball_in_Z9,medium,"ball carrier releases via a pre-planned escape lane (third-man, bounce pass, or direct long ball)",regain possession or force a lower-quality action from the ball carrier,defensive_organisation,exploit the weak foot receiver moment to force a turnover or rushed action,uncoordinated press leaves space elsewhere if only one player engages,PT00107,C,Z9,weak_foot_receiver
trigger_coordinated_press,regista,PRESSING,ball_in_Z16,medium,"ball carrier releases via a pre-planned escape lane (third-man, bounce pass, or direct long ball)",regain possession or force a lower-quality action from the ball carrier,defensive_organisation,exploit the fb possession moment to force a turnover or rushed action,uncoordinated press leaves space elsewhere if only one player engages,PT00108,C,Z16,fb_possession
trigger_coordinated_press,deep_lying_forward,PRESSING,ball_in_Z29,medium,"ball carrier releases via a pre-planned escape lane (third-man, bounce pass, or direct long ball)",regain possession or force a lower-quality action from the ball carrier,defensive_organisation,exploit the back pass moment to force a turnover or rushed action,uncoordinated press leaves space elsewhere if only one player engages,PT00109,C,Z29,back_pass
trigger_coordinated_press,wide_target_man,PRESSING,ball_in_Z19,medium,"ball carrier releases via a pre-planned escape lane (third-man, bounce pass, or direct long ball)",regain possession or force a lower-quality action from the ball carrier,defensive_organisation,exploit the poor body orientation moment to force a turnover or rushed action,uncoordinated press leaves space elsewhere if only one player engages,PT00110,C,Z19,poor_body_orientation
trigger_coordinated_press,box_to_box,PRESSING,ball_in_Z7,medium,"ball carrier releases via a pre-planned escape lane (third-man, bounce pass, or direct long ball)",regain possession or force a lower-quality action from the ball carrier,defensive_organisation,exploit the poor body orientation moment to force a turnover or rushed action,uncoordinated press leaves space elsewhere if only one player engages,PT00111,C,Z7,poor_body_orientation
trigger_coordinated_press,stopper,PRESSING,ball_in_Z23,medium,"ball carrier releases via a pre-planned escape lane (third-man, bounce pass, or direct long ball)",regain possession or force a lower-quality action from the ball carrier,defensive_organisation,exploit the long pass in flight moment to force a turnover or rushed action,uncoordinated press leaves space elsewhere if only one player engages,PT00112,C,Z23,long_pass_in_flight
trigger_coordinated_press,segundo_volante,PRESSING,ball_in_Z21,medium,"ball carrier releases via a pre-planned escape lane (third-man, bounce pass, or direct long ball)",regain possession or force a lower-quality action from the ball carrier,defensive_organisation,exploit the receiver facing own goal moment to force a turnover or rushed action,uncoordinated press leaves space elsewhere if only one player engages,PT00113,C,Z21,receiver_facing_own_goal
trigger_coordinated_press,inside_forward,PRESSING,ball_in_Z19,medium,"ball carrier releases via a pre-planned escape lane (third-man, bounce pass, or direct long ball)",regain possession or force a lower-quality action from the ball carrier,defensive_organisation,exploit the bad first touch moment to force a turnover or rushed action,uncoordinated press leaves space elsewhere if only one player engages,PT00114,C,Z19,bad_first_touch
trigger_coordinated_press,advanced_forward,PRESSING,ball_in_Z1,medium,"ball carrier releases via a pre-planned escape lane (third-man, bounce pass, or direct long ball)",regain possession or force a lower-quality action from the ball carrier,defensive_organisation,exploit the long pass in flight moment to force a turnover or rushed action,uncoordinated press leaves space elsewhere if only one player engages,PT00115,C,Z1,long_pass_in_flight
trigger_coordinated_press,regista,PRESSING,ball_in_Z20,medium,"ball carrier releases via a pre-planned escape lane (third-man, bounce pass, or direct long ball)",regain possession or force a lower-quality action from the ball carrier,defensive_organisation,exploit the isolated player moment to force a turnover or rushed action,uncoordinated press leaves space elsewhere if only one player engages,PT00116,C,Z20,isolated_player
trigger_coordinated_press,traditional_winger,PRESSING,ball_in_Z7,medium,"ball carrier releases via a pre-planned escape lane (third-man, bounce pass, or direct long ball)",regain possession or force a lower-quality action from the ball carrier,defensive_organisation,exploit the second ball loose moment to force a turnover or rushed action,uncoordinated press leaves space elsewhere if only one player engages,PT00117,C,Z7,second_ball_loose
trigger_coordinated_press,wide_target_man,PRESSING,ball_in_Z23,medium,"ball carrier releases via a pre-planned escape lane (third-man, bounce pass, or direct long ball)",regain possession or force a lower-quality action from the ball carrier,defensive_organisation,exploit the midfielder receiving moment to force a turnover or rushed action,uncoordinated press leaves space elsewhere if only one player engages,PT00118,C,Z23,midfielder_receiving
trigger_coordinated_press,regista,PRESSING,ball_in_Z18,medium,"ball carrier releases via a pre-planned escape lane (third-man, bounce pass, or direct long ball)",regain possession or force a lower-quality action from the ball carrier,defensive_organisation,exploit the midfielder receiving moment to force a turnover or rushed action,uncoordinated press leaves space elsewhere if only one player engages,PT00119,C,Z18,midfielder_receiving
trigger_coordinated_press,false_fb,PRESSING,ball_in_Z7,medium,"ball carrier releases via a pre-planned escape lane (third-man, bounce pass, or direct long ball)",regain possession or force a lower-quality action from the ball carrier,defensive_organisation,exploit the cb possession moment to force a turnover or rushed action,uncoordinated press leaves space elsewhere if only one player engages,PT00120,C,Z7,cb_possession
trigger_coordinated_press,traditional_winger,PRESSING,ball_in_Z23,medium,"ball carrier releases via a pre-planned escape lane (third-man, bounce pass, or direct long ball)",regain possession or force a lower-quality action from the ball carrier,defensive_organisation,exploit the slow pass moment to force a turnover or rushed action,uncoordinated press leaves space elsewhere if only one player engages,PT00121,C,Z23,slow_pass
trigger_coordinated_press,trequartista,PRESSING,ball_in_Z24,medium,"ball carrier releases via a pre-planned escape lane (third-man, bounce pass, or direct long ball)",regain possession or force a lower-quality action from the ball carrier,defensive_organisation,exploit the sideline reception moment to force a turnover or rushed action,uncoordinated press leaves space elsewhere if only one player engages,PT00122,C,Z24,sideline_reception
trigger_coordinated_press,destroyer,PRESSING,ball_in_Z10,medium,"ball carrier releases via a pre-planned escape lane (third-man, bounce pass, or direct long ball)",regain possession or force a lower-quality action from the ball carrier,defensive_organisation,exploit the isolated player moment to force a turnover or rushed action,uncoordinated press leaves space elsewhere if only one player engages,PT00123,C,Z10,isolated_player
trigger_coordinated_press,carrilero,PRESSING,ball_in_Z8,medium,"ball carrier releases via a pre-planned escape lane (third-man, bounce pass, or direct long ball)",regain possession or force a lower-quality action from the ball carrier,defensive_organisation,exploit the aerial duel contested moment to force a turnover or rushed action,uncoordinated press leaves space elsewhere if only one player engages,PT00124,C,Z8,aerial_duel_contested
trigger_coordinated_press,sweeper_keeper,PRESSING,ball_in_Z19,medium,"ball carrier releases via a pre-planned escape lane (third-man, bounce pass, or direct long ball)",regain possession or force a lower-quality action from the ball carrier,defensive_organisation,exploit the receiver facing own goal moment to force a turnover or rushed action,uncoordinated press leaves space elsewhere if only one player engages,PT00125,C,Z19,receiver_facing_own_goal
trigger_coordinated_press,inverted_fb,PRESSING,ball_in_Z13,medium,"ball carrier releases via a pre-planned escape lane (third-man, bounce pass, or direct long ball)",regain possession or force a lower-quality action from the ball carrier,defensive_organisation,exploit the midfielder receiving moment to force a turnover or rushed action,uncoordinated press leaves space elsewhere if only one player engages,PT00126,C,Z13,midfielder_receiving
trigger_coordinated_press,poacher,PRESSING,ball_in_Z8,medium,"ball carrier releases via a pre-planned escape lane (third-man, bounce pass, or direct long ball)",regain possession or force a lower-quality action from the ball carrier,defensive_organisation,exploit the sideline reception moment to force a turnover or rushed action,uncoordinated press leaves space elsewhere if only one player engages,PT00127,C,Z8,sideline_reception
trigger_coordinated_press,attacking_fb,PRESSING,ball_in_Z5,medium,"ball carrier releases via a pre-planned escape lane (third-man, bounce pass, or direct long ball)",regain possession or force a lower-quality action from the ball carrier,defensive_organisation,exploit the loose pass moment to force a turnover or rushed action,uncoordinated press leaves space elsewhere if only one player engages,PT00128,C,Z5,loose_pass
trigger_coordinated_press,mezzala,PRESSING,ball_in_Z15,medium,"ball carrier releases via a pre-planned escape lane (third-man, bounce pass, or direct long ball)",regain possession or force a lower-quality action from the ball carrier,defensive_organisation,exploit the back pass moment to force a turnover or rushed action,uncoordinated press leaves space elsewhere if only one player engages,PT00129,C,Z15,back_pass
trigger_coordinated_press,defensive_winger,PRESSING,ball_in_Z19,medium,"ball carrier releases via a pre-planned escape lane (third-man, bounce pass, or direct long ball)",regain possession or force a lower-quality action from the ball carrier,defensive_organisation,exploit the fb possession moment to force a turnover or rushed action,uncoordinated press leaves space elsewhere if only one player engages,PT00130,C,Z19,fb_possession
trigger_coordinated_press,half_back,PRESSING,ball_in_Z14,medium,"ball carrier releases via a pre-planned escape lane (third-man, bounce pass, or direct long ball)",regain possession or force a lower-quality action from the ball carrier,defensive_organisation,exploit the weak foot receiver moment to force a turnover or rushed action,uncoordinated press leaves space elsewhere if only one player engages,PT00131,C,Z14,weak_foot_receiver
trigger_coordinated_press,mezzala,PRESSING,ball_in_Z25,medium,"ball carrier releases via a pre-planned escape lane (third-man, bounce pass, or direct long ball)",regain possession or force a lower-quality action from the ball carrier,defensive_organisation,exploit the midfielder receiving moment to force a turnover or rushed action,uncoordinated press leaves space elsewhere if only one player engages,PT00132,C,Z25,midfielder_receiving
trigger_coordinated_press,deep_playmaker,PRESSING,ball_in_Z26,medium,"ball carrier releases via a pre-planned escape lane (third-man, bounce pass, or direct long ball)",regain possession or force a lower-quality action from the ball carrier,defensive_organisation,exploit the slow pass moment to force a turnover or rushed action,uncoordinated press leaves space elsewhere if only one player engages,PT00133,C,Z26,slow_pass
trigger_coordinated_press,deep_lying_forward,PRESSING,ball_in_Z16,medium,"ball carrier releases via a pre-planned escape lane (third-man, bounce pass, or direct long ball)",regain possession or force a lower-quality action from the ball carrier,defensive_organisation,exploit the second ball loose moment to force a turnover or rushed action,uncoordinated press leaves space elsewhere if only one player engages,PT00134,C,Z16,second_ball_loose
trigger_coordinated_press,attacking_fb,PRESSING,ball_in_Z7,medium,"ball carrier releases via a pre-planned escape lane (third-man, bounce pass, or direct long ball)",regain possession or force a lower-quality action from the ball carrier,defensive_organisation,exploit the gk possession moment to force a turnover or rushed action,uncoordinated press leaves space elsewhere if only one player engages,PT00135,C,Z7,gk_possession
trigger_coordinated_press,aggressive_gk,PRESSING,ball_in_Z19,medium,"ball carrier releases via a pre-planned escape lane (third-man, bounce pass, or direct long ball)",regain possession or force a lower-quality action from the ball carrier,defensive_organisation,exploit the fb possession moment to force a turnover or rushed action,uncoordinated press leaves space elsewhere if only one player engages,PT00136,C,Z19,fb_possession
trigger_coordinated_press,complete_wing_back,PRESSING,ball_in_Z29,medium,"ball carrier releases via a pre-planned escape lane (third-man, bounce pass, or direct long ball)",regain possession or force a lower-quality action from the ball carrier,defensive_organisation,exploit the receiver facing own goal moment to force a turnover or rushed action,uncoordinated press leaves space elsewhere if only one player engages,PT00137,C,Z29,receiver_facing_own_goal
trigger_coordinated_press,pressing_forward,PRESSING,ball_in_Z10,medium,"ball carrier releases via a pre-planned escape lane (third-man, bounce pass, or direct long ball)",regain possession or force a lower-quality action from the ball carrier,defensive_organisation,exploit the loose pass moment to force a turnover or rushed action,uncoordinated press leaves space elsewhere if only one player engages,PT00138,C,Z10,loose_pass
trigger_coordinated_press,advanced_playmaker,PRESSING,ball_in_Z24,medium,"ball carrier releases via a pre-planned escape lane (third-man, bounce pass, or direct long ball)",regain possession or force a lower-quality action from the ball carrier,defensive_organisation,exploit the sideline reception moment to force a turnover or rushed action,uncoordinated press leaves space elsewhere if only one player engages,PT00139,C,Z24,sideline_reception
trigger_coordinated_press,segundo_volante,PRESSING,ball_in_Z12,medium,"ball carrier releases via a pre-planned escape lane (third-man, bounce pass, or direct long ball)",regain possession or force a lower-quality action from the ball carrier,defensive_organisation,exploit the midfielder receiving moment to force a turnover or rushed action,uncoordinated press leaves space elsewhere if only one player engages,PT00140,C,Z12,midfielder_receiving
trigger_coordinated_press,inverted_fb,PRESSING,ball_in_Z29,medium,"ball carrier releases via a pre-planned escape lane (third-man, bounce pass, or direct long ball)",regain possession or force a lower-quality action from the ball carrier,defensive_organisation,exploit the slow pass moment to force a turnover or rushed action,uncoordinated press leaves space elsewhere if only one player engages,PT00141,C,Z29,slow_pass
trigger_coordinated_press,ball_winning_midfielder,PRESSING,ball_in_Z11,medium,"ball carrier releases via a pre-planned escape lane (third-man, bounce pass, or direct long ball)",regain possession or force a lower-quality action from the ball carrier,defensive_organisation,exploit the aerial duel contested moment to force a turnover or rushed action,uncoordinated press leaves space elsewhere if only one player engages,PT00142,C,Z11,aerial_duel_contested
trigger_coordinated_press,wide_playmaker,PRESSING,ball_in_Z8,medium,"ball carrier releases via a pre-planned escape lane (third-man, bounce pass, or direct long ball)",regain possession or force a lower-quality action from the ball carrier,defensive_organisation,exploit the receiver facing own goal moment to force a turnover or rushed action,uncoordinated press leaves space elsewhere if only one player engages,PT00143,C,Z8,receiver_facing_own_goal
trigger_coordinated_press,inverted_fb,PRESSING,ball_in_Z4,medium,"ball carrier releases via a pre-planned escape lane (third-man, bounce pass, or direct long ball)",regain possession or force a lower-quality action from the ball carrier,defensive_organisation,exploit the long pass in flight moment to force a turnover or rushed action,uncoordinated press leaves space elsewhere if only one player engages,PT00144,C,Z4,long_pass_in_flight
trigger_coordinated_press,inverted_fb,PRESSING,ball_in_Z21,medium,"ball carrier releases via a pre-planned escape lane (third-man, bounce pass, or direct long ball)",regain possession or force a lower-quality action from the ball carrier,defensive_organisation,exploit the back pass moment to force a turnover or rushed action,uncoordinated press leaves space elsewhere if only one player engages,PT00145,C,Z21,back_pass
trigger_coordinated_press,target_man,PRESSING,ball_in_Z20,medium,"ball carrier releases via a pre-planned escape lane (third-man, bounce pass, or direct long ball)",regain possession or force a lower-quality action from the ball carrier,defensive_organisation,exploit the gk possession moment to force a turnover or rushed action,uncoordinated press leaves space elsewhere if only one player engages,PT00146,C,Z20,gk_possession
trigger_coordinated_press,ball_playing_cb,PRESSING,ball_in_Z14,medium,"ball carrier releases via a pre-planned escape lane (third-man, bounce pass, or direct long ball)",regain possession or force a lower-quality action from the ball carrier,defensive_organisation,exploit the isolated player moment to force a turnover or rushed action,uncoordinated press leaves space elsewhere if only one player engages,PT00147,C,Z14,isolated_player
trigger_coordinated_press,attacking_fb,PRESSING,ball_in_Z28,medium,"ball carrier releases via a pre-planned escape lane (third-man, bounce pass, or direct long ball)",regain possession or force a lower-quality action from the ball carrier,defensive_organisation,exploit the sideline reception moment to force a turnover or rushed action,uncoordinated press leaves space elsewhere if only one player engages,PT00148,C,Z28,sideline_reception
trigger_coordinated_press,advanced_forward,PRESSING,ball_in_Z2,medium,"ball carrier releases via a pre-planned escape lane (third-man, bounce pass, or direct long ball)",regain possession or force a lower-quality action from the ball carrier,defensive_organisation,exploit the weak foot receiver moment to force a turnover or rushed action,uncoordinated press leaves space elsewhere if only one player engages,PT00149,C,Z2,weak_foot_receiver
trigger_coordinated_press,advanced_forward,PRESSING,ball_in_Z29,medium,"ball carrier releases via a pre-planned escape lane (third-man, bounce pass, or direct long ball)",regain possession or force a lower-quality action from the ball carrier,defensive_organisation,exploit the fb possession moment to force a turnover or rushed action,uncoordinated press leaves space elsewhere if only one player engages,PT00150,C,Z29,fb_possession
trigger_coordinated_press,regista,PRESSING,ball_in_Z12,medium,"ball carrier releases via a pre-planned escape lane (third-man, bounce pass, or direct long ball)",regain possession or force a lower-quality action from the ball carrier,defensive_organisation,exploit the weak foot receiver moment to force a turnover or rushed action,uncoordinated press leaves space elsewhere if only one player engages,PT00151,C,Z12,weak_foot_receiver
trigger_coordinated_press,destroyer,PRESSING,ball_in_Z23,medium,"ball carrier releases via a pre-planned escape lane (third-man, bounce pass, or direct long ball)",regain possession or force a lower-quality action from the ball carrier,defensive_organisation,exploit the back pass moment to force a turnover or rushed action,uncoordinated press leaves space elsewhere if only one player engages,PT00152,C,Z23,back_pass
trigger_coordinated_press,segundo_volante,PRESSING,ball_in_Z23,medium,"ball carrier releases via a pre-planned escape lane (third-man, bounce pass, or direct long ball)",regain possession or force a lower-quality action from the ball carrier,defensive_organisation,exploit the back pass moment to force a turnover or rushed action,uncoordinated press leaves space elsewhere if only one player engages,PT00153,C,Z23,back_pass
trigger_coordinated_press,regista,PRESSING,ball_in_Z11,medium,"ball carrier releases via a pre-planned escape lane (third-man, bounce pass, or direct long ball)",regain possession or force a lower-quality action from the ball carrier,defensive_organisation,exploit the long pass in flight moment to force a turnover or rushed action,uncoordinated press leaves space elsewhere if only one player engages,PT00154,C,Z11,long_pass_in_flight
trigger_coordinated_press,complete_forward,PRESSING,ball_in_Z21,medium,"ball carrier releases via a pre-planned escape lane (third-man, bounce pass, or direct long ball)",regain possession or force a lower-quality action from the ball carrier,defensive_organisation,exploit the poor body orientation moment to force a turnover or rushed action,uncoordinated press leaves space elsewhere if only one player engages,PT00155,C,Z21,poor_body_orientation
trigger_coordinated_press,inverted_winger,PRESSING,ball_in_Z23,medium,"ball carrier releases via a pre-planned escape lane (third-man, bounce pass, or direct long ball)",regain possession or force a lower-quality action from the ball carrier,defensive_organisation,exploit the cb possession moment to force a turnover or rushed action,uncoordinated press leaves space elsewhere if only one player engages,PT00156,C,Z23,cb_possession
trigger_coordinated_press,segundo_volante,PRESSING,ball_in_Z13,medium,"ball carrier releases via a pre-planned escape lane (third-man, bounce pass, or direct long ball)",regain possession or force a lower-quality action from the ball carrier,defensive_organisation,exploit the loose pass moment to force a turnover or rushed action,uncoordinated press leaves space elsewhere if only one player engages,PT00157,C,Z13,loose_pass
trigger_coordinated_press,shadow_striker,PRESSING,ball_in_Z22,medium,"ball carrier releases via a pre-planned escape lane (third-man, bounce pass, or direct long ball)",regain possession or force a lower-quality action from the ball carrier,defensive_organisation,exploit the slow pass moment to force a turnover or rushed action,uncoordinated press leaves space elsewhere if only one player engages,PT00158,C,Z22,slow_pass
trigger_coordinated_press,full_back,PRESSING,ball_in_Z6,medium,"ball carrier releases via a pre-planned escape lane (third-man, bounce pass, or direct long ball)",regain possession or force a lower-quality action from the ball carrier,defensive_organisation,exploit the isolated player moment to force a turnover or rushed action,uncoordinated press leaves space elsewhere if only one player engages,PT00159,C,Z6,isolated_player
trigger_coordinated_press,false_fb,PRESSING,ball_in_Z13,medium,"ball carrier releases via a pre-planned escape lane (third-man, bounce pass, or direct long ball)",regain possession or force a lower-quality action from the ball carrier,defensive_organisation,exploit the slow pass moment to force a turnover or rushed action,uncoordinated press leaves space elsewhere if only one player engages,PT00160,C,Z13,slow_pass
trigger_coordinated_press,shot_stopper,PRESSING,ball_in_Z7,medium,"ball carrier releases via a pre-planned escape lane (third-man, bounce pass, or direct long ball)",regain possession or force a lower-quality action from the ball carrier,defensive_organisation,exploit the gk possession moment to force a turnover or rushed action,uncoordinated press leaves space elsewhere if only one player engages,PT00161,C,Z7,gk_possession
trigger_coordinated_press,wide_target_man,PRESSING,ball_in_Z23,medium,"ball carrier releases via a pre-planned escape lane (third-man, bounce pass, or direct long ball)",regain possession or force a lower-quality action from the ball carrier,defensive_organisation,exploit the second ball loose moment to force a turnover or rushed action,uncoordinated press leaves space elsewhere if only one player engages,PT00162,C,Z23,second_ball_loose
trigger_coordinated_press,wide_cb,PRESSING,ball_in_Z21,medium,"ball carrier releases via a pre-planned escape lane (third-man, bounce pass, or direct long ball)",regain possession or force a lower-quality action from the ball carrier,defensive_organisation,exploit the fb possession moment to force a turnover or rushed action,uncoordinated press leaves space elsewhere if only one player engages,PT00163,C,Z21,fb_possession
trigger_coordinated_press,regista,PRESSING,ball_in_Z23,medium,"ball carrier releases via a pre-planned escape lane (third-man, bounce pass, or direct long ball)",regain possession or force a lower-quality action from the ball carrier,defensive_organisation,exploit the weak foot receiver moment to force a turnover or rushed action,uncoordinated press leaves space elsewhere if only one player engages,PT00164,C,Z23,weak_foot_receiver
trigger_coordinated_press,cover_defender,PRESSING,ball_in_Z30,medium,"ball carrier releases via a pre-planned escape lane (third-man, bounce pass, or direct long ball)",regain possession or force a lower-quality action from the ball carrier,defensive_organisation,exploit the slow pass moment to force a turnover or rushed action,uncoordinated press leaves space elsewhere if only one player engages,PT00165,C,Z30,slow_pass
trigger_coordinated_press,stopper,PRESSING,ball_in_Z20,medium,"ball carrier releases via a pre-planned escape lane (third-man, bounce pass, or direct long ball)",regain possession or force a lower-quality action from the ball carrier,defensive_organisation,exploit the isolated player moment to force a turnover or rushed action,uncoordinated press leaves space elsewhere if only one player engages,PT00166,C,Z20,isolated_player
trigger_coordinated_press,deep_playmaker,PRESSING,ball_in_Z10,medium,"ball carrier releases via a pre-planned escape lane (third-man, bounce pass, or direct long ball)",regain possession or force a lower-quality action from the ball carrier,defensive_organisation,exploit the midfielder receiving moment to force a turnover or rushed action,uncoordinated press leaves space elsewhere if only one player engages,PT00167,C,Z10,midfielder_receiving
trigger_coordinated_press,advanced_forward,PRESSING,ball_in_Z24,medium,"ball carrier releases via a pre-planned escape lane (third-man, bounce pass, or direct long ball)",regain possession or force a lower-quality action from the ball carrier,defensive_organisation,exploit the poor body orientation moment to force a turnover or rushed action,uncoordinated press leaves space elsewhere if only one player engages,PT00168,C,Z24,poor_body_orientation
trigger_coordinated_press,inside_forward,PRESSING,ball_in_Z21,medium,"ball carrier releases via a pre-planned escape lane (third-man, bounce pass, or direct long ball)",regain possession or force a lower-quality action from the ball carrier,defensive_organisation,exploit the isolated player moment to force a turnover or rushed action,uncoordinated press leaves space elsewhere if only one player engages,PT00169,C,Z21,isolated_player
trigger_coordinated_press,inside_forward,PRESSING,ball_in_Z23,medium,"ball carrier releases via a pre-planned escape lane (third-man, bounce pass, or direct long ball)",regain possession or force a lower-quality action from the ball carrier,defensive_organisation,exploit the midfielder receiving moment to force a turnover or rushed action,uncoordinated press leaves space elsewhere if only one player engages,PT00170,C,Z23,midfielder_receiving
trigger_coordinated_press,ball_playing_cb,PRESSING,ball_in_Z8,medium,"ball carrier releases via a pre-planned escape lane (third-man, bounce pass, or direct long ball)",regain possession or force a lower-quality action from the ball carrier,defensive_organisation,exploit the bad first touch moment to force a turnover or rushed action,uncoordinated press leaves space elsewhere if only one player engages,PT00171,C,Z8,bad_first_touch
trigger_coordinated_press,advanced_playmaker,PRESSING,ball_in_Z13,medium,"ball carrier releases via a pre-planned escape lane (third-man, bounce pass, or direct long ball)",regain possession or force a lower-quality action from the ball carrier,defensive_organisation,exploit the sideline reception moment to force a turnover or rushed action,uncoordinated press leaves space elsewhere if only one player engages,PT00172,C,Z13,sideline_reception
trigger_coordinated_press,stopper,PRESSING,ball_in_Z2,medium,"ball carrier releases via a pre-planned escape lane (third-man, bounce pass, or direct long ball)",regain possession or force a lower-quality action from the ball carrier,defensive_organisation,exploit the aerial duel contested moment to force a turnover or rushed action,uncoordinated press leaves space elsewhere if only one player engages,PT00173,C,Z2,aerial_duel_contested
trigger_coordinated_press,aggressive_gk,PRESSING,ball_in_Z7,medium,"ball carrier releases via a pre-planned escape lane (third-man, bounce pass, or direct long ball)",regain possession or force a lower-quality action from the ball carrier,defensive_organisation,exploit the slow pass moment to force a turnover or rushed action,uncoordinated press leaves space elsewhere if only one player engages,PT00174,C,Z7,slow_pass
trigger_coordinated_press,ball_playing_gk,PRESSING,ball_in_Z13,medium,"ball carrier releases via a pre-planned escape lane (third-man, bounce pass, or direct long ball)",regain possession or force a lower-quality action from the ball carrier,defensive_organisation,exploit the back pass moment to force a turnover or rushed action,uncoordinated press leaves space elsewhere if only one player engages,PT00175,C,Z13,back_pass
trigger_coordinated_press,attacking_fb,PRESSING,ball_in_Z26,medium,"ball carrier releases via a pre-planned escape lane (third-man, bounce pass, or direct long ball)",regain possession or force a lower-quality action from the ball carrier,defensive_organisation,exploit the sideline reception moment to force a turnover or rushed action,uncoordinated press leaves space elsewhere if only one player engages,PT00176,C,Z26,sideline_reception
trigger_coordinated_press,shadow_striker,PRESSING,ball_in_Z28,medium,"ball carrier releases via a pre-planned escape lane (third-man, bounce pass, or direct long ball)",regain possession or force a lower-quality action from the ball carrier,defensive_organisation,exploit the sideline reception moment to force a turnover or rushed action,uncoordinated press leaves space elsewhere if only one player engages,PT00177,C,Z28,sideline_reception
trigger_coordinated_press,number_10,PRESSING,ball_in_Z15,medium,"ball carrier releases via a pre-planned escape lane (third-man, bounce pass, or direct long ball)",regain possession or force a lower-quality action from the ball carrier,defensive_organisation,exploit the bad first touch moment to force a turnover or rushed action,uncoordinated press leaves space elsewhere if only one player engages,PT00178,C,Z15,bad_first_touch
trigger_coordinated_press,deep_lying_forward,PRESSING,ball_in_Z25,medium,"ball carrier releases via a pre-planned escape lane (third-man, bounce pass, or direct long ball)",regain possession or force a lower-quality action from the ball carrier,defensive_organisation,exploit the long pass in flight moment to force a turnover or rushed action,uncoordinated press leaves space elsewhere if only one player engages,PT00179,C,Z25,long_pass_in_flight
trigger_coordinated_press,ball_winning_midfielder,PRESSING,ball_in_Z18,medium,"ball carrier releases via a pre-planned escape lane (third-man, bounce pass, or direct long ball)",regain possession or force a lower-quality action from the ball carrier,defensive_organisation,exploit the isolated player moment to force a turnover or rushed action,uncoordinated press leaves space elsewhere if only one player engages,PT00180,C,Z18,isolated_player
trigger_coordinated_press,number_10,PRESSING,ball_in_Z27,medium,"ball carrier releases via a pre-planned escape lane (third-man, bounce pass, or direct long ball)",regain possession or force a lower-quality action from the ball carrier,defensive_organisation,exploit the loose pass moment to force a turnover or rushed action,uncoordinated press leaves space elsewhere if only one player engages,PT00181,C,Z27,loose_pass
trigger_coordinated_press,full_back,PRESSING,ball_in_Z7,medium,"ball carrier releases via a pre-planned escape lane (third-man, bounce pass, or direct long ball)",regain possession or force a lower-quality action from the ball carrier,defensive_organisation,exploit the bad first touch moment to force a turnover or rushed action,uncoordinated press leaves space elsewhere if only one player engages,PT00182,C,Z7,bad_first_touch
trigger_coordinated_press,number_10,PRESSING,ball_in_Z29,medium,"ball carrier releases via a pre-planned escape lane (third-man, bounce pass, or direct long ball)",regain possession or force a lower-quality action from the ball carrier,defensive_organisation,exploit the cb possession moment to force a turnover or rushed action,uncoordinated press leaves space elsewhere if only one player engages,PT00183,C,Z29,cb_possession
trigger_coordinated_press,aggressive_gk,PRESSING,ball_in_Z27,medium,"ball carrier releases via a pre-planned escape lane (third-man, bounce pass, or direct long ball)",regain possession or force a lower-quality action from the ball carrier,defensive_organisation,exploit the gk possession moment to force a turnover or rushed action,uncoordinated press leaves space elsewhere if only one player engages,PT00184,C,Z27,gk_possession
trigger_coordinated_press,aggressive_gk,PRESSING,ball_in_Z4,medium,"ball carrier releases via a pre-planned escape lane (third-man, bounce pass, or direct long ball)",regain possession or force a lower-quality action from the ball carrier,defensive_organisation,exploit the long pass in flight moment to force a turnover or rushed action,uncoordinated press leaves space elsewhere if only one player engages,PT00185,C,Z4,long_pass_in_flight
trigger_coordinated_press,regista,PRESSING,ball_in_Z25,medium,"ball carrier releases via a pre-planned escape lane (third-man, bounce pass, or direct long ball)",regain possession or force a lower-quality action from the ball carrier,defensive_organisation,exploit the aerial duel contested moment to force a turnover or rushed action,uncoordinated press leaves space elsewhere if only one player engages,PT00186,C,Z25,aerial_duel_contested
trigger_coordinated_press,target_man,PRESSING,ball_in_Z7,medium,"ball carrier releases via a pre-planned escape lane (third-man, bounce pass, or direct long ball)",regain possession or force a lower-quality action from the ball carrier,defensive_organisation,exploit the bad first touch moment to force a turnover or rushed action,uncoordinated press leaves space elsewhere if only one player engages,PT00187,C,Z7,bad_first_touch
trigger_coordinated_press,shadow_striker,PRESSING,ball_in_Z5,medium,"ball carrier releases via a pre-planned escape lane (third-man, bounce pass, or direct long ball)",regain possession or force a lower-quality action from the ball carrier,defensive_organisation,exploit the loose pass moment to force a turnover or rushed action,uncoordinated press leaves space elsewhere if only one player engages,PT00188,C,Z5,loose_pass
trigger_coordinated_press,false_nine,PRESSING,ball_in_Z8,medium,"ball carrier releases via a pre-planned escape lane (third-man, bounce pass, or direct long ball)",regain possession or force a lower-quality action from the ball carrier,defensive_organisation,exploit the back pass moment to force a turnover or rushed action,uncoordinated press leaves space elsewhere if only one player engages,PT00189,C,Z8,back_pass
trigger_coordinated_press,complete_wing_back,PRESSING,ball_in_Z11,medium,"ball carrier releases via a pre-planned escape lane (third-man, bounce pass, or direct long ball)",regain possession or force a lower-quality action from the ball carrier,defensive_organisation,exploit the loose pass moment to force a turnover or rushed action,uncoordinated press leaves space elsewhere if only one player engages,PT00190,C,Z11,loose_pass
trigger_coordinated_press,inverted_winger,PRESSING,ball_in_Z12,medium,"ball carrier releases via a pre-planned escape lane (third-man, bounce pass, or direct long ball)",regain possession or force a lower-quality action from the ball carrier,defensive_organisation,exploit the long pass in flight moment to force a turnover or rushed action,uncoordinated press leaves space elsewhere if only one player engages,PT00191,C,Z12,long_pass_in_flight
trigger_coordinated_press,shot_stopper,PRESSING,ball_in_Z20,medium,"ball carrier releases via a pre-planned escape lane (third-man, bounce pass, or direct long ball)",regain possession or force a lower-quality action from the ball carrier,defensive_organisation,exploit the fb possession moment to force a turnover or rushed action,uncoordinated press leaves space elsewhere if only one player engages,PT00192,C,Z20,fb_possession
trigger_coordinated_press,advanced_playmaker,PRESSING,ball_in_Z10,medium,"ball carrier releases via a pre-planned escape lane (third-man, bounce pass, or direct long ball)",regain possession or force a lower-quality action from the ball carrier,defensive_organisation,exploit the gk possession moment to force a turnover or rushed action,uncoordinated press leaves space elsewhere if only one player engages,PT00193,C,Z10,gk_possession
trigger_coordinated_press,inverted_fb,PRESSING,ball_in_Z25,medium,"ball carrier releases via a pre-planned escape lane (third-man, bounce pass, or direct long ball)",regain possession or force a lower-quality action from the ball carrier,defensive_organisation,exploit the midfielder receiving moment to force a turnover or rushed action,uncoordinated press leaves space elsewhere if only one player engages,PT00194,C,Z25,midfielder_receiving
trigger_coordinated_press,ball_winning_midfielder,PRESSING,ball_in_Z1,medium,"ball carrier releases via a pre-planned escape lane (third-man, bounce pass, or direct long ball)",regain possession or force a lower-quality action from the ball carrier,defensive_organisation,exploit the back pass moment to force a turnover or rushed action,uncoordinated press leaves space elsewhere if only one player engages,PT00195,C,Z1,back_pass
trigger_coordinated_press,traditional_winger,PRESSING,ball_in_Z4,medium,"ball carrier releases via a pre-planned escape lane (third-man, bounce pass, or direct long ball)",regain possession or force a lower-quality action from the ball carrier,defensive_organisation,exploit the isolated player moment to force a turnover or rushed action,uncoordinated press leaves space elsewhere if only one player engages,PT00196,C,Z4,isolated_player
trigger_coordinated_press,deep_playmaker,PRESSING,ball_in_Z25,medium,"ball carrier releases via a pre-planned escape lane (third-man, bounce pass, or direct long ball)",regain possession or force a lower-quality action from the ball carrier,defensive_organisation,exploit the fb possession moment to force a turnover or rushed action,uncoordinated press leaves space elsewhere if only one player engages,PT00197,C,Z25,fb_possession
trigger_coordinated_press,cover_defender,PRESSING,ball_in_Z22,medium,"ball carrier releases via a pre-planned escape lane (third-man, bounce pass, or direct long ball)",regain possession or force a lower-quality action from the ball carrier,defensive_organisation,exploit the weak foot receiver moment to force a turnover or rushed action,uncoordinated press leaves space elsewhere if only one player engages,PT00198,C,Z22,weak_foot_receiver
trigger_coordinated_press,stopper,PRESSING,ball_in_Z12,medium,"ball carrier releases via a pre-planned escape lane (third-man, bounce pass, or direct long ball)",regain possession or force a lower-quality action from the ball carrier,defensive_organisation,exploit the receiver facing own goal moment to force a turnover or rushed action,uncoordinated press leaves space elsewhere if only one player engages,PT00199,C,Z12,receiver_facing_own_goal
trigger_coordinated_press,complete_wing_back,PRESSING,ball_in_Z25,medium,"ball carrier releases via a pre-planned escape lane (third-man, bounce pass, or direct long ball)",regain possession or force a lower-quality action from the ball carrier,defensive_organisation,exploit the loose pass moment to force a turnover or rushed action,uncoordinated press leaves space elsewhere if only one player engages,PT00200,C,Z25,loose_pass
trigger_coordinated_press,inverted_fb,PRESSING,ball_in_Z6,medium,"ball carrier releases via a pre-planned escape lane (third-man, bounce pass, or direct long ball)",regain possession or force a lower-quality action from the ball carrier,defensive_organisation,exploit the bad first touch moment to force a turnover or rushed action,uncoordinated press leaves space elsewhere if only one player engages,PT00201,C,Z6,bad_first_touch
trigger_coordinated_press,poacher,PRESSING,ball_in_Z7,medium,"ball carrier releases via a pre-planned escape lane (third-man, bounce pass, or direct long ball)",regain possession or force a lower-quality action from the ball carrier,defensive_organisation,exploit the fb possession moment to force a turnover or rushed action,uncoordinated press leaves space elsewhere if only one player engages,PT00202,C,Z7,fb_possession
trigger_coordinated_press,advanced_playmaker,PRESSING,ball_in_Z4,medium,"ball carrier releases via a pre-planned escape lane (third-man, bounce pass, or direct long ball)",regain possession or force a lower-quality action from the ball carrier,defensive_organisation,exploit the cb possession moment to force a turnover or rushed action,uncoordinated press leaves space elsewhere if only one player engages,PT00203,C,Z4,cb_possession
trigger_coordinated_press,wide_target_man,PRESSING,ball_in_Z15,medium,"ball carrier releases via a pre-planned escape lane (third-man, bounce pass, or direct long ball)",regain possession or force a lower-quality action from the ball carrier,defensive_organisation,exploit the cb possession moment to force a turnover or rushed action,uncoordinated press leaves space elsewhere if only one player engages,PT00204,C,Z15,cb_possession
trigger_coordinated_press,segundo_volante,PRESSING,ball_in_Z29,medium,"ball carrier releases via a pre-planned escape lane (third-man, bounce pass, or direct long ball)",regain possession or force a lower-quality action from the ball carrier,defensive_organisation,exploit the receiver facing own goal moment to force a turnover or rushed action,uncoordinated press leaves space elsewhere if only one player engages,PT00205,C,Z29,receiver_facing_own_goal
trigger_coordinated_press,sweeper_keeper,PRESSING,ball_in_Z18,medium,"ball carrier releases via a pre-planned escape lane (third-man, bounce pass, or direct long ball)",regain possession or force a lower-quality action from the ball carrier,defensive_organisation,exploit the midfielder receiving moment to force a turnover or rushed action,uncoordinated press leaves space elsewhere if only one player engages,PT00206,C,Z18,midfielder_receiving
trigger_coordinated_press,stopper,PRESSING,ball_in_Z27,medium,"ball carrier releases via a pre-planned escape lane (third-man, bounce pass, or direct long ball)",regain possession or force a lower-quality action from the ball carrier,defensive_organisation,exploit the cb possession moment to force a turnover or rushed action,uncoordinated press leaves space elsewhere if only one player engages,PT00207,C,Z27,cb_possession
trigger_coordinated_press,ball_playing_cb,PRESSING,ball_in_Z7,medium,"ball carrier releases via a pre-planned escape lane (third-man, bounce pass, or direct long ball)",regain possession or force a lower-quality action from the ball carrier,defensive_organisation,exploit the back pass moment to force a turnover or rushed action,uncoordinated press leaves space elsewhere if only one player engages,PT00208,C,Z7,back_pass
trigger_coordinated_press,wide_target_man,PRESSING,ball_in_Z19,medium,"ball carrier releases via a pre-planned escape lane (third-man, bounce pass, or direct long ball)",regain possession or force a lower-quality action from the ball carrier,defensive_organisation,exploit the receiver facing own goal moment to force a turnover or rushed action,uncoordinated press leaves space elsewhere if only one player engages,PT00209,C,Z19,receiver_facing_own_goal
trigger_coordinated_press,complete_forward,PRESSING,ball_in_Z24,medium,"ball carrier releases via a pre-planned escape lane (third-man, bounce pass, or direct long ball)",regain possession or force a lower-quality action from the ball carrier,defensive_organisation,exploit the isolated player moment to force a turnover or rushed action,uncoordinated press leaves space elsewhere if only one player engages,PT00210,C,Z24,isolated_player
trigger_coordinated_press,traditional_winger,PRESSING,ball_in_Z8,medium,"ball carrier releases via a pre-planned escape lane (third-man, bounce pass, or direct long ball)",regain possession or force a lower-quality action from the ball carrier,defensive_organisation,exploit the gk possession moment to force a turnover or rushed action,uncoordinated press leaves space elsewhere if only one player engages,PT00211,C,Z8,gk_possession
trigger_coordinated_press,inverted_fb,PRESSING,ball_in_Z14,medium,"ball carrier releases via a pre-planned escape lane (third-man, bounce pass, or direct long ball)",regain possession or force a lower-quality action from the ball carrier,defensive_organisation,exploit the poor body orientation moment to force a turnover or rushed action,uncoordinated press leaves space elsewhere if only one player engages,PT00212,C,Z14,poor_body_orientation
trigger_coordinated_press,defensive_winger,PRESSING,ball_in_Z6,medium,"ball carrier releases via a pre-planned escape lane (third-man, bounce pass, or direct long ball)",regain possession or force a lower-quality action from the ball carrier,defensive_organisation,exploit the slow pass moment to force a turnover or rushed action,uncoordinated press leaves space elsewhere if only one player engages,PT00213,C,Z6,slow_pass
trigger_coordinated_press,deep_playmaker,PRESSING,ball_in_Z4,medium,"ball carrier releases via a pre-planned escape lane (third-man, bounce pass, or direct long ball)",regain possession or force a lower-quality action from the ball carrier,defensive_organisation,exploit the weak foot receiver moment to force a turnover or rushed action,uncoordinated press leaves space elsewhere if only one player engages,PT00214,C,Z4,weak_foot_receiver
trigger_coordinated_press,complete_forward,PRESSING,ball_in_Z7,medium,"ball carrier releases via a pre-planned escape lane (third-man, bounce pass, or direct long ball)",regain possession or force a lower-quality action from the ball carrier,defensive_organisation,exploit the back pass moment to force a turnover or rushed action,uncoordinated press leaves space elsewhere if only one player engages,PT00215,C,Z7,back_pass
trigger_coordinated_press,destroyer,PRESSING,ball_in_Z21,medium,"ball carrier releases via a pre-planned escape lane (third-man, bounce pass, or direct long ball)",regain possession or force a lower-quality action from the ball carrier,defensive_organisation,exploit the slow pass moment to force a turnover or rushed action,uncoordinated press leaves space elsewhere if only one player engages,PT00216,C,Z21,slow_pass
trigger_coordinated_press,ball_winning_midfielder,PRESSING,ball_in_Z26,medium,"ball carrier releases via a pre-planned escape lane (third-man, bounce pass, or direct long ball)",regain possession or force a lower-quality action from the ball carrier,defensive_organisation,exploit the isolated player moment to force a turnover or rushed action,uncoordinated press leaves space elsewhere if only one player engages,PT00217,C,Z26,isolated_player
trigger_coordinated_press,deep_playmaker,PRESSING,ball_in_Z13,medium,"ball carrier releases via a pre-planned escape lane (third-man, bounce pass, or direct long ball)",regain possession or force a lower-quality action from the ball carrier,defensive_organisation,exploit the second ball loose moment to force a turnover or rushed action,uncoordinated press leaves space elsewhere if only one player engages,PT00218,C,Z13,second_ball_loose
trigger_coordinated_press,number_10,PRESSING,ball_in_Z2,medium,"ball carrier releases via a pre-planned escape lane (third-man, bounce pass, or direct long ball)",regain possession or force a lower-quality action from the ball carrier,defensive_organisation,exploit the isolated player moment to force a turnover or rushed action,uncoordinated press leaves space elsewhere if only one player engages,PT00219,C,Z2,isolated_player
trigger_coordinated_press,stopper,PRESSING,ball_in_Z4,medium,"ball carrier releases via a pre-planned escape lane (third-man, bounce pass, or direct long ball)",regain possession or force a lower-quality action from the ball carrier,defensive_organisation,exploit the weak foot receiver moment to force a turnover or rushed action,uncoordinated press leaves space elsewhere if only one player engages,PT00220,C,Z4,weak_foot_receiver
trigger_coordinated_press,box_to_box,PRESSING,ball_in_Z13,medium,"ball carrier releases via a pre-planned escape lane (third-man, bounce pass, or direct long ball)",regain possession or force a lower-quality action from the ball carrier,defensive_organisation,exploit the slow pass moment to force a turnover or rushed action,uncoordinated press leaves space elsewhere if only one player engages,PT00221,C,Z13,slow_pass
trigger_coordinated_press,regista,PRESSING,ball_in_Z30,medium,"ball carrier releases via a pre-planned escape lane (third-man, bounce pass, or direct long ball)",regain possession or force a lower-quality action from the ball carrier,defensive_organisation,exploit the long pass in flight moment to force a turnover or rushed action,uncoordinated press leaves space elsewhere if only one player engages,PT00222,C,Z30,long_pass_in_flight
trigger_coordinated_press,false_nine,PRESSING,ball_in_Z27,medium,"ball carrier releases via a pre-planned escape lane (third-man, bounce pass, or direct long ball)",regain possession or force a lower-quality action from the ball carrier,defensive_organisation,exploit the slow pass moment to force a turnover or rushed action,uncoordinated press leaves space elsewhere if only one player engages,PT00223,C,Z27,slow_pass
trigger_coordinated_press,segundo_volante,PRESSING,ball_in_Z4,medium,"ball carrier releases via a pre-planned escape lane (third-man, bounce pass, or direct long ball)",regain possession or force a lower-quality action from the ball carrier,defensive_organisation,exploit the second ball loose moment to force a turnover or rushed action,uncoordinated press leaves space elsewhere if only one player engages,PT00224,C,Z4,second_ball_loose
trigger_coordinated_press,box_to_box,PRESSING,ball_in_Z6,medium,"ball carrier releases via a pre-planned escape lane (third-man, bounce pass, or direct long ball)",regain possession or force a lower-quality action from the ball carrier,defensive_organisation,exploit the aerial duel contested moment to force a turnover or rushed action,uncoordinated press leaves space elsewhere if only one player engages,PT00225,C,Z6,aerial_duel_contested
trigger_coordinated_press,raumdeuter,PRESSING,ball_in_Z17,medium,"ball carrier releases via a pre-planned escape lane (third-man, bounce pass, or direct long ball)",regain possession or force a lower-quality action from the ball carrier,defensive_organisation,exploit the long pass in flight moment to force a turnover or rushed action,uncoordinated press leaves space elsewhere if only one player engages,PT00226,C,Z17,long_pass_in_flight
trigger_coordinated_press,complete_wing_back,PRESSING,ball_in_Z20,medium,"ball carrier releases via a pre-planned escape lane (third-man, bounce pass, or direct long ball)",regain possession or force a lower-quality action from the ball carrier,defensive_organisation,exploit the slow pass moment to force a turnover or rushed action,uncoordinated press leaves space elsewhere if only one player engages,PT00227,C,Z20,slow_pass
trigger_coordinated_press,wide_playmaker,PRESSING,ball_in_Z13,medium,"ball carrier releases via a pre-planned escape lane (third-man, bounce pass, or direct long ball)",regain possession or force a lower-quality action from the ball carrier,defensive_organisation,exploit the slow pass moment to force a turnover or rushed action,uncoordinated press leaves space elsewhere if only one player engages,PT00228,C,Z13,slow_pass
trigger_coordinated_press,anchor_man,PRESSING,ball_in_Z6,medium,"ball carrier releases via a pre-planned escape lane (third-man, bounce pass, or direct long ball)",regain possession or force a lower-quality action from the ball carrier,defensive_organisation,exploit the poor body orientation moment to force a turnover or rushed action,uncoordinated press leaves space elsewhere if only one player engages,PT00229,C,Z6,poor_body_orientation
trigger_coordinated_press,defensive_winger,PRESSING,ball_in_Z11,medium,"ball carrier releases via a pre-planned escape lane (third-man, bounce pass, or direct long ball)",regain possession or force a lower-quality action from the ball carrier,defensive_organisation,exploit the loose pass moment to force a turnover or rushed action,uncoordinated press leaves space elsewhere if only one player engages,PT00230,C,Z11,loose_pass
trigger_coordinated_press,pressing_forward,PRESSING,ball_in_Z9,medium,"ball carrier releases via a pre-planned escape lane (third-man, bounce pass, or direct long ball)",regain possession or force a lower-quality action from the ball carrier,defensive_organisation,exploit the back pass moment to force a turnover or rushed action,uncoordinated press leaves space elsewhere if only one player engages,PT00231,C,Z9,back_pass
trigger_coordinated_press,wing_back,PRESSING,ball_in_Z13,medium,"ball carrier releases via a pre-planned escape lane (third-man, bounce pass, or direct long ball)",regain possession or force a lower-quality action from the ball carrier,defensive_organisation,exploit the isolated player moment to force a turnover or rushed action,uncoordinated press leaves space elsewhere if only one player engages,PT00232,C,Z13,isolated_player
trigger_coordinated_press,inside_forward,PRESSING,ball_in_Z2,medium,"ball carrier releases via a pre-planned escape lane (third-man, bounce pass, or direct long ball)",regain possession or force a lower-quality action from the ball carrier,defensive_organisation,exploit the isolated player moment to force a turnover or rushed action,uncoordinated press leaves space elsewhere if only one player engages,PT00233,C,Z2,isolated_player
trigger_coordinated_press,ball_winning_midfielder,PRESSING,ball_in_Z22,medium,"ball carrier releases via a pre-planned escape lane (third-man, bounce pass, or direct long ball)",regain possession or force a lower-quality action from the ball carrier,defensive_organisation,exploit the gk possession moment to force a turnover or rushed action,uncoordinated press leaves space elsewhere if only one player engages,PT00234,C,Z22,gk_possession
trigger_coordinated_press,target_man,PRESSING,ball_in_Z21,medium,"ball carrier releases via a pre-planned escape lane (third-man, bounce pass, or direct long ball)",regain possession or force a lower-quality action from the ball carrier,defensive_organisation,exploit the back pass moment to force a turnover or rushed action,uncoordinated press leaves space elsewhere if only one player engages,PT00235,C,Z21,back_pass
trigger_coordinated_press,ball_playing_gk,PRESSING,ball_in_Z17,medium,"ball carrier releases via a pre-planned escape lane (third-man, bounce pass, or direct long ball)",regain possession or force a lower-quality action from the ball carrier,defensive_organisation,exploit the midfielder receiving moment to force a turnover or rushed action,uncoordinated press leaves space elsewhere if only one player engages,PT00236,C,Z17,midfielder_receiving
trigger_coordinated_press,ball_playing_gk,PRESSING,ball_in_Z23,medium,"ball carrier releases via a pre-planned escape lane (third-man, bounce pass, or direct long ball)",regain possession or force a lower-quality action from the ball carrier,defensive_organisation,exploit the long pass in flight moment to force a turnover or rushed action,uncoordinated press leaves space elsewhere if only one player engages,PT00237,C,Z23,long_pass_in_flight
trigger_coordinated_press,regista,PRESSING,ball_in_Z27,medium,"ball carrier releases via a pre-planned escape lane (third-man, bounce pass, or direct long ball)",regain possession or force a lower-quality action from the ball carrier,defensive_organisation,exploit the sideline reception moment to force a turnover or rushed action,uncoordinated press leaves space elsewhere if only one player engages,PT00238,C,Z27,sideline_reception
trigger_coordinated_press,anchor_man,PRESSING,ball_in_Z9,medium,"ball carrier releases via a pre-planned escape lane (third-man, bounce pass, or direct long ball)",regain possession or force a lower-quality action from the ball carrier,defensive_organisation,exploit the back pass moment to force a turnover or rushed action,uncoordinated press leaves space elsewhere if only one player engages,PT00239,C,Z9,back_pass
trigger_coordinated_press,anchor_man,PRESSING,ball_in_Z16,medium,"ball carrier releases via a pre-planned escape lane (third-man, bounce pass, or direct long ball)",regain possession or force a lower-quality action from the ball carrier,defensive_organisation,exploit the bad first touch moment to force a turnover or rushed action,uncoordinated press leaves space elsewhere if only one player engages,PT00240,C,Z16,bad_first_touch
trigger_coordinated_press,false_nine,PRESSING,ball_in_Z2,medium,"ball carrier releases via a pre-planned escape lane (third-man, bounce pass, or direct long ball)",regain possession or force a lower-quality action from the ball carrier,defensive_organisation,exploit the bad first touch moment to force a turnover or rushed action,uncoordinated press leaves space elsewhere if only one player engages,PT00241,C,Z2,bad_first_touch
trigger_coordinated_press,shot_stopper,PRESSING,ball_in_Z7,medium,"ball carrier releases via a pre-planned escape lane (third-man, bounce pass, or direct long ball)",regain possession or force a lower-quality action from the ball carrier,defensive_organisation,exploit the aerial duel contested moment to force a turnover or rushed action,uncoordinated press leaves space elsewhere if only one player engages,PT00242,C,Z7,aerial_duel_contested
trigger_coordinated_press,anchor_man,PRESSING,ball_in_Z28,medium,"ball carrier releases via a pre-planned escape lane (third-man, bounce pass, or direct long ball)",regain possession or force a lower-quality action from the ball carrier,defensive_organisation,exploit the gk possession moment to force a turnover or rushed action,uncoordinated press leaves space elsewhere if only one player engages,PT00243,C,Z28,gk_possession
trigger_coordinated_press,shot_stopper,PRESSING,ball_in_Z25,medium,"ball carrier releases via a pre-planned escape lane (third-man, bounce pass, or direct long ball)",regain possession or force a lower-quality action from the ball carrier,defensive_organisation,exploit the aerial duel contested moment to force a turnover or rushed action,uncoordinated press leaves space elsewhere if only one player engages,PT00244,C,Z25,aerial_duel_contested
trigger_coordinated_press,segundo_volante,PRESSING,ball_in_Z12,medium,"ball carrier releases via a pre-planned escape lane (third-man, bounce pass, or direct long ball)",regain possession or force a lower-quality action from the ball carrier,defensive_organisation,exploit the poor body orientation moment to force a turnover or rushed action,uncoordinated press leaves space elsewhere if only one player engages,PT00245,C,Z12,poor_body_orientation
trigger_coordinated_press,deep_lying_forward,PRESSING,ball_in_Z3,medium,"ball carrier releases via a pre-planned escape lane (third-man, bounce pass, or direct long ball)",regain possession or force a lower-quality action from the ball carrier,defensive_organisation,exploit the long pass in flight moment to force a turnover or rushed action,uncoordinated press leaves space elsewhere if only one player engages,PT00246,C,Z3,long_pass_in_flight
trigger_coordinated_press,box_to_box,PRESSING,ball_in_Z29,medium,"ball carrier releases via a pre-planned escape lane (third-man, bounce pass, or direct long ball)",regain possession or force a lower-quality action from the ball carrier,defensive_organisation,exploit the slow pass moment to force a turnover or rushed action,uncoordinated press leaves space elsewhere if only one player engages,PT00247,C,Z29,slow_pass
trigger_coordinated_press,wide_playmaker,PRESSING,ball_in_Z24,medium,"ball carrier releases via a pre-planned escape lane (third-man, bounce pass, or direct long ball)",regain possession or force a lower-quality action from the ball carrier,defensive_organisation,exploit the weak foot receiver moment to force a turnover or rushed action,uncoordinated press leaves space elsewhere if only one player engages,PT00248,C,Z24,weak_foot_receiver
trigger_coordinated_press,trequartista,PRESSING,ball_in_Z1,medium,"ball carrier releases via a pre-planned escape lane (third-man, bounce pass, or direct long ball)",regain possession or force a lower-quality action from the ball carrier,defensive_organisation,exploit the weak foot receiver moment to force a turnover or rushed action,uncoordinated press leaves space elsewhere if only one player engages,PT00249,C,Z1,weak_foot_receiver
trigger_coordinated_press,stopper,PRESSING,ball_in_Z3,medium,"ball carrier releases via a pre-planned escape lane (third-man, bounce pass, or direct long ball)",regain possession or force a lower-quality action from the ball carrier,defensive_organisation,exploit the fb possession moment to force a turnover or rushed action,uncoordinated press leaves space elsewhere if only one player engages,PT00250,C,Z3,fb_possession
trigger_coordinated_press,complete_forward,PRESSING,ball_in_Z11,medium,"ball carrier releases via a pre-planned escape lane (third-man, bounce pass, or direct long ball)",regain possession or force a lower-quality action from the ball carrier,defensive_organisation,exploit the slow pass moment to force a turnover or rushed action,uncoordinated press leaves space elsewhere if only one player engages,PT00251,C,Z11,slow_pass
trigger_coordinated_press,carrilero,PRESSING,ball_in_Z14,medium,"ball carrier releases via a pre-planned escape lane (third-man, bounce pass, or direct long ball)",regain possession or force a lower-quality action from the ball carrier,defensive_organisation,exploit the aerial duel contested moment to force a turnover or rushed action,uncoordinated press leaves space elsewhere if only one player engages,PT00252,C,Z14,aerial_duel_contested
trigger_coordinated_press,stopper,PRESSING,ball_in_Z11,medium,"ball carrier releases via a pre-planned escape lane (third-man, bounce pass, or direct long ball)",regain possession or force a lower-quality action from the ball carrier,defensive_organisation,exploit the back pass moment to force a turnover or rushed action,uncoordinated press leaves space elsewhere if only one player engages,PT00253,C,Z11,back_pass
trigger_coordinated_press,sweeper_keeper,PRESSING,ball_in_Z14,medium,"ball carrier releases via a pre-planned escape lane (third-man, bounce pass, or direct long ball)",regain possession or force a lower-quality action from the ball carrier,defensive_organisation,exploit the long pass in flight moment to force a turnover or rushed action,uncoordinated press leaves space elsewhere if only one player engages,PT00254,C,Z14,long_pass_in_flight
trigger_coordinated_press,deep_lying_forward,PRESSING,ball_in_Z5,medium,"ball carrier releases via a pre-planned escape lane (third-man, bounce pass, or direct long ball)",regain possession or force a lower-quality action from the ball carrier,defensive_organisation,exploit the loose pass moment to force a turnover or rushed action,uncoordinated press leaves space elsewhere if only one player engages,PT00255,C,Z5,loose_pass
trigger_coordinated_press,carrilero,PRESSING,ball_in_Z29,medium,"ball carrier releases via a pre-planned escape lane (third-man, bounce pass, or direct long ball)",regain possession or force a lower-quality action from the ball carrier,defensive_organisation,exploit the sideline reception moment to force a turnover or rushed action,uncoordinated press leaves space elsewhere if only one player engages,PT00256,C,Z29,sideline_reception
trigger_coordinated_press,deep_lying_forward,PRESSING,ball_in_Z11,medium,"ball carrier releases via a pre-planned escape lane (third-man, bounce pass, or direct long ball)",regain possession or force a lower-quality action from the ball carrier,defensive_organisation,exploit the weak foot receiver moment to force a turnover or rushed action,uncoordinated press leaves space elsewhere if only one player engages,PT00257,C,Z11,weak_foot_receiver
trigger_coordinated_press,destroyer,PRESSING,ball_in_Z28,medium,"ball carrier releases via a pre-planned escape lane (third-man, bounce pass, or direct long ball)",regain possession or force a lower-quality action from the ball carrier,defensive_organisation,exploit the long pass in flight moment to force a turnover or rushed action,uncoordinated press leaves space elsewhere if only one player engages,PT00258,C,Z28,long_pass_in_flight
trigger_coordinated_press,inverted_fb,PRESSING,ball_in_Z28,medium,"ball carrier releases via a pre-planned escape lane (third-man, bounce pass, or direct long ball)",regain possession or force a lower-quality action from the ball carrier,defensive_organisation,exploit the receiver facing own goal moment to force a turnover or rushed action,uncoordinated press leaves space elsewhere if only one player engages,PT00259,C,Z28,receiver_facing_own_goal
trigger_coordinated_press,wide_playmaker,PRESSING,ball_in_Z2,medium,"ball carrier releases via a pre-planned escape lane (third-man, bounce pass, or direct long ball)",regain possession or force a lower-quality action from the ball carrier,defensive_organisation,exploit the back pass moment to force a turnover or rushed action,uncoordinated press leaves space elsewhere if only one player engages,PT00260,C,Z2,back_pass
pass_to_cover_defender_who_lays_off_to_defensive_winger,segundo_volante,PASSING,defensive_winger_positioned_to_receive_in_Z17_unmarked,medium,the defending team's covering midfielder anticipates the lay-off and intercepts the third pass,defensive_winger receives progressed and facing forward in Z17,attacking_organisation,a third-man combination (progression) moving the ball from Z30 through Z26 to Z17 to bypass the nearest defensive line,requires precise timing across three players; any one mistimed touch breaks the pattern,TM00001,C,Z17,segundo_volante_in_possession_in_Z30_under_pressure
pass_to_ball_winning_midfielder_who_lays_off_to_number_10,traditional_winger,PASSING,number_10_positioned_to_receive_in_Z29_unmarked,medium,the defending team's covering midfielder anticipates the lay-off and intercepts the third pass,number_10 receives progressed and facing forward in Z29,attacking_organisation,a third-man combination (progression) moving the ball from Z14 through Z20 to Z29 to bypass the nearest defensive line,requires precise timing across three players; any one mistimed touch breaks the pattern,TM00002,C,Z29,traditional_winger_in_possession_in_Z14_under_pressure
pass_to_advanced_forward_who_lays_off_to_target_man,sweeper_keeper,PASSING,target_man_positioned_to_receive_in_Z9_unmarked,medium,the defending team's covering midfielder anticipates the lay-off and intercepts the third pass,target_man receives progressed and facing forward in Z9,attacking_organisation,a third-man combination (build up) moving the ball from Z10 through Z17 to Z9 to bypass the nearest defensive line,requires precise timing across three players; any one mistimed touch breaks the pattern,TM00003,C,Z9,sweeper_keeper_in_possession_in_Z10_under_pressure
pass_to_stopper_who_lays_off_to_number_10,advanced_playmaker,PASSING,number_10_positioned_to_receive_in_Z28_unmarked,medium,the defending team's covering midfielder anticipates the lay-off and intercepts the third pass,number_10 receives progressed and facing forward in Z28,attacking_organisation,a third-man combination (progression) moving the ball from Z4 through Z16 to Z28 to bypass the nearest defensive line,requires precise timing across three players; any one mistimed touch breaks the pattern,TM00004,C,Z28,advanced_playmaker_in_possession_in_Z4_under_pressure
pass_to_ball_playing_gk_who_lays_off_to_regista,traditional_winger,PASSING,regista_positioned_to_receive_in_Z14_unmarked,medium,the defending team's covering midfielder anticipates the lay-off and intercepts the third pass,regista receives progressed and facing forward in Z14,offensive_transition,a third-man combination (counterattack) moving the ball from Z6 through Z4 to Z14 to bypass the nearest defensive line,requires precise timing across three players; any one mistimed touch breaks the pattern,TM00005,C,Z14,traditional_winger_in_possession_in_Z6_under_pressure
pass_to_inside_forward_who_lays_off_to_pressing_forward,false_fb,PASSING,pressing_forward_positioned_to_receive_in_Z17_unmarked,medium,the defending team's covering midfielder anticipates the lay-off and intercepts the third pass,pressing_forward receives progressed and facing forward in Z17,attacking_organisation,a third-man combination (press escape) moving the ball from Z23 through Z13 to Z17 to bypass the nearest defensive line,requires precise timing across three players; any one mistimed touch breaks the pattern,TM00006,C,Z17,false_fb_in_possession_in_Z23_under_pressure
pass_to_complete_forward_who_lays_off_to_false_fb,destroyer,PASSING,false_fb_positioned_to_receive_in_Z19_unmarked,medium,the defending team's covering midfielder anticipates the lay-off and intercepts the third pass,false_fb receives progressed and facing forward in Z19,attacking_organisation,a third-man combination (build up) moving the ball from Z22 through Z9 to Z19 to bypass the nearest defensive line,requires precise timing across three players; any one mistimed touch breaks the pattern,TM00007,C,Z19,destroyer_in_possession_in_Z22_under_pressure
pass_to_segundo_volante_who_lays_off_to_anchor_man,wide_cb,PASSING,anchor_man_positioned_to_receive_in_Z15_unmarked,medium,the defending team's covering midfielder anticipates the lay-off and intercepts the third pass,anchor_man receives progressed and facing forward in Z15,attacking_organisation,a third-man combination (press escape) moving the ball from Z27 through Z19 to Z15 to bypass the nearest defensive line,requires precise timing across three players; any one mistimed touch breaks the pattern,TM00008,C,Z15,wide_cb_in_possession_in_Z27_under_pressure
pass_to_trequartista_who_lays_off_to_ball_playing_cb,poacher,PASSING,ball_playing_cb_positioned_to_receive_in_Z17_unmarked,medium,the defending team's covering midfielder anticipates the lay-off and intercepts the third pass,ball_playing_cb receives progressed and facing forward in Z17,attacking_organisation,a third-man combination (final third) moving the ball from Z12 through Z9 to Z17 to bypass the nearest defensive line,requires precise timing across three players; any one mistimed touch breaks the pattern,TM00009,C,Z17,poacher_in_possession_in_Z12_under_pressure
pass_to_inside_forward_who_lays_off_to_wing_back,false_nine,PASSING,wing_back_positioned_to_receive_in_Z13_unmarked,medium,the defending team's covering midfielder anticipates the lay-off and intercepts the third pass,wing_back receives progressed and facing forward in Z13,attacking_organisation,a third-man combination (press escape) moving the ball from Z21 through Z16 to Z13 to bypass the nearest defensive line,requires precise timing across three players; any one mistimed touch breaks the pattern,TM00010,C,Z13,false_nine_in_possession_in_Z21_under_pressure
pass_to_mezzala_who_lays_off_to_raumdeuter,ball_playing_gk,PASSING,raumdeuter_positioned_to_receive_in_Z23_unmarked,medium,the defending team's covering midfielder anticipates the lay-off and intercepts the third pass,raumdeuter receives progressed and facing forward in Z23,attacking_organisation,a third-man combination (final third) moving the ball from Z1 through Z16 to Z23 to bypass the nearest defensive line,requires precise timing across three players; any one mistimed touch breaks the pattern,TM00011,C,Z23,ball_playing_gk_in_possession_in_Z1_under_pressure
pass_to_inverted_fb_who_lays_off_to_pressing_forward,inverted_winger,PASSING,pressing_forward_positioned_to_receive_in_Z3_unmarked,medium,the defending team's covering midfielder anticipates the lay-off and intercepts the third pass,pressing_forward receives progressed and facing forward in Z3,attacking_organisation,a third-man combination (press escape) moving the ball from Z5 through Z8 to Z3 to bypass the nearest defensive line,requires precise timing across three players; any one mistimed touch breaks the pattern,TM00012,C,Z3,inverted_winger_in_possession_in_Z5_under_pressure
pass_to_cover_defender_who_lays_off_to_defensive_winger,complete_wing_back,PASSING,defensive_winger_positioned_to_receive_in_Z4_unmarked,medium,the defending team's covering midfielder anticipates the lay-off and intercepts the third pass,defensive_winger receives progressed and facing forward in Z4,attacking_organisation,a third-man combination (press escape) moving the ball from Z25 through Z29 to Z4 to bypass the nearest defensive line,requires precise timing across three players; any one mistimed touch breaks the pattern,TM00013,C,Z4,complete_wing_back_in_possession_in_Z25_under_pressure
pass_to_attacking_fb_who_lays_off_to_wide_playmaker,false_nine,PASSING,wide_playmaker_positioned_to_receive_in_Z3_unmarked,medium,the defending team's covering midfielder anticipates the lay-off and intercepts the third pass,wide_playmaker receives progressed and facing forward in Z3,attacking_organisation,a third-man combination (build up) moving the ball from Z14 through Z22 to Z3 to bypass the nearest defensive line,requires precise timing across three players; any one mistimed touch breaks the pattern,TM00014,C,Z3,false_nine_in_possession_in_Z14_under_pressure
pass_to_complete_wing_back_who_lays_off_to_destroyer,box_to_box,PASSING,destroyer_positioned_to_receive_in_Z13_unmarked,medium,the defending team's covering midfielder anticipates the lay-off and intercepts the third pass,destroyer receives progressed and facing forward in Z13,attacking_organisation,a third-man combination (build up) moving the ball from Z29 through Z30 to Z13 to bypass the nearest defensive line,requires precise timing across three players; any one mistimed touch breaks the pattern,TM00015,C,Z13,box_to_box_in_possession_in_Z29_under_pressure
pass_to_half_back_who_lays_off_to_defensive_winger,destroyer,PASSING,defensive_winger_positioned_to_receive_in_Z19_unmarked,medium,the defending team's covering midfielder anticipates the lay-off and intercepts the third pass,defensive_winger receives progressed and facing forward in Z19,offensive_transition,a third-man combination (counterattack) moving the ball from Z16 through Z6 to Z19 to bypass the nearest defensive line,requires precise timing across three players; any one mistimed touch breaks the pattern,TM00016,C,Z19,destroyer_in_possession_in_Z16_under_pressure
pass_to_regista_who_lays_off_to_advanced_playmaker,advanced_forward,PASSING,advanced_playmaker_positioned_to_receive_in_Z11_unmarked,medium,the defending team's covering midfielder anticipates the lay-off and intercepts the third pass,advanced_playmaker receives progressed and facing forward in Z11,offensive_transition,a third-man combination (counterattack) moving the ball from Z16 through Z12 to Z11 to bypass the nearest defensive line,requires precise timing across three players; any one mistimed touch breaks the pattern,TM00017,C,Z11,advanced_forward_in_possession_in_Z16_under_pressure
pass_to_stopper_who_lays_off_to_sweeper_keeper,inverted_winger,PASSING,sweeper_keeper_positioned_to_receive_in_Z17_unmarked,medium,the defending team's covering midfielder anticipates the lay-off and intercepts the third pass,sweeper_keeper receives progressed and facing forward in Z17,attacking_organisation,a third-man combination (progression) moving the ball from Z30 through Z7 to Z17 to bypass the nearest defensive line,requires precise timing across three players; any one mistimed touch breaks the pattern,TM00018,C,Z17,inverted_winger_in_possession_in_Z30_under_pressure
pass_to_aggressive_gk_who_lays_off_to_advanced_playmaker,wide_target_man,PASSING,advanced_playmaker_positioned_to_receive_in_Z10_unmarked,medium,the defending team's covering midfielder anticipates the lay-off and intercepts the third pass,advanced_playmaker receives progressed and facing forward in Z10,offensive_transition,a third-man combination (counterattack) moving the ball from Z17 through Z13 to Z10 to bypass the nearest defensive line,requires precise timing across three players; any one mistimed touch breaks the pattern,TM00019,C,Z10,wide_target_man_in_possession_in_Z17_under_pressure
pass_to_shadow_striker_who_lays_off_to_trequartista,carrilero,PASSING,trequartista_positioned_to_receive_in_Z3_unmarked,medium,the defending team's covering midfielder anticipates the lay-off and intercepts the third pass,trequartista receives progressed and facing forward in Z3,attacking_organisation,a third-man combination (build up) moving the ball from Z27 through Z25 to Z3 to bypass the nearest defensive line,requires precise timing across three players; any one mistimed touch breaks the pattern,TM00020,C,Z3,carrilero_in_possession_in_Z27_under_pressure
pass_to_destroyer_who_lays_off_to_cover_defender,ball_playing_gk,PASSING,cover_defender_positioned_to_receive_in_Z18_unmarked,medium,the defending team's covering midfielder anticipates the lay-off and intercepts the third pass,cover_defender receives progressed and facing forward in Z18,attacking_organisation,a third-man combination (progression) moving the ball from Z13 through Z11 to Z18 to bypass the nearest defensive line,requires precise timing across three players; any one mistimed touch breaks the pattern,TM00021,C,Z18,ball_playing_gk_in_possession_in_Z13_under_pressure
pass_to_target_man_who_lays_off_to_inverted_fb,wide_target_man,PASSING,inverted_fb_positioned_to_receive_in_Z6_unmarked,medium,the defending team's covering midfielder anticipates the lay-off and intercepts the third pass,inverted_fb receives progressed and facing forward in Z6,attacking_organisation,a third-man combination (press escape) moving the ball from Z23 through Z26 to Z6 to bypass the nearest defensive line,requires precise timing across three players; any one mistimed touch breaks the pattern,TM00022,C,Z6,wide_target_man_in_possession_in_Z23_under_pressure
pass_to_destroyer_who_lays_off_to_wing_back,advanced_forward,PASSING,wing_back_positioned_to_receive_in_Z17_unmarked,medium,the defending team's covering midfielder anticipates the lay-off and intercepts the third pass,wing_back receives progressed and facing forward in Z17,attacking_organisation,a third-man combination (final third) moving the ball from Z29 through Z4 to Z17 to bypass the nearest defensive line,requires precise timing across three players; any one mistimed touch breaks the pattern,TM00023,C,Z17,advanced_forward_in_possession_in_Z29_under_pressure
pass_to_destroyer_who_lays_off_to_advanced_forward,full_back,PASSING,advanced_forward_positioned_to_receive_in_Z28_unmarked,medium,the defending team's covering midfielder anticipates the lay-off and intercepts the third pass,advanced_forward receives progressed and facing forward in Z28,attacking_organisation,a third-man combination (final third) moving the ball from Z10 through Z24 to Z28 to bypass the nearest defensive line,requires precise timing across three players; any one mistimed touch breaks the pattern,TM00024,C,Z28,full_back_in_possession_in_Z10_under_pressure
pass_to_wing_back_who_lays_off_to_target_man,regista,PASSING,target_man_positioned_to_receive_in_Z25_unmarked,medium,the defending team's covering midfielder anticipates the lay-off and intercepts the third pass,target_man receives progressed and facing forward in Z25,offensive_transition,a third-man combination (counterattack) moving the ball from Z22 through Z10 to Z25 to bypass the nearest defensive line,requires precise timing across three players; any one mistimed touch breaks the pattern,TM00025,C,Z25,regista_in_possession_in_Z22_under_pressure
pass_to_anchor_man_who_lays_off_to_deep_playmaker,complete_forward,PASSING,deep_playmaker_positioned_to_receive_in_Z8_unmarked,medium,the defending team's covering midfielder anticipates the lay-off and intercepts the third pass,deep_playmaker receives progressed and facing forward in Z8,attacking_organisation,a third-man combination (build up) moving the ball from Z6 through Z22 to Z8 to bypass the nearest defensive line,requires precise timing across three players; any one mistimed touch breaks the pattern,TM00026,C,Z8,complete_forward_in_possession_in_Z6_under_pressure
pass_to_defensive_winger_who_lays_off_to_mezzala,inverted_fb,PASSING,mezzala_positioned_to_receive_in_Z5_unmarked,medium,the defending team's covering midfielder anticipates the lay-off and intercepts the third pass,mezzala receives progressed and facing forward in Z5,attacking_organisation,a third-man combination (final third) moving the ball from Z24 through Z28 to Z5 to bypass the nearest defensive line,requires precise timing across three players; any one mistimed touch breaks the pattern,TM00027,C,Z5,inverted_fb_in_possession_in_Z24_under_pressure
pass_to_advanced_forward_who_lays_off_to_false_fb,segundo_volante,PASSING,false_fb_positioned_to_receive_in_Z6_unmarked,medium,the defending team's covering midfielder anticipates the lay-off and intercepts the third pass,false_fb receives progressed and facing forward in Z6,attacking_organisation,a third-man combination (progression) moving the ball from Z9 through Z19 to Z6 to bypass the nearest defensive line,requires precise timing across three players; any one mistimed touch breaks the pattern,TM00028,C,Z6,segundo_volante_in_possession_in_Z9_under_pressure
pass_to_aggressive_gk_who_lays_off_to_complete_forward,shadow_striker,PASSING,complete_forward_positioned_to_receive_in_Z10_unmarked,medium,the defending team's covering midfielder anticipates the lay-off and intercepts the third pass,complete_forward receives progressed and facing forward in Z10,attacking_organisation,a third-man combination (final third) moving the ball from Z14 through Z29 to Z10 to bypass the nearest defensive line,requires precise timing across three players; any one mistimed touch breaks the pattern,TM00029,C,Z10,shadow_striker_in_possession_in_Z14_under_pressure
pass_to_destroyer_who_lays_off_to_ball_winning_midfielder,advanced_forward,PASSING,ball_winning_midfielder_positioned_to_receive_in_Z28_unmarked,medium,the defending team's covering midfielder anticipates the lay-off and intercepts the third pass,ball_winning_midfielder receives progressed and facing forward in Z28,attacking_organisation,a third-man combination (build up) moving the ball from Z7 through Z14 to Z28 to bypass the nearest defensive line,requires precise timing across three players; any one mistimed touch breaks the pattern,TM00030,C,Z28,advanced_forward_in_possession_in_Z7_under_pressure
pass_to_sweeper_keeper_who_lays_off_to_inside_forward,inverted_fb,PASSING,inside_forward_positioned_to_receive_in_Z6_unmarked,medium,the defending team's covering midfielder anticipates the lay-off and intercepts the third pass,inside_forward receives progressed and facing forward in Z6,attacking_organisation,a third-man combination (progression) moving the ball from Z28 through Z15 to Z6 to bypass the nearest defensive line,requires precise timing across three players; any one mistimed touch breaks the pattern,TM00031,C,Z6,inverted_fb_in_possession_in_Z28_under_pressure
pass_to_false_nine_who_lays_off_to_traditional_winger,inverted_fb,PASSING,traditional_winger_positioned_to_receive_in_Z4_unmarked,medium,the defending team's covering midfielder anticipates the lay-off and intercepts the third pass,traditional_winger receives progressed and facing forward in Z4,attacking_organisation,a third-man combination (final third) moving the ball from Z29 through Z25 to Z4 to bypass the nearest defensive line,requires precise timing across three players; any one mistimed touch breaks the pattern,TM00032,C,Z4,inverted_fb_in_possession_in_Z29_under_pressure
pass_to_segundo_volante_who_lays_off_to_inverted_fb,aggressive_gk,PASSING,inverted_fb_positioned_to_receive_in_Z15_unmarked,medium,the defending team's covering midfielder anticipates the lay-off and intercepts the third pass,inverted_fb receives progressed and facing forward in Z15,attacking_organisation,a third-man combination (press escape) moving the ball from Z19 through Z14 to Z15 to bypass the nearest defensive line,requires precise timing across three players; any one mistimed touch breaks the pattern,TM00033,C,Z15,aggressive_gk_in_possession_in_Z19_under_pressure
pass_to_wide_playmaker_who_lays_off_to_inverted_winger,number_10,PASSING,inverted_winger_positioned_to_receive_in_Z19_unmarked,medium,the defending team's covering midfielder anticipates the lay-off and intercepts the third pass,inverted_winger receives progressed and facing forward in Z19,attacking_organisation,a third-man combination (press escape) moving the ball from Z4 through Z12 to Z19 to bypass the nearest defensive line,requires precise timing across three players; any one mistimed touch breaks the pattern,TM00034,C,Z19,number_10_in_possession_in_Z4_under_pressure
pass_to_ball_playing_gk_who_lays_off_to_shadow_striker,deep_playmaker,PASSING,shadow_striker_positioned_to_receive_in_Z20_unmarked,medium,the defending team's covering midfielder anticipates the lay-off and intercepts the third pass,shadow_striker receives progressed and facing forward in Z20,attacking_organisation,a third-man combination (progression) moving the ball from Z26 through Z3 to Z20 to bypass the nearest defensive line,requires precise timing across three players; any one mistimed touch breaks the pattern,TM00035,C,Z20,deep_playmaker_in_possession_in_Z26_under_pressure
pass_to_cover_defender_who_lays_off_to_wide_playmaker,sweeper_keeper,PASSING,wide_playmaker_positioned_to_receive_in_Z7_unmarked,medium,the defending team's covering midfielder anticipates the lay-off and intercepts the third pass,wide_playmaker receives progressed and facing forward in Z7,attacking_organisation,a third-man combination (build up) moving the ball from Z11 through Z1 to Z7 to bypass the nearest defensive line,requires precise timing across three players; any one mistimed touch breaks the pattern,TM00036,C,Z7,sweeper_keeper_in_possession_in_Z11_under_pressure
pass_to_anchor_man_who_lays_off_to_half_back,deep_playmaker,PASSING,half_back_positioned_to_receive_in_Z23_unmarked,medium,the defending team's covering midfielder anticipates the lay-off and intercepts the third pass,half_back receives progressed and facing forward in Z23,attacking_organisation,a third-man combination (press escape) moving the ball from Z26 through Z24 to Z23 to bypass the nearest defensive line,requires precise timing across three players; any one mistimed touch breaks the pattern,TM00037,C,Z23,deep_playmaker_in_possession_in_Z26_under_pressure
pass_to_wide_playmaker_who_lays_off_to_inverted_winger,inside_forward,PASSING,inverted_winger_positioned_to_receive_in_Z28_unmarked,medium,the defending team's covering midfielder anticipates the lay-off and intercepts the third pass,inverted_winger receives progressed and facing forward in Z28,attacking_organisation,a third-man combination (final third) moving the ball from Z13 through Z20 to Z28 to bypass the nearest defensive line,requires precise timing across three players; any one mistimed touch breaks the pattern,TM00038,C,Z28,inside_forward_in_possession_in_Z13_under_pressure
pass_to_shadow_striker_who_lays_off_to_deep_playmaker,wide_target_man,PASSING,deep_playmaker_positioned_to_receive_in_Z30_unmarked,medium,the defending team's covering midfielder anticipates the lay-off and intercepts the third pass,deep_playmaker receives progressed and facing forward in Z30,attacking_organisation,a third-man combination (build up) moving the ball from Z2 through Z5 to Z30 to bypass the nearest defensive line,requires precise timing across three players; any one mistimed touch breaks the pattern,TM00039,C,Z30,wide_target_man_in_possession_in_Z2_under_pressure
pass_to_attacking_fb_who_lays_off_to_wide_target_man,advanced_playmaker,PASSING,wide_target_man_positioned_to_receive_in_Z11_unmarked,medium,the defending team's covering midfielder anticipates the lay-off and intercepts the third pass,wide_target_man receives progressed and facing forward in Z11,offensive_transition,a third-man combination (counterattack) moving the ball from Z24 through Z16 to Z11 to bypass the nearest defensive line,requires precise timing across three players; any one mistimed touch breaks the pattern,TM00040,C,Z11,advanced_playmaker_in_possession_in_Z24_under_pressure
pass_to_carrilero_who_lays_off_to_trequartista,ball_playing_cb,PASSING,trequartista_positioned_to_receive_in_Z1_unmarked,medium,the defending team's covering midfielder anticipates the lay-off and intercepts the third pass,trequartista receives progressed and facing forward in Z1,offensive_transition,a third-man combination (counterattack) moving the ball from Z29 through Z22 to Z1 to bypass the nearest defensive line,requires precise timing across three players; any one mistimed touch breaks the pattern,TM00041,C,Z1,ball_playing_cb_in_possession_in_Z29_under_pressure
pass_to_inverted_winger_who_lays_off_to_shot_stopper,deep_playmaker,PASSING,shot_stopper_positioned_to_receive_in_Z7_unmarked,medium,the defending team's covering midfielder anticipates the lay-off and intercepts the third pass,shot_stopper receives progressed and facing forward in Z7,offensive_transition,a third-man combination (counterattack) moving the ball from Z5 through Z21 to Z7 to bypass the nearest defensive line,requires precise timing across three players; any one mistimed touch breaks the pattern,TM00042,C,Z7,deep_playmaker_in_possession_in_Z5_under_pressure
pass_to_complete_wing_back_who_lays_off_to_raumdeuter,carrilero,PASSING,raumdeuter_positioned_to_receive_in_Z1_unmarked,medium,the defending team's covering midfielder anticipates the lay-off and intercepts the third pass,raumdeuter receives progressed and facing forward in Z1,attacking_organisation,a third-man combination (press escape) moving the ball from Z29 through Z6 to Z1 to bypass the nearest defensive line,requires precise timing across three players; any one mistimed touch breaks the pattern,TM00043,C,Z1,carrilero_in_possession_in_Z29_under_pressure
pass_to_ball_playing_cb_who_lays_off_to_number_10,target_man,PASSING,number_10_positioned_to_receive_in_Z19_unmarked,medium,the defending team's covering midfielder anticipates the lay-off and intercepts the third pass,number_10 receives progressed and facing forward in Z19,attacking_organisation,a third-man combination (build up) moving the ball from Z26 through Z3 to Z19 to bypass the nearest defensive line,requires precise timing across three players; any one mistimed touch breaks the pattern,TM00044,C,Z19,target_man_in_possession_in_Z26_under_pressure
pass_to_complete_forward_who_lays_off_to_ball_playing_gk,wing_back,PASSING,ball_playing_gk_positioned_to_receive_in_Z19_unmarked,medium,the defending team's covering midfielder anticipates the lay-off and intercepts the third pass,ball_playing_gk receives progressed and facing forward in Z19,attacking_organisation,a third-man combination (progression) moving the ball from Z12 through Z10 to Z19 to bypass the nearest defensive line,requires precise timing across three players; any one mistimed touch breaks the pattern,TM00045,C,Z19,wing_back_in_possession_in_Z12_under_pressure
pass_to_poacher_who_lays_off_to_mezzala,wide_cb,PASSING,mezzala_positioned_to_receive_in_Z25_unmarked,medium,the defending team's covering midfielder anticipates the lay-off and intercepts the third pass,mezzala receives progressed and facing forward in Z25,attacking_organisation,a third-man combination (press escape) moving the ball from Z24 through Z19 to Z25 to bypass the nearest defensive line,requires precise timing across three players; any one mistimed touch breaks the pattern,TM00046,C,Z25,wide_cb_in_possession_in_Z24_under_pressure
pass_to_complete_wing_back_who_lays_off_to_anchor_man,aggressive_gk,PASSING,anchor_man_positioned_to_receive_in_Z5_unmarked,medium,the defending team's covering midfielder anticipates the lay-off and intercepts the third pass,anchor_man receives progressed and facing forward in Z5,offensive_transition,a third-man combination (counterattack) moving the ball from Z15 through Z20 to Z5 to bypass the nearest defensive line,requires precise timing across three players; any one mistimed touch breaks the pattern,TM00047,C,Z5,aggressive_gk_in_possession_in_Z15_under_pressure
pass_to_wing_back_who_lays_off_to_regista,number_10,PASSING,regista_positioned_to_receive_in_Z22_unmarked,medium,the defending team's covering midfielder anticipates the lay-off and intercepts the third pass,regista receives progressed and facing forward in Z22,attacking_organisation,a third-man combination (build up) moving the ball from Z21 through Z11 to Z22 to bypass the nearest defensive line,requires precise timing across three players; any one mistimed touch breaks the pattern,TM00048,C,Z22,number_10_in_possession_in_Z21_under_pressure
pass_to_ball_winning_midfielder_who_lays_off_to_complete_wing_back,false_nine,PASSING,complete_wing_back_positioned_to_receive_in_Z11_unmarked,medium,the defending team's covering midfielder anticipates the lay-off and intercepts the third pass,complete_wing_back receives progressed and facing forward in Z11,offensive_transition,a third-man combination (counterattack) moving the ball from Z18 through Z14 to Z11 to bypass the nearest defensive line,requires precise timing across three players; any one mistimed touch breaks the pattern,TM00049,C,Z11,false_nine_in_possession_in_Z18_under_pressure
pass_to_sweeper_keeper_who_lays_off_to_false_nine,inside_forward,PASSING,false_nine_positioned_to_receive_in_Z26_unmarked,medium,the defending team's covering midfielder anticipates the lay-off and intercepts the third pass,false_nine receives progressed and facing forward in Z26,attacking_organisation,a third-man combination (build up) moving the ball from Z3 through Z21 to Z26 to bypass the nearest defensive line,requires precise timing across three players; any one mistimed touch breaks the pattern,TM00050,C,Z26,inside_forward_in_possession_in_Z3_under_pressure
pass_to_carrilero_who_lays_off_to_wide_cb,sweeper_keeper,PASSING,wide_cb_positioned_to_receive_in_Z16_unmarked,medium,the defending team's covering midfielder anticipates the lay-off and intercepts the third pass,wide_cb receives progressed and facing forward in Z16,attacking_organisation,a third-man combination (progression) moving the ball from Z11 through Z23 to Z16 to bypass the nearest defensive line,requires precise timing across three players; any one mistimed touch breaks the pattern,TM00051,C,Z16,sweeper_keeper_in_possession_in_Z11_under_pressure
pass_to_traditional_winger_who_lays_off_to_wide_target_man,deep_playmaker,PASSING,wide_target_man_positioned_to_receive_in_Z10_unmarked,medium,the defending team's covering midfielder anticipates the lay-off and intercepts the third pass,wide_target_man receives progressed and facing forward in Z10,attacking_organisation,a third-man combination (final third) moving the ball from Z17 through Z30 to Z10 to bypass the nearest defensive line,requires precise timing across three players; any one mistimed touch breaks the pattern,TM00052,C,Z10,deep_playmaker_in_possession_in_Z17_under_pressure
pass_to_stopper_who_lays_off_to_trequartista,wide_playmaker,PASSING,trequartista_positioned_to_receive_in_Z14_unmarked,medium,the defending team's covering midfielder anticipates the lay-off and intercepts the third pass,trequartista receives progressed and facing forward in Z14,attacking_organisation,a third-man combination (final third) moving the ball from Z15 through Z4 to Z14 to bypass the nearest defensive line,requires precise timing across three players; any one mistimed touch breaks the pattern,TM00053,C,Z14,wide_playmaker_in_possession_in_Z15_under_pressure
pass_to_deep_playmaker_who_lays_off_to_box_to_box,traditional_winger,PASSING,box_to_box_positioned_to_receive_in_Z19_unmarked,medium,the defending team's covering midfielder anticipates the lay-off and intercepts the third pass,box_to_box receives progressed and facing forward in Z19,attacking_organisation,a third-man combination (final third) moving the ball from Z18 through Z10 to Z19 to bypass the nearest defensive line,requires precise timing across three players; any one mistimed touch breaks the pattern,TM00054,C,Z19,traditional_winger_in_possession_in_Z18_under_pressure
pass_to_complete_forward_who_lays_off_to_segundo_volante,ball_playing_gk,PASSING,segundo_volante_positioned_to_receive_in_Z30_unmarked,medium,the defending team's covering midfielder anticipates the lay-off and intercepts the third pass,segundo_volante receives progressed and facing forward in Z30,attacking_organisation,a third-man combination (final third) moving the ball from Z14 through Z8 to Z30 to bypass the nearest defensive line,requires precise timing across three players; any one mistimed touch breaks the pattern,TM00055,C,Z30,ball_playing_gk_in_possession_in_Z14_under_pressure
pass_to_carrilero_who_lays_off_to_shadow_striker,anchor_man,PASSING,shadow_striker_positioned_to_receive_in_Z12_unmarked,medium,the defending team's covering midfielder anticipates the lay-off and intercepts the third pass,shadow_striker receives progressed and facing forward in Z12,offensive_transition,a third-man combination (counterattack) moving the ball from Z27 through Z17 to Z12 to bypass the nearest defensive line,requires precise timing across three players; any one mistimed touch breaks the pattern,TM00056,C,Z12,anchor_man_in_possession_in_Z27_under_pressure
pass_to_number_10_who_lays_off_to_cover_defender,advanced_forward,PASSING,cover_defender_positioned_to_receive_in_Z26_unmarked,medium,the defending team's covering midfielder anticipates the lay-off and intercepts the third pass,cover_defender receives progressed and facing forward in Z26,attacking_organisation,a third-man combination (build up) moving the ball from Z30 through Z14 to Z26 to bypass the nearest defensive line,requires precise timing across three players; any one mistimed touch breaks the pattern,TM00057,C,Z26,advanced_forward_in_possession_in_Z30_under_pressure
pass_to_anchor_man_who_lays_off_to_half_back,inverted_winger,PASSING,half_back_positioned_to_receive_in_Z23_unmarked,medium,the defending team's covering midfielder anticipates the lay-off and intercepts the third pass,half_back receives progressed and facing forward in Z23,attacking_organisation,a third-man combination (final third) moving the ball from Z29 through Z28 to Z23 to bypass the nearest defensive line,requires precise timing across three players; any one mistimed touch breaks the pattern,TM00058,C,Z23,inverted_winger_in_possession_in_Z29_under_pressure
pass_to_deep_playmaker_who_lays_off_to_false_fb,wide_cb,PASSING,false_fb_positioned_to_receive_in_Z26_unmarked,medium,the defending team's covering midfielder anticipates the lay-off and intercepts the third pass,false_fb receives progressed and facing forward in Z26,attacking_organisation,a third-man combination (build up) moving the ball from Z17 through Z14 to Z26 to bypass the nearest defensive line,requires precise timing across three players; any one mistimed touch breaks the pattern,TM00059,C,Z26,wide_cb_in_possession_in_Z17_under_pressure
pass_to_carrilero_who_lays_off_to_ball_playing_gk,complete_wing_back,PASSING,ball_playing_gk_positioned_to_receive_in_Z29_unmarked,medium,the defending team's covering midfielder anticipates the lay-off and intercepts the third pass,ball_playing_gk receives progressed and facing forward in Z29,attacking_organisation,a third-man combination (press escape) moving the ball from Z3 through Z13 to Z29 to bypass the nearest defensive line,requires precise timing across three players; any one mistimed touch breaks the pattern,TM00060,C,Z29,complete_wing_back_in_possession_in_Z3_under_pressure
pass_to_target_man_who_lays_off_to_deep_lying_forward,regista,PASSING,deep_lying_forward_positioned_to_receive_in_Z22_unmarked,medium,the defending team's covering midfielder anticipates the lay-off and intercepts the third pass,deep_lying_forward receives progressed and facing forward in Z22,attacking_organisation,a third-man combination (progression) moving the ball from Z21 through Z12 to Z22 to bypass the nearest defensive line,requires precise timing across three players; any one mistimed touch breaks the pattern,TM00061,C,Z22,regista_in_possession_in_Z21_under_pressure
pass_to_advanced_playmaker_who_lays_off_to_half_back,ball_playing_cb,PASSING,half_back_positioned_to_receive_in_Z7_unmarked,medium,the defending team's covering midfielder anticipates the lay-off and intercepts the third pass,half_back receives progressed and facing forward in Z7,attacking_organisation,a third-man combination (progression) moving the ball from Z17 through Z22 to Z7 to bypass the nearest defensive line,requires precise timing across three players; any one mistimed touch breaks the pattern,TM00062,C,Z7,ball_playing_cb_in_possession_in_Z17_under_pressure
pass_to_deep_lying_forward_who_lays_off_to_complete_forward,ball_playing_gk,PASSING,complete_forward_positioned_to_receive_in_Z10_unmarked,medium,the defending team's covering midfielder anticipates the lay-off and intercepts the third pass,complete_forward receives progressed and facing forward in Z10,attacking_organisation,a third-man combination (press escape) moving the ball from Z21 through Z14 to Z10 to bypass the nearest defensive line,requires precise timing across three players; any one mistimed touch breaks the pattern,TM00063,C,Z10,ball_playing_gk_in_possession_in_Z21_under_pressure
pass_to_segundo_volante_who_lays_off_to_wide_playmaker,wide_cb,PASSING,wide_playmaker_positioned_to_receive_in_Z19_unmarked,medium,the defending team's covering midfielder anticipates the lay-off and intercepts the third pass,wide_playmaker receives progressed and facing forward in Z19,attacking_organisation,a third-man combination (press escape) moving the ball from Z18 through Z14 to Z19 to bypass the nearest defensive line,requires precise timing across three players; any one mistimed touch breaks the pattern,TM00064,C,Z19,wide_cb_in_possession_in_Z18_under_pressure
pass_to_ball_winning_midfielder_who_lays_off_to_inside_forward,ball_playing_gk,PASSING,inside_forward_positioned_to_receive_in_Z26_unmarked,medium,the defending team's covering midfielder anticipates the lay-off and intercepts the third pass,inside_forward receives progressed and facing forward in Z26,attacking_organisation,a third-man combination (build up) moving the ball from Z16 through Z17 to Z26 to bypass the nearest defensive line,requires precise timing across three players; any one mistimed touch breaks the pattern,TM00065,C,Z26,ball_playing_gk_in_possession_in_Z16_under_pressure
pass_to_carrilero_who_lays_off_to_traditional_winger,pressing_forward,PASSING,traditional_winger_positioned_to_receive_in_Z29_unmarked,medium,the defending team's covering midfielder anticipates the lay-off and intercepts the third pass,traditional_winger receives progressed and facing forward in Z29,attacking_organisation,a third-man combination (build up) moving the ball from Z25 through Z24 to Z29 to bypass the nearest defensive line,requires precise timing across three players; any one mistimed touch breaks the pattern,TM00066,C,Z29,pressing_forward_in_possession_in_Z25_under_pressure
pass_to_sweeper_keeper_who_lays_off_to_anchor_man,aggressive_gk,PASSING,anchor_man_positioned_to_receive_in_Z29_unmarked,medium,the defending team's covering midfielder anticipates the lay-off and intercepts the third pass,anchor_man receives progressed and facing forward in Z29,offensive_transition,a third-man combination (counterattack) moving the ball from Z12 through Z9 to Z29 to bypass the nearest defensive line,requires precise timing across three players; any one mistimed touch breaks the pattern,TM00067,C,Z29,aggressive_gk_in_possession_in_Z12_under_pressure
pass_to_ball_playing_cb_who_lays_off_to_stopper,number_10,PASSING,stopper_positioned_to_receive_in_Z5_unmarked,medium,the defending team's covering midfielder anticipates the lay-off and intercepts the third pass,stopper receives progressed and facing forward in Z5,attacking_organisation,a third-man combination (progression) moving the ball from Z19 through Z12 to Z5 to bypass the nearest defensive line,requires precise timing across three players; any one mistimed touch breaks the pattern,TM00068,C,Z5,number_10_in_possession_in_Z19_under_pressure
pass_to_deep_playmaker_who_lays_off_to_trequartista,complete_forward,PASSING,trequartista_positioned_to_receive_in_Z6_unmarked,medium,the defending team's covering midfielder anticipates the lay-off and intercepts the third pass,trequartista receives progressed and facing forward in Z6,attacking_organisation,a third-man combination (build up) moving the ball from Z4 through Z12 to Z6 to bypass the nearest defensive line,requires precise timing across three players; any one mistimed touch breaks the pattern,TM00069,C,Z6,complete_forward_in_possession_in_Z4_under_pressure
pass_to_full_back_who_lays_off_to_inverted_fb,inverted_winger,PASSING,inverted_fb_positioned_to_receive_in_Z1_unmarked,medium,the defending team's covering midfielder anticipates the lay-off and intercepts the third pass,inverted_fb receives progressed and facing forward in Z1,attacking_organisation,a third-man combination (progression) moving the ball from Z5 through Z3 to Z1 to bypass the nearest defensive line,requires precise timing across three players; any one mistimed touch breaks the pattern,TM00070,C,Z1,inverted_winger_in_possession_in_Z5_under_pressure
pass_to_ball_playing_gk_who_lays_off_to_segundo_volante,attacking_fb,PASSING,segundo_volante_positioned_to_receive_in_Z19_unmarked,medium,the defending team's covering midfielder anticipates the lay-off and intercepts the third pass,segundo_volante receives progressed and facing forward in Z19,attacking_organisation,a third-man combination (press escape) moving the ball from Z2 through Z29 to Z19 to bypass the nearest defensive line,requires precise timing across three players; any one mistimed touch breaks the pattern,TM00071,C,Z19,attacking_fb_in_possession_in_Z2_under_pressure
pass_to_wide_playmaker_who_lays_off_to_traditional_winger,target_man,PASSING,traditional_winger_positioned_to_receive_in_Z11_unmarked,medium,the defending team's covering midfielder anticipates the lay-off and intercepts the third pass,traditional_winger receives progressed and facing forward in Z11,attacking_organisation,a third-man combination (press escape) moving the ball from Z27 through Z14 to Z11 to bypass the nearest defensive line,requires precise timing across three players; any one mistimed touch breaks the pattern,TM00072,C,Z11,target_man_in_possession_in_Z27_under_pressure
pass_to_anchor_man_who_lays_off_to_wing_back,deep_lying_forward,PASSING,wing_back_positioned_to_receive_in_Z6_unmarked,medium,the defending team's covering midfielder anticipates the lay-off and intercepts the third pass,wing_back receives progressed and facing forward in Z6,attacking_organisation,a third-man combination (final third) moving the ball from Z20 through Z5 to Z6 to bypass the nearest defensive line,requires precise timing across three players; any one mistimed touch breaks the pattern,TM00073,C,Z6,deep_lying_forward_in_possession_in_Z20_under_pressure
pass_to_raumdeuter_who_lays_off_to_attacking_fb,stopper,PASSING,attacking_fb_positioned_to_receive_in_Z23_unmarked,medium,the defending team's covering midfielder anticipates the lay-off and intercepts the third pass,attacking_fb receives progressed and facing forward in Z23,attacking_organisation,a third-man combination (final third) moving the ball from Z9 through Z21 to Z23 to bypass the nearest defensive line,requires precise timing across three players; any one mistimed touch breaks the pattern,TM00074,C,Z23,stopper_in_possession_in_Z9_under_pressure
pass_to_false_fb_who_lays_off_to_full_back,carrilero,PASSING,full_back_positioned_to_receive_in_Z20_unmarked,medium,the defending team's covering midfielder anticipates the lay-off and intercepts the third pass,full_back receives progressed and facing forward in Z20,offensive_transition,a third-man combination (counterattack) moving the ball from Z29 through Z10 to Z20 to bypass the nearest defensive line,requires precise timing across three players; any one mistimed touch breaks the pattern,TM00075,C,Z20,carrilero_in_possession_in_Z29_under_pressure
pass_to_sweeper_keeper_who_lays_off_to_raumdeuter,ball_winning_midfielder,PASSING,raumdeuter_positioned_to_receive_in_Z13_unmarked,medium,the defending team's covering midfielder anticipates the lay-off and intercepts the third pass,raumdeuter receives progressed and facing forward in Z13,attacking_organisation,a third-man combination (build up) moving the ball from Z8 through Z4 to Z13 to bypass the nearest defensive line,requires precise timing across three players; any one mistimed touch breaks the pattern,TM00076,C,Z13,ball_winning_midfielder_in_possession_in_Z8_under_pressure
pass_to_deep_lying_forward_who_lays_off_to_inside_forward,ball_playing_gk,PASSING,inside_forward_positioned_to_receive_in_Z30_unmarked,medium,the defending team's covering midfielder anticipates the lay-off and intercepts the third pass,inside_forward receives progressed and facing forward in Z30,attacking_organisation,a third-man combination (press escape) moving the ball from Z19 through Z17 to Z30 to bypass the nearest defensive line,requires precise timing across three players; any one mistimed touch breaks the pattern,TM00077,C,Z30,ball_playing_gk_in_possession_in_Z19_under_pressure
pass_to_cover_defender_who_lays_off_to_regista,aggressive_gk,PASSING,regista_positioned_to_receive_in_Z26_unmarked,medium,the defending team's covering midfielder anticipates the lay-off and intercepts the third pass,regista receives progressed and facing forward in Z26,attacking_organisation,a third-man combination (press escape) moving the ball from Z15 through Z20 to Z26 to bypass the nearest defensive line,requires precise timing across three players; any one mistimed touch breaks the pattern,TM00078,C,Z26,aggressive_gk_in_possession_in_Z15_under_pressure
pass_to_ball_playing_gk_who_lays_off_to_anchor_man,segundo_volante,PASSING,anchor_man_positioned_to_receive_in_Z17_unmarked,medium,the defending team's covering midfielder anticipates the lay-off and intercepts the third pass,anchor_man receives progressed and facing forward in Z17,offensive_transition,a third-man combination (counterattack) moving the ball from Z11 through Z25 to Z17 to bypass the nearest defensive line,requires precise timing across three players; any one mistimed touch breaks the pattern,TM00079,C,Z17,segundo_volante_in_possession_in_Z11_under_pressure
pass_to_sweeper_keeper_who_lays_off_to_advanced_playmaker,advanced_forward,PASSING,advanced_playmaker_positioned_to_receive_in_Z9_unmarked,medium,the defending team's covering midfielder anticipates the lay-off and intercepts the third pass,advanced_playmaker receives progressed and facing forward in Z9,attacking_organisation,a third-man combination (progression) moving the ball from Z4 through Z25 to Z9 to bypass the nearest defensive line,requires precise timing across three players; any one mistimed touch breaks the pattern,TM00080,C,Z9,advanced_forward_in_possession_in_Z4_under_pressure
pass_to_half_back_who_lays_off_to_deep_lying_forward,raumdeuter,PASSING,deep_lying_forward_positioned_to_receive_in_Z23_unmarked,medium,the defending team's covering midfielder anticipates the lay-off and intercepts the third pass,deep_lying_forward receives progressed and facing forward in Z23,attacking_organisation,a third-man combination (press escape) moving the ball from Z7 through Z12 to Z23 to bypass the nearest defensive line,requires precise timing across three players; any one mistimed touch breaks the pattern,TM00081,C,Z23,raumdeuter_in_possession_in_Z7_under_pressure
pass_to_wide_cb_who_lays_off_to_ball_playing_gk,inverted_fb,PASSING,ball_playing_gk_positioned_to_receive_in_Z26_unmarked,medium,the defending team's covering midfielder anticipates the lay-off and intercepts the third pass,ball_playing_gk receives progressed and facing forward in Z26,attacking_organisation,a third-man combination (press escape) moving the ball from Z19 through Z10 to Z26 to bypass the nearest defensive line,requires precise timing across three players; any one mistimed touch breaks the pattern,TM00082,C,Z26,inverted_fb_in_possession_in_Z19_under_pressure
pass_to_mezzala_who_lays_off_to_complete_wing_back,full_back,PASSING,complete_wing_back_positioned_to_receive_in_Z23_unmarked,medium,the defending team's covering midfielder anticipates the lay-off and intercepts the third pass,complete_wing_back receives progressed and facing forward in Z23,attacking_organisation,a third-man combination (press escape) moving the ball from Z22 through Z7 to Z23 to bypass the nearest defensive line,requires precise timing across three players; any one mistimed touch breaks the pattern,TM00083,C,Z23,full_back_in_possession_in_Z22_under_pressure
pass_to_ball_playing_cb_who_lays_off_to_defensive_winger,poacher,PASSING,defensive_winger_positioned_to_receive_in_Z15_unmarked,medium,the defending team's covering midfielder anticipates the lay-off and intercepts the third pass,defensive_winger receives progressed and facing forward in Z15,attacking_organisation,a third-man combination (progression) moving the ball from Z8 through Z1 to Z15 to bypass the nearest defensive line,requires precise timing across three players; any one mistimed touch breaks the pattern,TM00084,C,Z15,poacher_in_possession_in_Z8_under_pressure
pass_to_wing_back_who_lays_off_to_full_back,deep_lying_forward,PASSING,full_back_positioned_to_receive_in_Z27_unmarked,medium,the defending team's covering midfielder anticipates the lay-off and intercepts the third pass,full_back receives progressed and facing forward in Z27,attacking_organisation,a third-man combination (build up) moving the ball from Z23 through Z4 to Z27 to bypass the nearest defensive line,requires precise timing across three players; any one mistimed touch breaks the pattern,TM00085,C,Z27,deep_lying_forward_in_possession_in_Z23_under_pressure
pass_to_raumdeuter_who_lays_off_to_cover_defender,inside_forward,PASSING,cover_defender_positioned_to_receive_in_Z8_unmarked,medium,the defending team's covering midfielder anticipates the lay-off and intercepts the third pass,cover_defender receives progressed and facing forward in Z8,offensive_transition,a third-man combination (counterattack) moving the ball from Z22 through Z16 to Z8 to bypass the nearest defensive line,requires precise timing across three players; any one mistimed touch breaks the pattern,TM00086,C,Z8,inside_forward_in_possession_in_Z22_under_pressure
pass_to_wide_cb_who_lays_off_to_false_nine,shadow_striker,PASSING,false_nine_positioned_to_receive_in_Z9_unmarked,medium,the defending team's covering midfielder anticipates the lay-off and intercepts the third pass,false_nine receives progressed and facing forward in Z9,attacking_organisation,a third-man combination (press escape) moving the ball from Z2 through Z8 to Z9 to bypass the nearest defensive line,requires precise timing across three players; any one mistimed touch breaks the pattern,TM00087,C,Z9,shadow_striker_in_possession_in_Z2_under_pressure
pass_to_complete_forward_who_lays_off_to_pressing_forward,cover_defender,PASSING,pressing_forward_positioned_to_receive_in_Z8_unmarked,medium,the defending team's covering midfielder anticipates the lay-off and intercepts the third pass,pressing_forward receives progressed and facing forward in Z8,attacking_organisation,a third-man combination (progression) moving the ball from Z4 through Z6 to Z8 to bypass the nearest defensive line,requires precise timing across three players; any one mistimed touch breaks the pattern,TM00088,C,Z8,cover_defender_in_possession_in_Z4_under_pressure
pass_to_ball_playing_cb_who_lays_off_to_attacking_fb,inside_forward,PASSING,attacking_fb_positioned_to_receive_in_Z26_unmarked,medium,the defending team's covering midfielder anticipates the lay-off and intercepts the third pass,attacking_fb receives progressed and facing forward in Z26,attacking_organisation,a third-man combination (press escape) moving the ball from Z4 through Z28 to Z26 to bypass the nearest defensive line,requires precise timing across three players; any one mistimed touch breaks the pattern,TM00089,C,Z26,inside_forward_in_possession_in_Z4_under_pressure
pass_to_defensive_winger_who_lays_off_to_ball_winning_midfielder,raumdeuter,PASSING,ball_winning_midfielder_positioned_to_receive_in_Z25_unmarked,medium,the defending team's covering midfielder anticipates the lay-off and intercepts the third pass,ball_winning_midfielder receives progressed and facing forward in Z25,attacking_organisation,a third-man combination (progression) moving the ball from Z22 through Z26 to Z25 to bypass the nearest defensive line,requires precise timing across three players; any one mistimed touch breaks the pattern,TM00090,C,Z25,raumdeuter_in_possession_in_Z22_under_pressure
pass_to_deep_lying_forward_who_lays_off_to_inverted_fb,box_to_box,PASSING,inverted_fb_positioned_to_receive_in_Z20_unmarked,medium,the defending team's covering midfielder anticipates the lay-off and intercepts the third pass,inverted_fb receives progressed and facing forward in Z20,attacking_organisation,a third-man combination (press escape) moving the ball from Z13 through Z27 to Z20 to bypass the nearest defensive line,requires precise timing across three players; any one mistimed touch breaks the pattern,TM00091,C,Z20,box_to_box_in_possession_in_Z13_under_pressure
pass_to_wide_cb_who_lays_off_to_wing_back,regista,PASSING,wing_back_positioned_to_receive_in_Z15_unmarked,medium,the defending team's covering midfielder anticipates the lay-off and intercepts the third pass,wing_back receives progressed and facing forward in Z15,attacking_organisation,a third-man combination (press escape) moving the ball from Z13 through Z30 to Z15 to bypass the nearest defensive line,requires precise timing across three players; any one mistimed touch breaks the pattern,TM00092,C,Z15,regista_in_possession_in_Z13_under_pressure
pass_to_pressing_forward_who_lays_off_to_carrilero,destroyer,PASSING,carrilero_positioned_to_receive_in_Z24_unmarked,medium,the defending team's covering midfielder anticipates the lay-off and intercepts the third pass,carrilero receives progressed and facing forward in Z24,offensive_transition,a third-man combination (counterattack) moving the ball from Z2 through Z27 to Z24 to bypass the nearest defensive line,requires precise timing across three players; any one mistimed touch breaks the pattern,TM00093,C,Z24,destroyer_in_possession_in_Z2_under_pressure
pass_to_ball_winning_midfielder_who_lays_off_to_wide_playmaker,wide_cb,PASSING,wide_playmaker_positioned_to_receive_in_Z24_unmarked,medium,the defending team's covering midfielder anticipates the lay-off and intercepts the third pass,wide_playmaker receives progressed and facing forward in Z24,attacking_organisation,a third-man combination (build up) moving the ball from Z18 through Z15 to Z24 to bypass the nearest defensive line,requires precise timing across three players; any one mistimed touch breaks the pattern,TM00094,C,Z24,wide_cb_in_possession_in_Z18_under_pressure
pass_to_deep_lying_forward_who_lays_off_to_traditional_winger,mezzala,PASSING,traditional_winger_positioned_to_receive_in_Z24_unmarked,medium,the defending team's covering midfielder anticipates the lay-off and intercepts the third pass,traditional_winger receives progressed and facing forward in Z24,attacking_organisation,a third-man combination (press escape) moving the ball from Z7 through Z12 to Z24 to bypass the nearest defensive line,requires precise timing across three players; any one mistimed touch breaks the pattern,TM00095,C,Z24,mezzala_in_possession_in_Z7_under_pressure
pass_to_inside_forward_who_lays_off_to_regista,stopper,PASSING,regista_positioned_to_receive_in_Z29_unmarked,medium,the defending team's covering midfielder anticipates the lay-off and intercepts the third pass,regista receives progressed and facing forward in Z29,attacking_organisation,a third-man combination (press escape) moving the ball from Z28 through Z21 to Z29 to bypass the nearest defensive line,requires precise timing across three players; any one mistimed touch breaks the pattern,TM00096,C,Z29,stopper_in_possession_in_Z28_under_pressure
pass_to_shadow_striker_who_lays_off_to_advanced_playmaker,inverted_fb,PASSING,advanced_playmaker_positioned_to_receive_in_Z7_unmarked,medium,the defending team's covering midfielder anticipates the lay-off and intercepts the third pass,advanced_playmaker receives progressed and facing forward in Z7,attacking_organisation,a third-man combination (build up) moving the ball from Z26 through Z5 to Z7 to bypass the nearest defensive line,requires precise timing across three players; any one mistimed touch breaks the pattern,TM00097,C,Z7,inverted_fb_in_possession_in_Z26_under_pressure
pass_to_segundo_volante_who_lays_off_to_deep_lying_forward,raumdeuter,PASSING,deep_lying_forward_positioned_to_receive_in_Z2_unmarked,medium,the defending team's covering midfielder anticipates the lay-off and intercepts the third pass,deep_lying_forward receives progressed and facing forward in Z2,attacking_organisation,a third-man combination (build up) moving the ball from Z5 through Z23 to Z2 to bypass the nearest defensive line,requires precise timing across three players; any one mistimed touch breaks the pattern,TM00098,C,Z2,raumdeuter_in_possession_in_Z5_under_pressure
pass_to_stopper_who_lays_off_to_sweeper_keeper,wide_playmaker,PASSING,sweeper_keeper_positioned_to_receive_in_Z27_unmarked,medium,the defending team's covering midfielder anticipates the lay-off and intercepts the third pass,sweeper_keeper receives progressed and facing forward in Z27,attacking_organisation,a third-man combination (progression) moving the ball from Z18 through Z7 to Z27 to bypass the nearest defensive line,requires precise timing across three players; any one mistimed touch breaks the pattern,TM00099,C,Z27,wide_playmaker_in_possession_in_Z18_under_pressure
pass_to_deep_playmaker_who_lays_off_to_sweeper_keeper,raumdeuter,PASSING,sweeper_keeper_positioned_to_receive_in_Z1_unmarked,medium,the defending team's covering midfielder anticipates the lay-off and intercepts the third pass,sweeper_keeper receives progressed and facing forward in Z1,attacking_organisation,a third-man combination (final third) moving the ball from Z24 through Z3 to Z1 to bypass the nearest defensive line,requires precise timing across three players; any one mistimed touch breaks the pattern,TM00100,C,Z1,raumdeuter_in_possession_in_Z24_under_pressure
pass_to_poacher_who_lays_off_to_cover_defender,ball_playing_gk,PASSING,cover_defender_positioned_to_receive_in_Z14_unmarked,medium,the defending team's covering midfielder anticipates the lay-off and intercepts the third pass,cover_defender receives progressed and facing forward in Z14,attacking_organisation,a third-man combination (final third) moving the ball from Z17 through Z23 to Z14 to bypass the nearest defensive line,requires precise timing across three players; any one mistimed touch breaks the pattern,TM00101,C,Z14,ball_playing_gk_in_possession_in_Z17_under_pressure
pass_to_number_10_who_lays_off_to_carrilero,trequartista,PASSING,carrilero_positioned_to_receive_in_Z16_unmarked,medium,the defending team's covering midfielder anticipates the lay-off and intercepts the third pass,carrilero receives progressed and facing forward in Z16,attacking_organisation,a third-man combination (progression) moving the ball from Z1 through Z3 to Z16 to bypass the nearest defensive line,requires precise timing across three players; any one mistimed touch breaks the pattern,TM00102,C,Z16,trequartista_in_possession_in_Z1_under_pressure
pass_to_carrilero_who_lays_off_to_wing_back,target_man,PASSING,wing_back_positioned_to_receive_in_Z14_unmarked,medium,the defending team's covering midfielder anticipates the lay-off and intercepts the third pass,wing_back receives progressed and facing forward in Z14,attacking_organisation,a third-man combination (build up) moving the ball from Z24 through Z18 to Z14 to bypass the nearest defensive line,requires precise timing across three players; any one mistimed touch breaks the pattern,TM00103,C,Z14,target_man_in_possession_in_Z24_under_pressure
pass_to_attacking_fb_who_lays_off_to_inverted_winger,complete_forward,PASSING,inverted_winger_positioned_to_receive_in_Z25_unmarked,medium,the defending team's covering midfielder anticipates the lay-off and intercepts the third pass,inverted_winger receives progressed and facing forward in Z25,attacking_organisation,a third-man combination (final third) moving the ball from Z29 through Z14 to Z25 to bypass the nearest defensive line,requires precise timing across three players; any one mistimed touch breaks the pattern,TM00104,C,Z25,complete_forward_in_possession_in_Z29_under_pressure
pass_to_defensive_winger_who_lays_off_to_ball_winning_midfielder,sweeper_keeper,PASSING,ball_winning_midfielder_positioned_to_receive_in_Z26_unmarked,medium,the defending team's covering midfielder anticipates the lay-off and intercepts the third pass,ball_winning_midfielder receives progressed and facing forward in Z26,attacking_organisation,a third-man combination (build up) moving the ball from Z28 through Z22 to Z26 to bypass the nearest defensive line,requires precise timing across three players; any one mistimed touch breaks the pattern,TM00105,C,Z26,sweeper_keeper_in_possession_in_Z28_under_pressure
pass_to_raumdeuter_who_lays_off_to_box_to_box,inside_forward,PASSING,box_to_box_positioned_to_receive_in_Z19_unmarked,medium,the defending team's covering midfielder anticipates the lay-off and intercepts the third pass,box_to_box receives progressed and facing forward in Z19,attacking_organisation,a third-man combination (press escape) moving the ball from Z16 through Z30 to Z19 to bypass the nearest defensive line,requires precise timing across three players; any one mistimed touch breaks the pattern,TM00106,C,Z19,inside_forward_in_possession_in_Z16_under_pressure
pass_to_wide_playmaker_who_lays_off_to_number_10,mezzala,PASSING,number_10_positioned_to_receive_in_Z3_unmarked,medium,the defending team's covering midfielder anticipates the lay-off and intercepts the third pass,number_10 receives progressed and facing forward in Z3,attacking_organisation,a third-man combination (build up) moving the ball from Z27 through Z28 to Z3 to bypass the nearest defensive line,requires precise timing across three players; any one mistimed touch breaks the pattern,TM00107,C,Z3,mezzala_in_possession_in_Z27_under_pressure
pass_to_stopper_who_lays_off_to_aggressive_gk,complete_forward,PASSING,aggressive_gk_positioned_to_receive_in_Z23_unmarked,medium,the defending team's covering midfielder anticipates the lay-off and intercepts the third pass,aggressive_gk receives progressed and facing forward in Z23,attacking_organisation,a third-man combination (press escape) moving the ball from Z29 through Z15 to Z23 to bypass the nearest defensive line,requires precise timing across three players; any one mistimed touch breaks the pattern,TM00108,C,Z23,complete_forward_in_possession_in_Z29_under_pressure
pass_to_ball_playing_gk_who_lays_off_to_regista,full_back,PASSING,regista_positioned_to_receive_in_Z6_unmarked,medium,the defending team's covering midfielder anticipates the lay-off and intercepts the third pass,regista receives progressed and facing forward in Z6,attacking_organisation,a third-man combination (build up) moving the ball from Z24 through Z30 to Z6 to bypass the nearest defensive line,requires precise timing across three players; any one mistimed touch breaks the pattern,TM00109,C,Z6,full_back_in_possession_in_Z24_under_pressure
pass_to_full_back_who_lays_off_to_segundo_volante,shot_stopper,PASSING,segundo_volante_positioned_to_receive_in_Z27_unmarked,medium,the defending team's covering midfielder anticipates the lay-off and intercepts the third pass,segundo_volante receives progressed and facing forward in Z27,offensive_transition,a third-man combination (counterattack) moving the ball from Z19 through Z30 to Z27 to bypass the nearest defensive line,requires precise timing across three players; any one mistimed touch breaks the pattern,TM00110,C,Z27,shot_stopper_in_possession_in_Z19_under_pressure
pass_to_inverted_winger_who_lays_off_to_defensive_winger,shadow_striker,PASSING,defensive_winger_positioned_to_receive_in_Z29_unmarked,medium,the defending team's covering midfielder anticipates the lay-off and intercepts the third pass,defensive_winger receives progressed and facing forward in Z29,attacking_organisation,a third-man combination (progression) moving the ball from Z24 through Z26 to Z29 to bypass the nearest defensive line,requires precise timing across three players; any one mistimed touch breaks the pattern,TM00111,C,Z29,shadow_striker_in_possession_in_Z24_under_pressure
pass_to_segundo_volante_who_lays_off_to_anchor_man,advanced_forward,PASSING,anchor_man_positioned_to_receive_in_Z17_unmarked,medium,the defending team's covering midfielder anticipates the lay-off and intercepts the third pass,anchor_man receives progressed and facing forward in Z17,offensive_transition,a third-man combination (counterattack) moving the ball from Z19 through Z18 to Z17 to bypass the nearest defensive line,requires precise timing across three players; any one mistimed touch breaks the pattern,TM00112,C,Z17,advanced_forward_in_possession_in_Z19_under_pressure
pass_to_carrilero_who_lays_off_to_ball_playing_gk,stopper,PASSING,ball_playing_gk_positioned_to_receive_in_Z23_unmarked,medium,the defending team's covering midfielder anticipates the lay-off and intercepts the third pass,ball_playing_gk receives progressed and facing forward in Z23,attacking_organisation,a third-man combination (final third) moving the ball from Z9 through Z5 to Z23 to bypass the nearest defensive line,requires precise timing across three players; any one mistimed touch breaks the pattern,TM00113,C,Z23,stopper_in_possession_in_Z9_under_pressure
pass_to_target_man_who_lays_off_to_poacher,regista,PASSING,poacher_positioned_to_receive_in_Z16_unmarked,medium,the defending team's covering midfielder anticipates the lay-off and intercepts the third pass,poacher receives progressed and facing forward in Z16,attacking_organisation,a third-man combination (press escape) moving the ball from Z28 through Z26 to Z16 to bypass the nearest defensive line,requires precise timing across three players; any one mistimed touch breaks the pattern,TM00114,C,Z16,regista_in_possession_in_Z28_under_pressure
pass_to_ball_winning_midfielder_who_lays_off_to_attacking_fb,shot_stopper,PASSING,attacking_fb_positioned_to_receive_in_Z17_unmarked,medium,the defending team's covering midfielder anticipates the lay-off and intercepts the third pass,attacking_fb receives progressed and facing forward in Z17,offensive_transition,a third-man combination (counterattack) moving the ball from Z11 through Z6 to Z17 to bypass the nearest defensive line,requires precise timing across three players; any one mistimed touch breaks the pattern,TM00115,C,Z17,shot_stopper_in_possession_in_Z11_under_pressure
pass_to_half_back_who_lays_off_to_inverted_fb,wide_cb,PASSING,inverted_fb_positioned_to_receive_in_Z4_unmarked,medium,the defending team's covering midfielder anticipates the lay-off and intercepts the third pass,inverted_fb receives progressed and facing forward in Z4,attacking_organisation,a third-man combination (build up) moving the ball from Z12 through Z19 to Z4 to bypass the nearest defensive line,requires precise timing across three players; any one mistimed touch breaks the pattern,TM00116,C,Z4,wide_cb_in_possession_in_Z12_under_pressure
pass_to_defensive_winger_who_lays_off_to_full_back,cover_defender,PASSING,full_back_positioned_to_receive_in_Z16_unmarked,medium,the defending team's covering midfielder anticipates the lay-off and intercepts the third pass,full_back receives progressed and facing forward in Z16,offensive_transition,a third-man combination (counterattack) moving the ball from Z6 through Z17 to Z16 to bypass the nearest defensive line,requires precise timing across three players; any one mistimed touch breaks the pattern,TM00117,C,Z16,cover_defender_in_possession_in_Z6_under_pressure
pass_to_shadow_striker_who_lays_off_to_deep_playmaker,ball_winning_midfielder,PASSING,deep_playmaker_positioned_to_receive_in_Z26_unmarked,medium,the defending team's covering midfielder anticipates the lay-off and intercepts the third pass,deep_playmaker receives progressed and facing forward in Z26,offensive_transition,a third-man combination (counterattack) moving the ball from Z14 through Z16 to Z26 to bypass the nearest defensive line,requires precise timing across three players; any one mistimed touch breaks the pattern,TM00118,C,Z26,ball_winning_midfielder_in_possession_in_Z14_under_pressure
pass_to_cover_defender_who_lays_off_to_wing_back,traditional_winger,PASSING,wing_back_positioned_to_receive_in_Z4_unmarked,medium,the defending team's covering midfielder anticipates the lay-off and intercepts the third pass,wing_back receives progressed and facing forward in Z4,attacking_organisation,a third-man combination (progression) moving the ball from Z3 through Z22 to Z4 to bypass the nearest defensive line,requires precise timing across three players; any one mistimed touch breaks the pattern,TM00119,C,Z4,traditional_winger_in_possession_in_Z3_under_pressure
pass_to_shot_stopper_who_lays_off_to_box_to_box,poacher,PASSING,box_to_box_positioned_to_receive_in_Z4_unmarked,medium,the defending team's covering midfielder anticipates the lay-off and intercepts the third pass,box_to_box receives progressed and facing forward in Z4,attacking_organisation,a third-man combination (build up) moving the ball from Z7 through Z22 to Z4 to bypass the nearest defensive line,requires precise timing across three players; any one mistimed touch breaks the pattern,TM00120,C,Z4,poacher_in_possession_in_Z7_under_pressure
pass_to_wide_target_man_who_lays_off_to_ball_playing_gk,mezzala,PASSING,ball_playing_gk_positioned_to_receive_in_Z8_unmarked,medium,the defending team's covering midfielder anticipates the lay-off and intercepts the third pass,ball_playing_gk receives progressed and facing forward in Z8,attacking_organisation,a third-man combination (build up) moving the ball from Z6 through Z3 to Z8 to bypass the nearest defensive line,requires precise timing across three players; any one mistimed touch breaks the pattern,TM00121,C,Z8,mezzala_in_possession_in_Z6_under_pressure
pass_to_attacking_fb_who_lays_off_to_pressing_forward,false_fb,PASSING,pressing_forward_positioned_to_receive_in_Z15_unmarked,medium,the defending team's covering midfielder anticipates the lay-off and intercepts the third pass,pressing_forward receives progressed and facing forward in Z15,attacking_organisation,a third-man combination (progression) moving the ball from Z7 through Z3 to Z15 to bypass the nearest defensive line,requires precise timing across three players; any one mistimed touch breaks the pattern,TM00122,C,Z15,false_fb_in_possession_in_Z7_under_pressure
pass_to_ball_playing_cb_who_lays_off_to_traditional_winger,inside_forward,PASSING,traditional_winger_positioned_to_receive_in_Z15_unmarked,medium,the defending team's covering midfielder anticipates the lay-off and intercepts the third pass,traditional_winger receives progressed and facing forward in Z15,attacking_organisation,a third-man combination (build up) moving the ball from Z18 through Z11 to Z15 to bypass the nearest defensive line,requires precise timing across three players; any one mistimed touch breaks the pattern,TM00123,C,Z15,inside_forward_in_possession_in_Z18_under_pressure
pass_to_wide_playmaker_who_lays_off_to_false_fb,poacher,PASSING,false_fb_positioned_to_receive_in_Z1_unmarked,medium,the defending team's covering midfielder anticipates the lay-off and intercepts the third pass,false_fb receives progressed and facing forward in Z1,offensive_transition,a third-man combination (counterattack) moving the ball from Z2 through Z13 to Z1 to bypass the nearest defensive line,requires precise timing across three players; any one mistimed touch breaks the pattern,TM00124,C,Z1,poacher_in_possession_in_Z2_under_pressure
pass_to_target_man_who_lays_off_to_defensive_winger,destroyer,PASSING,defensive_winger_positioned_to_receive_in_Z27_unmarked,medium,the defending team's covering midfielder anticipates the lay-off and intercepts the third pass,defensive_winger receives progressed and facing forward in Z27,attacking_organisation,a third-man combination (final third) moving the ball from Z8 through Z12 to Z27 to bypass the nearest defensive line,requires precise timing across three players; any one mistimed touch breaks the pattern,TM00125,C,Z27,destroyer_in_possession_in_Z8_under_pressure
pass_to_shot_stopper_who_lays_off_to_carrilero,mezzala,PASSING,carrilero_positioned_to_receive_in_Z23_unmarked,medium,the defending team's covering midfielder anticipates the lay-off and intercepts the third pass,carrilero receives progressed and facing forward in Z23,attacking_organisation,a third-man combination (build up) moving the ball from Z3 through Z29 to Z23 to bypass the nearest defensive line,requires precise timing across three players; any one mistimed touch breaks the pattern,TM00126,C,Z23,mezzala_in_possession_in_Z3_under_pressure
pass_to_aggressive_gk_who_lays_off_to_cover_defender,complete_forward,PASSING,cover_defender_positioned_to_receive_in_Z11_unmarked,medium,the defending team's covering midfielder anticipates the lay-off and intercepts the third pass,cover_defender receives progressed and facing forward in Z11,attacking_organisation,a third-man combination (final third) moving the ball from Z20 through Z9 to Z11 to bypass the nearest defensive line,requires precise timing across three players; any one mistimed touch breaks the pattern,TM00127,C,Z11,complete_forward_in_possession_in_Z20_under_pressure
pass_to_false_nine_who_lays_off_to_defensive_winger,attacking_fb,PASSING,defensive_winger_positioned_to_receive_in_Z29_unmarked,medium,the defending team's covering midfielder anticipates the lay-off and intercepts the third pass,defensive_winger receives progressed and facing forward in Z29,attacking_organisation,a third-man combination (progression) moving the ball from Z20 through Z16 to Z29 to bypass the nearest defensive line,requires precise timing across three players; any one mistimed touch breaks the pattern,TM00128,C,Z29,attacking_fb_in_possession_in_Z20_under_pressure
pass_to_wing_back_who_lays_off_to_complete_wing_back,inverted_winger,PASSING,complete_wing_back_positioned_to_receive_in_Z27_unmarked,medium,the defending team's covering midfielder anticipates the lay-off and intercepts the third pass,complete_wing_back receives progressed and facing forward in Z27,attacking_organisation,a third-man combination (progression) moving the ball from Z10 through Z2 to Z27 to bypass the nearest defensive line,requires precise timing across three players; any one mistimed touch breaks the pattern,TM00129,C,Z27,inverted_winger_in_possession_in_Z10_under_pressure
pass_to_wide_target_man_who_lays_off_to_traditional_winger,wide_playmaker,PASSING,traditional_winger_positioned_to_receive_in_Z2_unmarked,medium,the defending team's covering midfielder anticipates the lay-off and intercepts the third pass,traditional_winger receives progressed and facing forward in Z2,attacking_organisation,a third-man combination (build up) moving the ball from Z7 through Z25 to Z2 to bypass the nearest defensive line,requires precise timing across three players; any one mistimed touch breaks the pattern,TM00130,C,Z2,wide_playmaker_in_possession_in_Z7_under_pressure
pass_to_inverted_fb_who_lays_off_to_poacher,aggressive_gk,PASSING,poacher_positioned_to_receive_in_Z8_unmarked,medium,the defending team's covering midfielder anticipates the lay-off and intercepts the third pass,poacher receives progressed and facing forward in Z8,attacking_organisation,a third-man combination (final third) moving the ball from Z7 through Z3 to Z8 to bypass the nearest defensive line,requires precise timing across three players; any one mistimed touch breaks the pattern,TM00131,C,Z8,aggressive_gk_in_possession_in_Z7_under_pressure
pass_to_box_to_box_who_lays_off_to_complete_wing_back,mezzala,PASSING,complete_wing_back_positioned_to_receive_in_Z11_unmarked,medium,the defending team's covering midfielder anticipates the lay-off and intercepts the third pass,complete_wing_back receives progressed and facing forward in Z11,offensive_transition,a third-man combination (counterattack) moving the ball from Z24 through Z15 to Z11 to bypass the nearest defensive line,requires precise timing across three players; any one mistimed touch breaks the pattern,TM00132,C,Z11,mezzala_in_possession_in_Z24_under_pressure
pass_to_inverted_winger_who_lays_off_to_wide_playmaker,advanced_playmaker,PASSING,wide_playmaker_positioned_to_receive_in_Z3_unmarked,medium,the defending team's covering midfielder anticipates the lay-off and intercepts the third pass,wide_playmaker receives progressed and facing forward in Z3,attacking_organisation,a third-man combination (press escape) moving the ball from Z2 through Z7 to Z3 to bypass the nearest defensive line,requires precise timing across three players; any one mistimed touch breaks the pattern,TM00133,C,Z3,advanced_playmaker_in_possession_in_Z2_under_pressure
pass_to_mezzala_who_lays_off_to_anchor_man,carrilero,PASSING,anchor_man_positioned_to_receive_in_Z18_unmarked,medium,the defending team's covering midfielder anticipates the lay-off and intercepts the third pass,anchor_man receives progressed and facing forward in Z18,attacking_organisation,a third-man combination (press escape) moving the ball from Z8 through Z20 to Z18 to bypass the nearest defensive line,requires precise timing across three players; any one mistimed touch breaks the pattern,TM00134,C,Z18,carrilero_in_possession_in_Z8_under_pressure
pass_to_wide_cb_who_lays_off_to_cover_defender,box_to_box,PASSING,cover_defender_positioned_to_receive_in_Z9_unmarked,medium,the defending team's covering midfielder anticipates the lay-off and intercepts the third pass,cover_defender receives progressed and facing forward in Z9,attacking_organisation,a third-man combination (progression) moving the ball from Z2 through Z15 to Z9 to bypass the nearest defensive line,requires precise timing across three players; any one mistimed touch breaks the pattern,TM00135,C,Z9,box_to_box_in_possession_in_Z2_under_pressure
pass_to_attacking_fb_who_lays_off_to_advanced_playmaker,stopper,PASSING,advanced_playmaker_positioned_to_receive_in_Z19_unmarked,medium,the defending team's covering midfielder anticipates the lay-off and intercepts the third pass,advanced_playmaker receives progressed and facing forward in Z19,attacking_organisation,a third-man combination (build up) moving the ball from Z5 through Z7 to Z19 to bypass the nearest defensive line,requires precise timing across three players; any one mistimed touch breaks the pattern,TM00136,C,Z19,stopper_in_possession_in_Z5_under_pressure
pass_to_inverted_fb_who_lays_off_to_advanced_forward,poacher,PASSING,advanced_forward_positioned_to_receive_in_Z4_unmarked,medium,the defending team's covering midfielder anticipates the lay-off and intercepts the third pass,advanced_forward receives progressed and facing forward in Z4,attacking_organisation,a third-man combination (final third) moving the ball from Z13 through Z24 to Z4 to bypass the nearest defensive line,requires precise timing across three players; any one mistimed touch breaks the pattern,TM00137,C,Z4,poacher_in_possession_in_Z13_under_pressure
pass_to_advanced_forward_who_lays_off_to_deep_playmaker,shadow_striker,PASSING,deep_playmaker_positioned_to_receive_in_Z6_unmarked,medium,the defending team's covering midfielder anticipates the lay-off and intercepts the third pass,deep_playmaker receives progressed and facing forward in Z6,offensive_transition,a third-man combination (counterattack) moving the ball from Z10 through Z11 to Z6 to bypass the nearest defensive line,requires precise timing across three players; any one mistimed touch breaks the pattern,TM00138,C,Z6,shadow_striker_in_possession_in_Z10_under_pressure
pass_to_false_nine_who_lays_off_to_segundo_volante,trequartista,PASSING,segundo_volante_positioned_to_receive_in_Z14_unmarked,medium,the defending team's covering midfielder anticipates the lay-off and intercepts the third pass,segundo_volante receives progressed and facing forward in Z14,offensive_transition,a third-man combination (counterattack) moving the ball from Z3 through Z23 to Z14 to bypass the nearest defensive line,requires precise timing across three players; any one mistimed touch breaks the pattern,TM00139,C,Z14,trequartista_in_possession_in_Z3_under_pressure
pass_to_inverted_winger_who_lays_off_to_false_fb,half_back,PASSING,false_fb_positioned_to_receive_in_Z12_unmarked,medium,the defending team's covering midfielder anticipates the lay-off and intercepts the third pass,false_fb receives progressed and facing forward in Z12,attacking_organisation,a third-man combination (final third) moving the ball from Z14 through Z10 to Z12 to bypass the nearest defensive line,requires precise timing across three players; any one mistimed touch breaks the pattern,TM00140,C,Z12,half_back_in_possession_in_Z14_under_pressure
pass_to_target_man_who_lays_off_to_full_back,mezzala,PASSING,full_back_positioned_to_receive_in_Z17_unmarked,medium,the defending team's covering midfielder anticipates the lay-off and intercepts the third pass,full_back receives progressed and facing forward in Z17,attacking_organisation,a third-man combination (build up) moving the ball from Z28 through Z23 to Z17 to bypass the nearest defensive line,requires precise timing across three players; any one mistimed touch breaks the pattern,TM00141,C,Z17,mezzala_in_possession_in_Z28_under_pressure
pass_to_full_back_who_lays_off_to_carrilero,aggressive_gk,PASSING,carrilero_positioned_to_receive_in_Z18_unmarked,medium,the defending team's covering midfielder anticipates the lay-off and intercepts the third pass,carrilero receives progressed and facing forward in Z18,attacking_organisation,a third-man combination (progression) moving the ball from Z25 through Z4 to Z18 to bypass the nearest defensive line,requires precise timing across three players; any one mistimed touch breaks the pattern,TM00142,C,Z18,aggressive_gk_in_possession_in_Z25_under_pressure
pass_to_complete_forward_who_lays_off_to_deep_playmaker,box_to_box,PASSING,deep_playmaker_positioned_to_receive_in_Z18_unmarked,medium,the defending team's covering midfielder anticipates the lay-off and intercepts the third pass,deep_playmaker receives progressed and facing forward in Z18,attacking_organisation,a third-man combination (press escape) moving the ball from Z21 through Z15 to Z18 to bypass the nearest defensive line,requires precise timing across three players; any one mistimed touch breaks the pattern,TM00143,C,Z18,box_to_box_in_possession_in_Z21_under_pressure
pass_to_poacher_who_lays_off_to_trequartista,stopper,PASSING,trequartista_positioned_to_receive_in_Z27_unmarked,medium,the defending team's covering midfielder anticipates the lay-off and intercepts the third pass,trequartista receives progressed and facing forward in Z27,attacking_organisation,a third-man combination (press escape) moving the ball from Z22 through Z4 to Z27 to bypass the nearest defensive line,requires precise timing across three players; any one mistimed touch breaks the pattern,TM00144,C,Z27,stopper_in_possession_in_Z22_under_pressure
pass_to_regista_who_lays_off_to_mezzala,carrilero,PASSING,mezzala_positioned_to_receive_in_Z4_unmarked,medium,the defending team's covering midfielder anticipates the lay-off and intercepts the third pass,mezzala receives progressed and facing forward in Z4,attacking_organisation,a third-man combination (press escape) moving the ball from Z15 through Z26 to Z4 to bypass the nearest defensive line,requires precise timing across three players; any one mistimed touch breaks the pattern,TM00145,C,Z4,carrilero_in_possession_in_Z15_under_pressure
pass_to_trequartista_who_lays_off_to_wide_target_man,inside_forward,PASSING,wide_target_man_positioned_to_receive_in_Z17_unmarked,medium,the defending team's covering midfielder anticipates the lay-off and intercepts the third pass,wide_target_man receives progressed and facing forward in Z17,attacking_organisation,a third-man combination (final third) moving the ball from Z4 through Z18 to Z17 to bypass the nearest defensive line,requires precise timing across three players; any one mistimed touch breaks the pattern,TM00146,C,Z17,inside_forward_in_possession_in_Z4_under_pressure
pass_to_box_to_box_who_lays_off_to_target_man,ball_winning_midfielder,PASSING,target_man_positioned_to_receive_in_Z4_unmarked,medium,the defending team's covering midfielder anticipates the lay-off and intercepts the third pass,target_man receives progressed and facing forward in Z4,attacking_organisation,a third-man combination (build up) moving the ball from Z5 through Z6 to Z4 to bypass the nearest defensive line,requires precise timing across three players; any one mistimed touch breaks the pattern,TM00147,C,Z4,ball_winning_midfielder_in_possession_in_Z5_under_pressure
pass_to_box_to_box_who_lays_off_to_poacher,inverted_fb,PASSING,poacher_positioned_to_receive_in_Z2_unmarked,medium,the defending team's covering midfielder anticipates the lay-off and intercepts the third pass,poacher receives progressed and facing forward in Z2,attacking_organisation,a third-man combination (progression) moving the ball from Z28 through Z12 to Z2 to bypass the nearest defensive line,requires precise timing across three players; any one mistimed touch breaks the pattern,TM00148,C,Z2,inverted_fb_in_possession_in_Z28_under_pressure
pass_to_inverted_winger_who_lays_off_to_traditional_winger,ball_playing_gk,PASSING,traditional_winger_positioned_to_receive_in_Z6_unmarked,medium,the defending team's covering midfielder anticipates the lay-off and intercepts the third pass,traditional_winger receives progressed and facing forward in Z6,offensive_transition,a third-man combination (counterattack) moving the ball from Z1 through Z15 to Z6 to bypass the nearest defensive line,requires precise timing across three players; any one mistimed touch breaks the pattern,TM00149,C,Z6,ball_playing_gk_in_possession_in_Z1_under_pressure
pass_to_shadow_striker_who_lays_off_to_ball_playing_cb,stopper,PASSING,ball_playing_cb_positioned_to_receive_in_Z9_unmarked,medium,the defending team's covering midfielder anticipates the lay-off and intercepts the third pass,ball_playing_cb receives progressed and facing forward in Z9,attacking_organisation,a third-man combination (press escape) moving the ball from Z28 through Z18 to Z9 to bypass the nearest defensive line,requires precise timing across three players; any one mistimed touch breaks the pattern,TM00150,C,Z9,stopper_in_possession_in_Z28_under_pressure
switch_of_play_to_isolate_1v1,wide_playmaker,ATTACKING,opponent_shifts_numbers_to_match_the_overload,medium,opponent delays its own defensive shift specifically to avoid over-committing to the overload,wide_playmaker receives 1v1 in space in Z20,attacking_organisation,"use the central overload in Z29 to draw defensive numbers away from Z20, then isolate wide_playmaker there",the switch itself carries technical execution risk (long diagonal ball),OI00001,C,Z20,central_overload_created_in_Z29
switch_of_play_to_isolate_1v1,cover_defender,ATTACKING,opponent_shifts_numbers_to_match_the_overload,medium,opponent delays its own defensive shift specifically to avoid over-committing to the overload,cover_defender receives 1v1 in space in Z12,attacking_organisation,"use the wide overload in Z24 to draw defensive numbers away from Z12, then isolate cover_defender there",the switch itself carries technical execution risk (long diagonal ball),OI00002,C,Z12,wide_overload_created_in_Z24
switch_of_play_to_isolate_1v1,aggressive_gk,ATTACKING,opponent_shifts_numbers_to_match_the_overload,medium,opponent delays its own defensive shift specifically to avoid over-committing to the overload,aggressive_gk receives 1v1 in space in Z11,attacking_organisation,"use the half space overload in Z8 to draw defensive numbers away from Z11, then isolate aggressive_gk there",the switch itself carries technical execution risk (long diagonal ball),OI00003,C,Z11,half_space_overload_created_in_Z8
switch_of_play_to_isolate_1v1,false_fb,ATTACKING,opponent_shifts_numbers_to_match_the_overload,medium,opponent delays its own defensive shift specifically to avoid over-committing to the overload,false_fb receives 1v1 in space in Z25,attacking_organisation,"use the half space overload in Z11 to draw defensive numbers away from Z25, then isolate false_fb there",the switch itself carries technical execution risk (long diagonal ball),OI00004,C,Z25,half_space_overload_created_in_Z11
switch_of_play_to_isolate_1v1,false_fb,ATTACKING,opponent_shifts_numbers_to_match_the_overload,medium,opponent delays its own defensive shift specifically to avoid over-committing to the overload,false_fb receives 1v1 in space in Z1,attacking_organisation,"use the half space overload in Z27 to draw defensive numbers away from Z1, then isolate false_fb there",the switch itself carries technical execution risk (long diagonal ball),OI00005,C,Z1,half_space_overload_created_in_Z27
switch_of_play_to_isolate_1v1,trequartista,ATTACKING,opponent_shifts_numbers_to_match_the_overload,medium,opponent delays its own defensive shift specifically to avoid over-committing to the overload,trequartista receives 1v1 in space in Z12,attacking_organisation,"use the wide overload in Z4 to draw defensive numbers away from Z12, then isolate trequartista there",the switch itself carries technical execution risk (long diagonal ball),OI00006,C,Z12,wide_overload_created_in_Z4
switch_of_play_to_isolate_1v1,stopper,ATTACKING,opponent_shifts_numbers_to_match_the_overload,medium,opponent delays its own defensive shift specifically to avoid over-committing to the overload,stopper receives 1v1 in space in Z12,attacking_organisation,"use the box overload in Z11 to draw defensive numbers away from Z12, then isolate stopper there",the switch itself carries technical execution risk (long diagonal ball),OI00007,C,Z12,box_overload_created_in_Z11
switch_of_play_to_isolate_1v1,false_fb,ATTACKING,opponent_shifts_numbers_to_match_the_overload,medium,opponent delays its own defensive shift specifically to avoid over-committing to the overload,false_fb receives 1v1 in space in Z19,attacking_organisation,"use the wide overload in Z24 to draw defensive numbers away from Z19, then isolate false_fb there",the switch itself carries technical execution risk (long diagonal ball),OI00008,C,Z19,wide_overload_created_in_Z24
switch_of_play_to_isolate_1v1,complete_forward,ATTACKING,opponent_shifts_numbers_to_match_the_overload,medium,opponent delays its own defensive shift specifically to avoid over-committing to the overload,complete_forward receives 1v1 in space in Z14,attacking_organisation,"use the half space overload in Z29 to draw defensive numbers away from Z14, then isolate complete_forward there",the switch itself carries technical execution risk (long diagonal ball),OI00009,C,Z14,half_space_overload_created_in_Z29
switch_of_play_to_isolate_1v1,attacking_fb,ATTACKING,opponent_shifts_numbers_to_match_the_overload,medium,opponent delays its own defensive shift specifically to avoid over-committing to the overload,attacking_fb receives 1v1 in space in Z1,attacking_organisation,"use the wide overload in Z2 to draw defensive numbers away from Z1, then isolate attacking_fb there",the switch itself carries technical execution risk (long diagonal ball),OI00010,C,Z1,wide_overload_created_in_Z2
switch_of_play_to_isolate_1v1,segundo_volante,ATTACKING,opponent_shifts_numbers_to_match_the_overload,medium,opponent delays its own defensive shift specifically to avoid over-committing to the overload,segundo_volante receives 1v1 in space in Z12,attacking_organisation,"use the central overload in Z22 to draw defensive numbers away from Z12, then isolate segundo_volante there",the switch itself carries technical execution risk (long diagonal ball),OI00011,C,Z12,central_overload_created_in_Z22
switch_of_play_to_isolate_1v1,half_back,ATTACKING,opponent_shifts_numbers_to_match_the_overload,medium,opponent delays its own defensive shift specifically to avoid over-committing to the overload,half_back receives 1v1 in space in Z19,attacking_organisation,"use the central overload in Z2 to draw defensive numbers away from Z19, then isolate half_back there",the switch itself carries technical execution risk (long diagonal ball),OI00012,C,Z19,central_overload_created_in_Z2
switch_of_play_to_isolate_1v1,wide_target_man,ATTACKING,opponent_shifts_numbers_to_match_the_overload,medium,opponent delays its own defensive shift specifically to avoid over-committing to the overload,wide_target_man receives 1v1 in space in Z6,attacking_organisation,"use the central overload in Z10 to draw defensive numbers away from Z6, then isolate wide_target_man there",the switch itself carries technical execution risk (long diagonal ball),OI00013,C,Z6,central_overload_created_in_Z10
switch_of_play_to_isolate_1v1,regista,ATTACKING,opponent_shifts_numbers_to_match_the_overload,medium,opponent delays its own defensive shift specifically to avoid over-committing to the overload,regista receives 1v1 in space in Z26,attacking_organisation,"use the box overload in Z13 to draw defensive numbers away from Z26, then isolate regista there",the switch itself carries technical execution risk (long diagonal ball),OI00014,C,Z26,box_overload_created_in_Z13
switch_of_play_to_isolate_1v1,sweeper_keeper,ATTACKING,opponent_shifts_numbers_to_match_the_overload,medium,opponent delays its own defensive shift specifically to avoid over-committing to the overload,sweeper_keeper receives 1v1 in space in Z1,attacking_organisation,"use the box overload in Z7 to draw defensive numbers away from Z1, then isolate sweeper_keeper there",the switch itself carries technical execution risk (long diagonal ball),OI00015,C,Z1,box_overload_created_in_Z7
switch_of_play_to_isolate_1v1,mezzala,ATTACKING,opponent_shifts_numbers_to_match_the_overload,medium,opponent delays its own defensive shift specifically to avoid over-committing to the overload,mezzala receives 1v1 in space in Z24,attacking_organisation,"use the box overload in Z6 to draw defensive numbers away from Z24, then isolate mezzala there",the switch itself carries technical execution risk (long diagonal ball),OI00016,C,Z24,box_overload_created_in_Z6
switch_of_play_to_isolate_1v1,raumdeuter,ATTACKING,opponent_shifts_numbers_to_match_the_overload,medium,opponent delays its own defensive shift specifically to avoid over-committing to the overload,raumdeuter receives 1v1 in space in Z2,attacking_organisation,"use the wide overload in Z28 to draw defensive numbers away from Z2, then isolate raumdeuter there",the switch itself carries technical execution risk (long diagonal ball),OI00017,C,Z2,wide_overload_created_in_Z28
switch_of_play_to_isolate_1v1,deep_lying_forward,ATTACKING,opponent_shifts_numbers_to_match_the_overload,medium,opponent delays its own defensive shift specifically to avoid over-committing to the overload,deep_lying_forward receives 1v1 in space in Z17,attacking_organisation,"use the half space overload in Z20 to draw defensive numbers away from Z17, then isolate deep_lying_forward there",the switch itself carries technical execution risk (long diagonal ball),OI00018,C,Z17,half_space_overload_created_in_Z20
switch_of_play_to_isolate_1v1,advanced_forward,ATTACKING,opponent_shifts_numbers_to_match_the_overload,medium,opponent delays its own defensive shift specifically to avoid over-committing to the overload,advanced_forward receives 1v1 in space in Z7,attacking_organisation,"use the central overload in Z27 to draw defensive numbers away from Z7, then isolate advanced_forward there",the switch itself carries technical execution risk (long diagonal ball),OI00019,C,Z7,central_overload_created_in_Z27
switch_of_play_to_isolate_1v1,attacking_fb,ATTACKING,opponent_shifts_numbers_to_match_the_overload,medium,opponent delays its own defensive shift specifically to avoid over-committing to the overload,attacking_fb receives 1v1 in space in Z26,attacking_organisation,"use the central overload in Z23 to draw defensive numbers away from Z26, then isolate attacking_fb there",the switch itself carries technical execution risk (long diagonal ball),OI00020,C,Z26,central_overload_created_in_Z23
switch_of_play_to_isolate_1v1,wide_playmaker,ATTACKING,opponent_shifts_numbers_to_match_the_overload,medium,opponent delays its own defensive shift specifically to avoid over-committing to the overload,wide_playmaker receives 1v1 in space in Z6,attacking_organisation,"use the wide overload in Z28 to draw defensive numbers away from Z6, then isolate wide_playmaker there",the switch itself carries technical execution risk (long diagonal ball),OI00021,C,Z6,wide_overload_created_in_Z28
switch_of_play_to_isolate_1v1,ball_winning_midfielder,ATTACKING,opponent_shifts_numbers_to_match_the_overload,medium,opponent delays its own defensive shift specifically to avoid over-committing to the overload,ball_winning_midfielder receives 1v1 in space in Z6,attacking_organisation,"use the central overload in Z10 to draw defensive numbers away from Z6, then isolate ball_winning_midfielder there",the switch itself carries technical execution risk (long diagonal ball),OI00022,C,Z6,central_overload_created_in_Z10
switch_of_play_to_isolate_1v1,wide_cb,ATTACKING,opponent_shifts_numbers_to_match_the_overload,medium,opponent delays its own defensive shift specifically to avoid over-committing to the overload,wide_cb receives 1v1 in space in Z9,attacking_organisation,"use the box overload in Z12 to draw defensive numbers away from Z9, then isolate wide_cb there",the switch itself carries technical execution risk (long diagonal ball),OI00023,C,Z9,box_overload_created_in_Z12
switch_of_play_to_isolate_1v1,sweeper_keeper,ATTACKING,opponent_shifts_numbers_to_match_the_overload,medium,opponent delays its own defensive shift specifically to avoid over-committing to the overload,sweeper_keeper receives 1v1 in space in Z7,attacking_organisation,"use the box overload in Z3 to draw defensive numbers away from Z7, then isolate sweeper_keeper there",the switch itself carries technical execution risk (long diagonal ball),OI00024,C,Z7,box_overload_created_in_Z3
switch_of_play_to_isolate_1v1,false_fb,ATTACKING,opponent_shifts_numbers_to_match_the_overload,medium,opponent delays its own defensive shift specifically to avoid over-committing to the overload,false_fb receives 1v1 in space in Z17,attacking_organisation,"use the central overload in Z5 to draw defensive numbers away from Z17, then isolate false_fb there",the switch itself carries technical execution risk (long diagonal ball),OI00025,C,Z17,central_overload_created_in_Z5
switch_of_play_to_isolate_1v1,raumdeuter,ATTACKING,opponent_shifts_numbers_to_match_the_overload,medium,opponent delays its own defensive shift specifically to avoid over-committing to the overload,raumdeuter receives 1v1 in space in Z30,attacking_organisation,"use the central overload in Z17 to draw defensive numbers away from Z30, then isolate raumdeuter there",the switch itself carries technical execution risk (long diagonal ball),OI00026,C,Z30,central_overload_created_in_Z17
switch_of_play_to_isolate_1v1,aggressive_gk,ATTACKING,opponent_shifts_numbers_to_match_the_overload,medium,opponent delays its own defensive shift specifically to avoid over-committing to the overload,aggressive_gk receives 1v1 in space in Z11,attacking_organisation,"use the box overload in Z27 to draw defensive numbers away from Z11, then isolate aggressive_gk there",the switch itself carries technical execution risk (long diagonal ball),OI00027,C,Z11,box_overload_created_in_Z27
switch_of_play_to_isolate_1v1,inside_forward,ATTACKING,opponent_shifts_numbers_to_match_the_overload,medium,opponent delays its own defensive shift specifically to avoid over-committing to the overload,inside_forward receives 1v1 in space in Z29,attacking_organisation,"use the wide overload in Z9 to draw defensive numbers away from Z29, then isolate inside_forward there",the switch itself carries technical execution risk (long diagonal ball),OI00028,C,Z29,wide_overload_created_in_Z9
switch_of_play_to_isolate_1v1,defensive_winger,ATTACKING,opponent_shifts_numbers_to_match_the_overload,medium,opponent delays its own defensive shift specifically to avoid over-committing to the overload,defensive_winger receives 1v1 in space in Z2,attacking_organisation,"use the wide overload in Z8 to draw defensive numbers away from Z2, then isolate defensive_winger there",the switch itself carries technical execution risk (long diagonal ball),OI00029,C,Z2,wide_overload_created_in_Z8
switch_of_play_to_isolate_1v1,ball_playing_cb,ATTACKING,opponent_shifts_numbers_to_match_the_overload,medium,opponent delays its own defensive shift specifically to avoid over-committing to the overload,ball_playing_cb receives 1v1 in space in Z2,attacking_organisation,"use the half space overload in Z5 to draw defensive numbers away from Z2, then isolate ball_playing_cb there",the switch itself carries technical execution risk (long diagonal ball),OI00030,C,Z2,half_space_overload_created_in_Z5
switch_of_play_to_isolate_1v1,aggressive_gk,ATTACKING,opponent_shifts_numbers_to_match_the_overload,medium,opponent delays its own defensive shift specifically to avoid over-committing to the overload,aggressive_gk receives 1v1 in space in Z25,attacking_organisation,"use the wide overload in Z27 to draw defensive numbers away from Z25, then isolate aggressive_gk there",the switch itself carries technical execution risk (long diagonal ball),OI00031,C,Z25,wide_overload_created_in_Z27
switch_of_play_to_isolate_1v1,advanced_forward,ATTACKING,opponent_shifts_numbers_to_match_the_overload,medium,opponent delays its own defensive shift specifically to avoid over-committing to the overload,advanced_forward receives 1v1 in space in Z29,attacking_organisation,"use the box overload in Z6 to draw defensive numbers away from Z29, then isolate advanced_forward there",the switch itself carries technical execution risk (long diagonal ball),OI00032,C,Z29,box_overload_created_in_Z6
switch_of_play_to_isolate_1v1,attacking_fb,ATTACKING,opponent_shifts_numbers_to_match_the_overload,medium,opponent delays its own defensive shift specifically to avoid over-committing to the overload,attacking_fb receives 1v1 in space in Z9,attacking_organisation,"use the half space overload in Z13 to draw defensive numbers away from Z9, then isolate attacking_fb there",the switch itself carries technical execution risk (long diagonal ball),OI00033,C,Z9,half_space_overload_created_in_Z13
switch_of_play_to_isolate_1v1,segundo_volante,ATTACKING,opponent_shifts_numbers_to_match_the_overload,medium,opponent delays its own defensive shift specifically to avoid over-committing to the overload,segundo_volante receives 1v1 in space in Z7,attacking_organisation,"use the central overload in Z10 to draw defensive numbers away from Z7, then isolate segundo_volante there",the switch itself carries technical execution risk (long diagonal ball),OI00034,C,Z7,central_overload_created_in_Z10
switch_of_play_to_isolate_1v1,ball_playing_gk,ATTACKING,opponent_shifts_numbers_to_match_the_overload,medium,opponent delays its own defensive shift specifically to avoid over-committing to the overload,ball_playing_gk receives 1v1 in space in Z30,attacking_organisation,"use the half space overload in Z27 to draw defensive numbers away from Z30, then isolate ball_playing_gk there",the switch itself carries technical execution risk (long diagonal ball),OI00035,C,Z30,half_space_overload_created_in_Z27
switch_of_play_to_isolate_1v1,advanced_forward,ATTACKING,opponent_shifts_numbers_to_match_the_overload,medium,opponent delays its own defensive shift specifically to avoid over-committing to the overload,advanced_forward receives 1v1 in space in Z26,attacking_organisation,"use the central overload in Z19 to draw defensive numbers away from Z26, then isolate advanced_forward there",the switch itself carries technical execution risk (long diagonal ball),OI00036,C,Z26,central_overload_created_in_Z19
switch_of_play_to_isolate_1v1,aggressive_gk,ATTACKING,opponent_shifts_numbers_to_match_the_overload,medium,opponent delays its own defensive shift specifically to avoid over-committing to the overload,aggressive_gk receives 1v1 in space in Z28,attacking_organisation,"use the central overload in Z26 to draw defensive numbers away from Z28, then isolate aggressive_gk there",the switch itself carries technical execution risk (long diagonal ball),OI00037,C,Z28,central_overload_created_in_Z26
switch_of_play_to_isolate_1v1,pressing_forward,ATTACKING,opponent_shifts_numbers_to_match_the_overload,medium,opponent delays its own defensive shift specifically to avoid over-committing to the overload,pressing_forward receives 1v1 in space in Z29,attacking_organisation,"use the half space overload in Z7 to draw defensive numbers away from Z29, then isolate pressing_forward there",the switch itself carries technical execution risk (long diagonal ball),OI00038,C,Z29,half_space_overload_created_in_Z7
switch_of_play_to_isolate_1v1,target_man,ATTACKING,opponent_shifts_numbers_to_match_the_overload,medium,opponent delays its own defensive shift specifically to avoid over-committing to the overload,target_man receives 1v1 in space in Z8,attacking_organisation,"use the box overload in Z24 to draw defensive numbers away from Z8, then isolate target_man there",the switch itself carries technical execution risk (long diagonal ball),OI00039,C,Z8,box_overload_created_in_Z24
switch_of_play_to_isolate_1v1,anchor_man,ATTACKING,opponent_shifts_numbers_to_match_the_overload,medium,opponent delays its own defensive shift specifically to avoid over-committing to the overload,anchor_man receives 1v1 in space in Z9,attacking_organisation,"use the central overload in Z21 to draw defensive numbers away from Z9, then isolate anchor_man there",the switch itself carries technical execution risk (long diagonal ball),OI00040,C,Z9,central_overload_created_in_Z21
switch_of_play_to_isolate_1v1,destroyer,ATTACKING,opponent_shifts_numbers_to_match_the_overload,medium,opponent delays its own defensive shift specifically to avoid over-committing to the overload,destroyer receives 1v1 in space in Z29,attacking_organisation,"use the wide overload in Z27 to draw defensive numbers away from Z29, then isolate destroyer there",the switch itself carries technical execution risk (long diagonal ball),OI00041,C,Z29,wide_overload_created_in_Z27
switch_of_play_to_isolate_1v1,regista,ATTACKING,opponent_shifts_numbers_to_match_the_overload,medium,opponent delays its own defensive shift specifically to avoid over-committing to the overload,regista receives 1v1 in space in Z14,attacking_organisation,"use the box overload in Z10 to draw defensive numbers away from Z14, then isolate regista there",the switch itself carries technical execution risk (long diagonal ball),OI00042,C,Z14,box_overload_created_in_Z10
switch_of_play_to_isolate_1v1,carrilero,ATTACKING,opponent_shifts_numbers_to_match_the_overload,medium,opponent delays its own defensive shift specifically to avoid over-committing to the overload,carrilero receives 1v1 in space in Z18,attacking_organisation,"use the central overload in Z5 to draw defensive numbers away from Z18, then isolate carrilero there",the switch itself carries technical execution risk (long diagonal ball),OI00043,C,Z18,central_overload_created_in_Z5
switch_of_play_to_isolate_1v1,box_to_box,ATTACKING,opponent_shifts_numbers_to_match_the_overload,medium,opponent delays its own defensive shift specifically to avoid over-committing to the overload,box_to_box receives 1v1 in space in Z21,attacking_organisation,"use the central overload in Z10 to draw defensive numbers away from Z21, then isolate box_to_box there",the switch itself carries technical execution risk (long diagonal ball),OI00044,C,Z21,central_overload_created_in_Z10
switch_of_play_to_isolate_1v1,stopper,ATTACKING,opponent_shifts_numbers_to_match_the_overload,medium,opponent delays its own defensive shift specifically to avoid over-committing to the overload,stopper receives 1v1 in space in Z26,attacking_organisation,"use the wide overload in Z13 to draw defensive numbers away from Z26, then isolate stopper there",the switch itself carries technical execution risk (long diagonal ball),OI00045,C,Z26,wide_overload_created_in_Z13
switch_of_play_to_isolate_1v1,complete_forward,ATTACKING,opponent_shifts_numbers_to_match_the_overload,medium,opponent delays its own defensive shift specifically to avoid over-committing to the overload,complete_forward receives 1v1 in space in Z28,attacking_organisation,"use the central overload in Z9 to draw defensive numbers away from Z28, then isolate complete_forward there",the switch itself carries technical execution risk (long diagonal ball),OI00046,C,Z28,central_overload_created_in_Z9
switch_of_play_to_isolate_1v1,pressing_forward,ATTACKING,opponent_shifts_numbers_to_match_the_overload,medium,opponent delays its own defensive shift specifically to avoid over-committing to the overload,pressing_forward receives 1v1 in space in Z28,attacking_organisation,"use the wide overload in Z5 to draw defensive numbers away from Z28, then isolate pressing_forward there",the switch itself carries technical execution risk (long diagonal ball),OI00047,C,Z28,wide_overload_created_in_Z5
switch_of_play_to_isolate_1v1,mezzala,ATTACKING,opponent_shifts_numbers_to_match_the_overload,medium,opponent delays its own defensive shift specifically to avoid over-committing to the overload,mezzala receives 1v1 in space in Z23,attacking_organisation,"use the central overload in Z14 to draw defensive numbers away from Z23, then isolate mezzala there",the switch itself carries technical execution risk (long diagonal ball),OI00048,C,Z23,central_overload_created_in_Z14
switch_of_play_to_isolate_1v1,wide_target_man,ATTACKING,opponent_shifts_numbers_to_match_the_overload,medium,opponent delays its own defensive shift specifically to avoid over-committing to the overload,wide_target_man receives 1v1 in space in Z19,attacking_organisation,"use the half space overload in Z7 to draw defensive numbers away from Z19, then isolate wide_target_man there",the switch itself carries technical execution risk (long diagonal ball),OI00049,C,Z19,half_space_overload_created_in_Z7
switch_of_play_to_isolate_1v1,complete_forward,ATTACKING,opponent_shifts_numbers_to_match_the_overload,medium,opponent delays its own defensive shift specifically to avoid over-committing to the overload,complete_forward receives 1v1 in space in Z29,attacking_organisation,"use the wide overload in Z6 to draw defensive numbers away from Z29, then isolate complete_forward there",the switch itself carries technical execution risk (long diagonal ball),OI00050,C,Z29,wide_overload_created_in_Z6
switch_of_play_to_isolate_1v1,aggressive_gk,ATTACKING,opponent_shifts_numbers_to_match_the_overload,medium,opponent delays its own defensive shift specifically to avoid over-committing to the overload,aggressive_gk receives 1v1 in space in Z4,attacking_organisation,"use the wide overload in Z10 to draw defensive numbers away from Z4, then isolate aggressive_gk there",the switch itself carries technical execution risk (long diagonal ball),OI00051,C,Z4,wide_overload_created_in_Z10
switch_of_play_to_isolate_1v1,half_back,ATTACKING,opponent_shifts_numbers_to_match_the_overload,medium,opponent delays its own defensive shift specifically to avoid over-committing to the overload,half_back receives 1v1 in space in Z13,attacking_organisation,"use the half space overload in Z23 to draw defensive numbers away from Z13, then isolate half_back there",the switch itself carries technical execution risk (long diagonal ball),OI00052,C,Z13,half_space_overload_created_in_Z23
switch_of_play_to_isolate_1v1,deep_playmaker,ATTACKING,opponent_shifts_numbers_to_match_the_overload,medium,opponent delays its own defensive shift specifically to avoid over-committing to the overload,deep_playmaker receives 1v1 in space in Z3,attacking_organisation,"use the box overload in Z29 to draw defensive numbers away from Z3, then isolate deep_playmaker there",the switch itself carries technical execution risk (long diagonal ball),OI00053,C,Z3,box_overload_created_in_Z29
switch_of_play_to_isolate_1v1,destroyer,ATTACKING,opponent_shifts_numbers_to_match_the_overload,medium,opponent delays its own defensive shift specifically to avoid over-committing to the overload,destroyer receives 1v1 in space in Z23,attacking_organisation,"use the half space overload in Z12 to draw defensive numbers away from Z23, then isolate destroyer there",the switch itself carries technical execution risk (long diagonal ball),OI00054,C,Z23,half_space_overload_created_in_Z12
switch_of_play_to_isolate_1v1,number_10,ATTACKING,opponent_shifts_numbers_to_match_the_overload,medium,opponent delays its own defensive shift specifically to avoid over-committing to the overload,number_10 receives 1v1 in space in Z29,attacking_organisation,"use the box overload in Z20 to draw defensive numbers away from Z29, then isolate number_10 there",the switch itself carries technical execution risk (long diagonal ball),OI00055,C,Z29,box_overload_created_in_Z20
switch_of_play_to_isolate_1v1,deep_playmaker,ATTACKING,opponent_shifts_numbers_to_match_the_overload,medium,opponent delays its own defensive shift specifically to avoid over-committing to the overload,deep_playmaker receives 1v1 in space in Z1,attacking_organisation,"use the half space overload in Z27 to draw defensive numbers away from Z1, then isolate deep_playmaker there",the switch itself carries technical execution risk (long diagonal ball),OI00056,C,Z1,half_space_overload_created_in_Z27
switch_of_play_to_isolate_1v1,trequartista,ATTACKING,opponent_shifts_numbers_to_match_the_overload,medium,opponent delays its own defensive shift specifically to avoid over-committing to the overload,trequartista receives 1v1 in space in Z6,attacking_organisation,"use the box overload in Z17 to draw defensive numbers away from Z6, then isolate trequartista there",the switch itself carries technical execution risk (long diagonal ball),OI00057,C,Z6,box_overload_created_in_Z17
switch_of_play_to_isolate_1v1,half_back,ATTACKING,opponent_shifts_numbers_to_match_the_overload,medium,opponent delays its own defensive shift specifically to avoid over-committing to the overload,half_back receives 1v1 in space in Z3,attacking_organisation,"use the wide overload in Z2 to draw defensive numbers away from Z3, then isolate half_back there",the switch itself carries technical execution risk (long diagonal ball),OI00058,C,Z3,wide_overload_created_in_Z2
switch_of_play_to_isolate_1v1,inside_forward,ATTACKING,opponent_shifts_numbers_to_match_the_overload,medium,opponent delays its own defensive shift specifically to avoid over-committing to the overload,inside_forward receives 1v1 in space in Z16,attacking_organisation,"use the box overload in Z18 to draw defensive numbers away from Z16, then isolate inside_forward there",the switch itself carries technical execution risk (long diagonal ball),OI00059,C,Z16,box_overload_created_in_Z18
switch_of_play_to_isolate_1v1,sweeper_keeper,ATTACKING,opponent_shifts_numbers_to_match_the_overload,medium,opponent delays its own defensive shift specifically to avoid over-committing to the overload,sweeper_keeper receives 1v1 in space in Z19,attacking_organisation,"use the half space overload in Z28 to draw defensive numbers away from Z19, then isolate sweeper_keeper there",the switch itself carries technical execution risk (long diagonal ball),OI00060,C,Z19,half_space_overload_created_in_Z28
switch_of_play_to_isolate_1v1,wide_playmaker,ATTACKING,opponent_shifts_numbers_to_match_the_overload,medium,opponent delays its own defensive shift specifically to avoid over-committing to the overload,wide_playmaker receives 1v1 in space in Z15,attacking_organisation,"use the central overload in Z17 to draw defensive numbers away from Z15, then isolate wide_playmaker there",the switch itself carries technical execution risk (long diagonal ball),OI00061,C,Z15,central_overload_created_in_Z17
switch_of_play_to_isolate_1v1,box_to_box,ATTACKING,opponent_shifts_numbers_to_match_the_overload,medium,opponent delays its own defensive shift specifically to avoid over-committing to the overload,box_to_box receives 1v1 in space in Z4,attacking_organisation,"use the central overload in Z15 to draw defensive numbers away from Z4, then isolate box_to_box there",the switch itself carries technical execution risk (long diagonal ball),OI00062,C,Z4,central_overload_created_in_Z15
switch_of_play_to_isolate_1v1,wide_playmaker,ATTACKING,opponent_shifts_numbers_to_match_the_overload,medium,opponent delays its own defensive shift specifically to avoid over-committing to the overload,wide_playmaker receives 1v1 in space in Z2,attacking_organisation,"use the wide overload in Z24 to draw defensive numbers away from Z2, then isolate wide_playmaker there",the switch itself carries technical execution risk (long diagonal ball),OI00063,C,Z2,wide_overload_created_in_Z24
switch_of_play_to_isolate_1v1,deep_playmaker,ATTACKING,opponent_shifts_numbers_to_match_the_overload,medium,opponent delays its own defensive shift specifically to avoid over-committing to the overload,deep_playmaker receives 1v1 in space in Z11,attacking_organisation,"use the half space overload in Z22 to draw defensive numbers away from Z11, then isolate deep_playmaker there",the switch itself carries technical execution risk (long diagonal ball),OI00064,C,Z11,half_space_overload_created_in_Z22
switch_of_play_to_isolate_1v1,full_back,ATTACKING,opponent_shifts_numbers_to_match_the_overload,medium,opponent delays its own defensive shift specifically to avoid over-committing to the overload,full_back receives 1v1 in space in Z25,attacking_organisation,"use the wide overload in Z29 to draw defensive numbers away from Z25, then isolate full_back there",the switch itself carries technical execution risk (long diagonal ball),OI00065,C,Z25,wide_overload_created_in_Z29
switch_of_play_to_isolate_1v1,advanced_forward,ATTACKING,opponent_shifts_numbers_to_match_the_overload,medium,opponent delays its own defensive shift specifically to avoid over-committing to the overload,advanced_forward receives 1v1 in space in Z12,attacking_organisation,"use the half space overload in Z23 to draw defensive numbers away from Z12, then isolate advanced_forward there",the switch itself carries technical execution risk (long diagonal ball),OI00066,C,Z12,half_space_overload_created_in_Z23
switch_of_play_to_isolate_1v1,wide_cb,ATTACKING,opponent_shifts_numbers_to_match_the_overload,medium,opponent delays its own defensive shift specifically to avoid over-committing to the overload,wide_cb receives 1v1 in space in Z7,attacking_organisation,"use the box overload in Z24 to draw defensive numbers away from Z7, then isolate wide_cb there",the switch itself carries technical execution risk (long diagonal ball),OI00067,C,Z7,box_overload_created_in_Z24
switch_of_play_to_isolate_1v1,cover_defender,ATTACKING,opponent_shifts_numbers_to_match_the_overload,medium,opponent delays its own defensive shift specifically to avoid over-committing to the overload,cover_defender receives 1v1 in space in Z6,attacking_organisation,"use the wide overload in Z5 to draw defensive numbers away from Z6, then isolate cover_defender there",the switch itself carries technical execution risk (long diagonal ball),OI00068,C,Z6,wide_overload_created_in_Z5
switch_of_play_to_isolate_1v1,shot_stopper,ATTACKING,opponent_shifts_numbers_to_match_the_overload,medium,opponent delays its own defensive shift specifically to avoid over-committing to the overload,shot_stopper receives 1v1 in space in Z11,attacking_organisation,"use the central overload in Z10 to draw defensive numbers away from Z11, then isolate shot_stopper there",the switch itself carries technical execution risk (long diagonal ball),OI00069,C,Z11,central_overload_created_in_Z10
switch_of_play_to_isolate_1v1,cover_defender,ATTACKING,opponent_shifts_numbers_to_match_the_overload,medium,opponent delays its own defensive shift specifically to avoid over-committing to the overload,cover_defender receives 1v1 in space in Z9,attacking_organisation,"use the wide overload in Z29 to draw defensive numbers away from Z9, then isolate cover_defender there",the switch itself carries technical execution risk (long diagonal ball),OI00070,C,Z9,wide_overload_created_in_Z29
switch_of_play_to_isolate_1v1,ball_playing_gk,ATTACKING,opponent_shifts_numbers_to_match_the_overload,medium,opponent delays its own defensive shift specifically to avoid over-committing to the overload,ball_playing_gk receives 1v1 in space in Z25,attacking_organisation,"use the wide overload in Z26 to draw defensive numbers away from Z25, then isolate ball_playing_gk there",the switch itself carries technical execution risk (long diagonal ball),OI00071,C,Z25,wide_overload_created_in_Z26
switch_of_play_to_isolate_1v1,box_to_box,ATTACKING,opponent_shifts_numbers_to_match_the_overload,medium,opponent delays its own defensive shift specifically to avoid over-committing to the overload,box_to_box receives 1v1 in space in Z21,attacking_organisation,"use the wide overload in Z30 to draw defensive numbers away from Z21, then isolate box_to_box there",the switch itself carries technical execution risk (long diagonal ball),OI00072,C,Z21,wide_overload_created_in_Z30
switch_of_play_to_isolate_1v1,sweeper_keeper,ATTACKING,opponent_shifts_numbers_to_match_the_overload,medium,opponent delays its own defensive shift specifically to avoid over-committing to the overload,sweeper_keeper receives 1v1 in space in Z1,attacking_organisation,"use the wide overload in Z17 to draw defensive numbers away from Z1, then isolate sweeper_keeper there",the switch itself carries technical execution risk (long diagonal ball),OI00073,C,Z1,wide_overload_created_in_Z17
switch_of_play_to_isolate_1v1,attacking_fb,ATTACKING,opponent_shifts_numbers_to_match_the_overload,medium,opponent delays its own defensive shift specifically to avoid over-committing to the overload,attacking_fb receives 1v1 in space in Z28,attacking_organisation,"use the half space overload in Z11 to draw defensive numbers away from Z28, then isolate attacking_fb there",the switch itself carries technical execution risk (long diagonal ball),OI00074,C,Z28,half_space_overload_created_in_Z11
switch_of_play_to_isolate_1v1,number_10,ATTACKING,opponent_shifts_numbers_to_match_the_overload,medium,opponent delays its own defensive shift specifically to avoid over-committing to the overload,number_10 receives 1v1 in space in Z30,attacking_organisation,"use the box overload in Z1 to draw defensive numbers away from Z30, then isolate number_10 there",the switch itself carries technical execution risk (long diagonal ball),OI00075,C,Z30,box_overload_created_in_Z1
switch_of_play_to_isolate_1v1,inside_forward,ATTACKING,opponent_shifts_numbers_to_match_the_overload,medium,opponent delays its own defensive shift specifically to avoid over-committing to the overload,inside_forward receives 1v1 in space in Z11,attacking_organisation,"use the central overload in Z30 to draw defensive numbers away from Z11, then isolate inside_forward there",the switch itself carries technical execution risk (long diagonal ball),OI00076,C,Z11,central_overload_created_in_Z30
switch_of_play_to_isolate_1v1,destroyer,ATTACKING,opponent_shifts_numbers_to_match_the_overload,medium,opponent delays its own defensive shift specifically to avoid over-committing to the overload,destroyer receives 1v1 in space in Z4,attacking_organisation,"use the half space overload in Z21 to draw defensive numbers away from Z4, then isolate destroyer there",the switch itself carries technical execution risk (long diagonal ball),OI00077,C,Z4,half_space_overload_created_in_Z21
switch_of_play_to_isolate_1v1,wide_target_man,ATTACKING,opponent_shifts_numbers_to_match_the_overload,medium,opponent delays its own defensive shift specifically to avoid over-committing to the overload,wide_target_man receives 1v1 in space in Z30,attacking_organisation,"use the box overload in Z18 to draw defensive numbers away from Z30, then isolate wide_target_man there",the switch itself carries technical execution risk (long diagonal ball),OI00078,C,Z30,box_overload_created_in_Z18
switch_of_play_to_isolate_1v1,wing_back,ATTACKING,opponent_shifts_numbers_to_match_the_overload,medium,opponent delays its own defensive shift specifically to avoid over-committing to the overload,wing_back receives 1v1 in space in Z29,attacking_organisation,"use the wide overload in Z27 to draw defensive numbers away from Z29, then isolate wing_back there",the switch itself carries technical execution risk (long diagonal ball),OI00079,C,Z29,wide_overload_created_in_Z27
switch_of_play_to_isolate_1v1,number_10,ATTACKING,opponent_shifts_numbers_to_match_the_overload,medium,opponent delays its own defensive shift specifically to avoid over-committing to the overload,number_10 receives 1v1 in space in Z1,attacking_organisation,"use the wide overload in Z12 to draw defensive numbers away from Z1, then isolate number_10 there",the switch itself carries technical execution risk (long diagonal ball),OI00080,C,Z1,wide_overload_created_in_Z12
switch_of_play_to_isolate_1v1,ball_playing_cb,ATTACKING,opponent_shifts_numbers_to_match_the_overload,medium,opponent delays its own defensive shift specifically to avoid over-committing to the overload,ball_playing_cb receives 1v1 in space in Z17,attacking_organisation,"use the central overload in Z27 to draw defensive numbers away from Z17, then isolate ball_playing_cb there",the switch itself carries technical execution risk (long diagonal ball),OI00081,C,Z17,central_overload_created_in_Z27
switch_of_play_to_isolate_1v1,box_to_box,ATTACKING,opponent_shifts_numbers_to_match_the_overload,medium,opponent delays its own defensive shift specifically to avoid over-committing to the overload,box_to_box receives 1v1 in space in Z23,attacking_organisation,"use the box overload in Z16 to draw defensive numbers away from Z23, then isolate box_to_box there",the switch itself carries technical execution risk (long diagonal ball),OI00082,C,Z23,box_overload_created_in_Z16
switch_of_play_to_isolate_1v1,wide_playmaker,ATTACKING,opponent_shifts_numbers_to_match_the_overload,medium,opponent delays its own defensive shift specifically to avoid over-committing to the overload,wide_playmaker receives 1v1 in space in Z20,attacking_organisation,"use the half space overload in Z21 to draw defensive numbers away from Z20, then isolate wide_playmaker there",the switch itself carries technical execution risk (long diagonal ball),OI00083,C,Z20,half_space_overload_created_in_Z21
switch_of_play_to_isolate_1v1,destroyer,ATTACKING,opponent_shifts_numbers_to_match_the_overload,medium,opponent delays its own defensive shift specifically to avoid over-committing to the overload,destroyer receives 1v1 in space in Z22,attacking_organisation,"use the box overload in Z14 to draw defensive numbers away from Z22, then isolate destroyer there",the switch itself carries technical execution risk (long diagonal ball),OI00084,C,Z22,box_overload_created_in_Z14
switch_of_play_to_isolate_1v1,full_back,ATTACKING,opponent_shifts_numbers_to_match_the_overload,medium,opponent delays its own defensive shift specifically to avoid over-committing to the overload,full_back receives 1v1 in space in Z3,attacking_organisation,"use the half space overload in Z13 to draw defensive numbers away from Z3, then isolate full_back there",the switch itself carries technical execution risk (long diagonal ball),OI00085,C,Z3,half_space_overload_created_in_Z13
switch_of_play_to_isolate_1v1,deep_lying_forward,ATTACKING,opponent_shifts_numbers_to_match_the_overload,medium,opponent delays its own defensive shift specifically to avoid over-committing to the overload,deep_lying_forward receives 1v1 in space in Z26,attacking_organisation,"use the box overload in Z28 to draw defensive numbers away from Z26, then isolate deep_lying_forward there",the switch itself carries technical execution risk (long diagonal ball),OI00086,C,Z26,box_overload_created_in_Z28
switch_of_play_to_isolate_1v1,wide_cb,ATTACKING,opponent_shifts_numbers_to_match_the_overload,medium,opponent delays its own defensive shift specifically to avoid over-committing to the overload,wide_cb receives 1v1 in space in Z8,attacking_organisation,"use the half space overload in Z13 to draw defensive numbers away from Z8, then isolate wide_cb there",the switch itself carries technical execution risk (long diagonal ball),OI00087,C,Z8,half_space_overload_created_in_Z13
switch_of_play_to_isolate_1v1,full_back,ATTACKING,opponent_shifts_numbers_to_match_the_overload,medium,opponent delays its own defensive shift specifically to avoid over-committing to the overload,full_back receives 1v1 in space in Z18,attacking_organisation,"use the box overload in Z29 to draw defensive numbers away from Z18, then isolate full_back there",the switch itself carries technical execution risk (long diagonal ball),OI00088,C,Z18,box_overload_created_in_Z29
switch_of_play_to_isolate_1v1,destroyer,ATTACKING,opponent_shifts_numbers_to_match_the_overload,medium,opponent delays its own defensive shift specifically to avoid over-committing to the overload,destroyer receives 1v1 in space in Z22,attacking_organisation,"use the wide overload in Z5 to draw defensive numbers away from Z22, then isolate destroyer there",the switch itself carries technical execution risk (long diagonal ball),OI00089,C,Z22,wide_overload_created_in_Z5
switch_of_play_to_isolate_1v1,carrilero,ATTACKING,opponent_shifts_numbers_to_match_the_overload,medium,opponent delays its own defensive shift specifically to avoid over-committing to the overload,carrilero receives 1v1 in space in Z27,attacking_organisation,"use the box overload in Z2 to draw defensive numbers away from Z27, then isolate carrilero there",the switch itself carries technical execution risk (long diagonal ball),OI00090,C,Z27,box_overload_created_in_Z2
switch_of_play_to_isolate_1v1,wing_back,ATTACKING,opponent_shifts_numbers_to_match_the_overload,medium,opponent delays its own defensive shift specifically to avoid over-committing to the overload,wing_back receives 1v1 in space in Z18,attacking_organisation,"use the box overload in Z17 to draw defensive numbers away from Z18, then isolate wing_back there",the switch itself carries technical execution risk (long diagonal ball),OI00091,C,Z18,box_overload_created_in_Z17
switch_of_play_to_isolate_1v1,ball_playing_gk,ATTACKING,opponent_shifts_numbers_to_match_the_overload,medium,opponent delays its own defensive shift specifically to avoid over-committing to the overload,ball_playing_gk receives 1v1 in space in Z26,attacking_organisation,"use the box overload in Z4 to draw defensive numbers away from Z26, then isolate ball_playing_gk there",the switch itself carries technical execution risk (long diagonal ball),OI00092,C,Z26,box_overload_created_in_Z4
switch_of_play_to_isolate_1v1,carrilero,ATTACKING,opponent_shifts_numbers_to_match_the_overload,medium,opponent delays its own defensive shift specifically to avoid over-committing to the overload,carrilero receives 1v1 in space in Z12,attacking_organisation,"use the wide overload in Z30 to draw defensive numbers away from Z12, then isolate carrilero there",the switch itself carries technical execution risk (long diagonal ball),OI00093,C,Z12,wide_overload_created_in_Z30
switch_of_play_to_isolate_1v1,destroyer,ATTACKING,opponent_shifts_numbers_to_match_the_overload,medium,opponent delays its own defensive shift specifically to avoid over-committing to the overload,destroyer receives 1v1 in space in Z30,attacking_organisation,"use the central overload in Z17 to draw defensive numbers away from Z30, then isolate destroyer there",the switch itself carries technical execution risk (long diagonal ball),OI00094,C,Z30,central_overload_created_in_Z17
switch_of_play_to_isolate_1v1,anchor_man,ATTACKING,opponent_shifts_numbers_to_match_the_overload,medium,opponent delays its own defensive shift specifically to avoid over-committing to the overload,anchor_man receives 1v1 in space in Z1,attacking_organisation,"use the central overload in Z23 to draw defensive numbers away from Z1, then isolate anchor_man there",the switch itself carries technical execution risk (long diagonal ball),OI00095,C,Z1,central_overload_created_in_Z23
switch_of_play_to_isolate_1v1,segundo_volante,ATTACKING,opponent_shifts_numbers_to_match_the_overload,medium,opponent delays its own defensive shift specifically to avoid over-committing to the overload,segundo_volante receives 1v1 in space in Z26,attacking_organisation,"use the box overload in Z7 to draw defensive numbers away from Z26, then isolate segundo_volante there",the switch itself carries technical execution risk (long diagonal ball),OI00096,C,Z26,box_overload_created_in_Z7
switch_of_play_to_isolate_1v1,stopper,ATTACKING,opponent_shifts_numbers_to_match_the_overload,medium,opponent delays its own defensive shift specifically to avoid over-committing to the overload,stopper receives 1v1 in space in Z29,attacking_organisation,"use the wide overload in Z1 to draw defensive numbers away from Z29, then isolate stopper there",the switch itself carries technical execution risk (long diagonal ball),OI00097,C,Z29,wide_overload_created_in_Z1
switch_of_play_to_isolate_1v1,wide_target_man,ATTACKING,opponent_shifts_numbers_to_match_the_overload,medium,opponent delays its own defensive shift specifically to avoid over-committing to the overload,wide_target_man receives 1v1 in space in Z4,attacking_organisation,"use the central overload in Z2 to draw defensive numbers away from Z4, then isolate wide_target_man there",the switch itself carries technical execution risk (long diagonal ball),OI00098,C,Z4,central_overload_created_in_Z2
switch_of_play_to_isolate_1v1,false_nine,ATTACKING,opponent_shifts_numbers_to_match_the_overload,medium,opponent delays its own defensive shift specifically to avoid over-committing to the overload,false_nine receives 1v1 in space in Z9,attacking_organisation,"use the box overload in Z14 to draw defensive numbers away from Z9, then isolate false_nine there",the switch itself carries technical execution risk (long diagonal ball),OI00099,C,Z9,box_overload_created_in_Z14
switch_of_play_to_isolate_1v1,stopper,ATTACKING,opponent_shifts_numbers_to_match_the_overload,medium,opponent delays its own defensive shift specifically to avoid over-committing to the overload,stopper receives 1v1 in space in Z17,attacking_organisation,"use the half space overload in Z7 to draw defensive numbers away from Z17, then isolate stopper there",the switch itself carries technical execution risk (long diagonal ball),OI00100,C,Z17,half_space_overload_created_in_Z7
switch_of_play_to_isolate_1v1,deep_playmaker,ATTACKING,opponent_shifts_numbers_to_match_the_overload,medium,opponent delays its own defensive shift specifically to avoid over-committing to the overload,deep_playmaker receives 1v1 in space in Z22,attacking_organisation,"use the wide overload in Z19 to draw defensive numbers away from Z22, then isolate deep_playmaker there",the switch itself carries technical execution risk (long diagonal ball),OI00101,C,Z22,wide_overload_created_in_Z19
switch_of_play_to_isolate_1v1,wide_target_man,ATTACKING,opponent_shifts_numbers_to_match_the_overload,medium,opponent delays its own defensive shift specifically to avoid over-committing to the overload,wide_target_man receives 1v1 in space in Z13,attacking_organisation,"use the box overload in Z30 to draw defensive numbers away from Z13, then isolate wide_target_man there",the switch itself carries technical execution risk (long diagonal ball),OI00102,C,Z13,box_overload_created_in_Z30
switch_of_play_to_isolate_1v1,defensive_winger,ATTACKING,opponent_shifts_numbers_to_match_the_overload,medium,opponent delays its own defensive shift specifically to avoid over-committing to the overload,defensive_winger receives 1v1 in space in Z30,attacking_organisation,"use the central overload in Z27 to draw defensive numbers away from Z30, then isolate defensive_winger there",the switch itself carries technical execution risk (long diagonal ball),OI00103,C,Z30,central_overload_created_in_Z27
switch_of_play_to_isolate_1v1,deep_playmaker,ATTACKING,opponent_shifts_numbers_to_match_the_overload,medium,opponent delays its own defensive shift specifically to avoid over-committing to the overload,deep_playmaker receives 1v1 in space in Z21,attacking_organisation,"use the central overload in Z9 to draw defensive numbers away from Z21, then isolate deep_playmaker there",the switch itself carries technical execution risk (long diagonal ball),OI00104,C,Z21,central_overload_created_in_Z9
switch_of_play_to_isolate_1v1,wide_target_man,ATTACKING,opponent_shifts_numbers_to_match_the_overload,medium,opponent delays its own defensive shift specifically to avoid over-committing to the overload,wide_target_man receives 1v1 in space in Z21,attacking_organisation,"use the wide overload in Z6 to draw defensive numbers away from Z21, then isolate wide_target_man there",the switch itself carries technical execution risk (long diagonal ball),OI00105,C,Z21,wide_overload_created_in_Z6
switch_of_play_to_isolate_1v1,complete_forward,ATTACKING,opponent_shifts_numbers_to_match_the_overload,medium,opponent delays its own defensive shift specifically to avoid over-committing to the overload,complete_forward receives 1v1 in space in Z10,attacking_organisation,"use the central overload in Z15 to draw defensive numbers away from Z10, then isolate complete_forward there",the switch itself carries technical execution risk (long diagonal ball),OI00106,C,Z10,central_overload_created_in_Z15
switch_of_play_to_isolate_1v1,full_back,ATTACKING,opponent_shifts_numbers_to_match_the_overload,medium,opponent delays its own defensive shift specifically to avoid over-committing to the overload,full_back receives 1v1 in space in Z30,attacking_organisation,"use the wide overload in Z11 to draw defensive numbers away from Z30, then isolate full_back there",the switch itself carries technical execution risk (long diagonal ball),OI00107,C,Z30,wide_overload_created_in_Z11
switch_of_play_to_isolate_1v1,advanced_forward,ATTACKING,opponent_shifts_numbers_to_match_the_overload,medium,opponent delays its own defensive shift specifically to avoid over-committing to the overload,advanced_forward receives 1v1 in space in Z3,attacking_organisation,"use the half space overload in Z17 to draw defensive numbers away from Z3, then isolate advanced_forward there",the switch itself carries technical execution risk (long diagonal ball),OI00108,C,Z3,half_space_overload_created_in_Z17
switch_of_play_to_isolate_1v1,destroyer,ATTACKING,opponent_shifts_numbers_to_match_the_overload,medium,opponent delays its own defensive shift specifically to avoid over-committing to the overload,destroyer receives 1v1 in space in Z7,attacking_organisation,"use the box overload in Z27 to draw defensive numbers away from Z7, then isolate destroyer there",the switch itself carries technical execution risk (long diagonal ball),OI00109,C,Z7,box_overload_created_in_Z27
switch_of_play_to_isolate_1v1,mezzala,ATTACKING,opponent_shifts_numbers_to_match_the_overload,medium,opponent delays its own defensive shift specifically to avoid over-committing to the overload,mezzala receives 1v1 in space in Z28,attacking_organisation,"use the central overload in Z27 to draw defensive numbers away from Z28, then isolate mezzala there",the switch itself carries technical execution risk (long diagonal ball),OI00110,C,Z28,central_overload_created_in_Z27
correction_required,regista,DEFENDING,occurs_in_Z4_involving_regista,medium,opponent probes a different zone/mechanism once this specific failure is corrected,the specific exploited gap in that zone is closed,defensive_transition,identify and correct the failure mode 'cover shadow angle wrong' before it is repeatedly exploited,"the correction itself typically reallocates coverage from elsewhere, per core KB Section 57.1's cause->correction->new-risk pattern",FL00001,C,Z4,cover_shadow_angle_wrong
correction_required,box_to_box,DEFENDING,occurs_in_Z6_involving_box_to_box,medium,opponent probes a different zone/mechanism once this specific failure is corrected,the specific exploited gap in that zone is closed,defensive_organisation,identify and correct the failure mode 'marking assignment miscommunicated' before it is repeatedly exploited,"the correction itself typically reallocates coverage from elsewhere, per core KB Section 57.1's cause->correction->new-risk pattern",FL00002,C,Z6,marking_assignment_miscommunicated
correction_required,complete_wing_back,DEFENDING,occurs_in_Z26_involving_complete_wing_back,medium,opponent probes a different zone/mechanism once this specific failure is corrected,the specific exploited gap in that zone is closed,attacking_organisation,identify and correct the failure mode 'weak side ball watching' before it is repeatedly exploited,"the correction itself typically reallocates coverage from elsewhere, per core KB Section 57.1's cause->correction->new-risk pattern",FL00003,C,Z26,weak_side_ball_watching
correction_required,regista,DEFENDING,occurs_in_Z3_involving_regista,medium,opponent probes a different zone/mechanism once this specific failure is corrected,the specific exploited gap in that zone is closed,defensive_transition,identify and correct the failure mode 'weak side ball watching' before it is repeatedly exploited,"the correction itself typically reallocates coverage from elsewhere, per core KB Section 57.1's cause->correction->new-risk pattern",FL00004,C,Z3,weak_side_ball_watching
correction_required,cover_defender,DEFENDING,occurs_in_Z12_involving_cover_defender,medium,opponent probes a different zone/mechanism once this specific failure is corrected,the specific exploited gap in that zone is closed,defensive_organisation,identify and correct the failure mode 'gk distributed without scanning' before it is repeatedly exploited,"the correction itself typically reallocates coverage from elsewhere, per core KB Section 57.1's cause->correction->new-risk pattern",FL00005,C,Z12,gk_distributed_without_scanning
correction_required,inside_forward,DEFENDING,occurs_in_Z11_involving_inside_forward,medium,opponent probes a different zone/mechanism once this specific failure is corrected,the specific exploited gap in that zone is closed,set_piece,identify and correct the failure mode 'wing back committed with no cover' before it is repeatedly exploited,"the correction itself typically reallocates coverage from elsewhere, per core KB Section 57.1's cause->correction->new-risk pattern",FL00006,C,Z11,wing_back_committed_with_no_cover
correction_required,advanced_playmaker,DEFENDING,occurs_in_Z3_involving_advanced_playmaker,medium,opponent probes a different zone/mechanism once this specific failure is corrected,the specific exploited gap in that zone is closed,defensive_transition,identify and correct the failure mode 'offside line stepped individually' before it is repeatedly exploited,"the correction itself typically reallocates coverage from elsewhere, per core KB Section 57.1's cause->correction->new-risk pattern",FL00007,C,Z3,offside_line_stepped_individually
correction_required,box_to_box,DEFENDING,occurs_in_Z8_involving_box_to_box,medium,opponent probes a different zone/mechanism once this specific failure is corrected,the specific exploited gap in that zone is closed,offensive_transition,identify and correct the failure mode 'offside line stepped individually' before it is repeatedly exploited,"the correction itself typically reallocates coverage from elsewhere, per core KB Section 57.1's cause->correction->new-risk pattern",FL00008,C,Z8,offside_line_stepped_individually
correction_required,mezzala,DEFENDING,occurs_in_Z11_involving_mezzala,medium,opponent probes a different zone/mechanism once this specific failure is corrected,the specific exploited gap in that zone is closed,defensive_transition,identify and correct the failure mode 'weak side ball watching' before it is repeatedly exploited,"the correction itself typically reallocates coverage from elsewhere, per core KB Section 57.1's cause->correction->new-risk pattern",FL00009,C,Z11,weak_side_ball_watching
correction_required,complete_wing_back,DEFENDING,occurs_in_Z17_involving_complete_wing_back,medium,opponent probes a different zone/mechanism once this specific failure is corrected,the specific exploited gap in that zone is closed,offensive_transition,identify and correct the failure mode 'handover between defenders missed' before it is repeatedly exploited,"the correction itself typically reallocates coverage from elsewhere, per core KB Section 57.1's cause->correction->new-risk pattern",FL00010,C,Z17,handover_between_defenders_missed
correction_required,raumdeuter,DEFENDING,occurs_in_Z27_involving_raumdeuter,medium,opponent probes a different zone/mechanism once this specific failure is corrected,the specific exploited gap in that zone is closed,defensive_transition,identify and correct the failure mode 'rest defence understaffed' before it is repeatedly exploited,"the correction itself typically reallocates coverage from elsewhere, per core KB Section 57.1's cause->correction->new-risk pattern",FL00011,C,Z27,rest_defence_understaffed
correction_required,complete_forward,DEFENDING,occurs_in_Z1_involving_complete_forward,medium,opponent probes a different zone/mechanism once this specific failure is corrected,the specific exploited gap in that zone is closed,defensive_transition,identify and correct the failure mode 'gk distributed without scanning' before it is repeatedly exploited,"the correction itself typically reallocates coverage from elsewhere, per core KB Section 57.1's cause->correction->new-risk pattern",FL00012,C,Z1,gk_distributed_without_scanning
correction_required,box_to_box,DEFENDING,occurs_in_Z11_involving_box_to_box,medium,opponent probes a different zone/mechanism once this specific failure is corrected,the specific exploited gap in that zone is closed,defensive_transition,identify and correct the failure mode 'central overload unrecognized' before it is repeatedly exploited,"the correction itself typically reallocates coverage from elsewhere, per core KB Section 57.1's cause->correction->new-risk pattern",FL00013,C,Z11,central_overload_unrecognized
correction_required,stopper,DEFENDING,occurs_in_Z17_involving_stopper,medium,opponent probes a different zone/mechanism once this specific failure is corrected,the specific exploited gap in that zone is closed,defensive_transition,identify and correct the failure mode 'marking assignment miscommunicated' before it is repeatedly exploited,"the correction itself typically reallocates coverage from elsewhere, per core KB Section 57.1's cause->correction->new-risk pattern",FL00014,C,Z17,marking_assignment_miscommunicated
correction_required,segundo_volante,DEFENDING,occurs_in_Z11_involving_segundo_volante,medium,opponent probes a different zone/mechanism once this specific failure is corrected,the specific exploited gap in that zone is closed,set_piece,identify and correct the failure mode 'handover between defenders missed' before it is repeatedly exploited,"the correction itself typically reallocates coverage from elsewhere, per core KB Section 57.1's cause->correction->new-risk pattern",FL00015,C,Z11,handover_between_defenders_missed
correction_required,attacking_fb,DEFENDING,occurs_in_Z29_involving_attacking_fb,medium,opponent probes a different zone/mechanism once this specific failure is corrected,the specific exploited gap in that zone is closed,set_piece,identify and correct the failure mode 'rest defence understaffed' before it is repeatedly exploited,"the correction itself typically reallocates coverage from elsewhere, per core KB Section 57.1's cause->correction->new-risk pattern",FL00016,C,Z29,rest_defence_understaffed
correction_required,aggressive_gk,DEFENDING,occurs_in_Z9_involving_aggressive_gk,medium,opponent probes a different zone/mechanism once this specific failure is corrected,the specific exploited gap in that zone is closed,offensive_transition,identify and correct the failure mode 'rest defence understaffed' before it is repeatedly exploited,"the correction itself typically reallocates coverage from elsewhere, per core KB Section 57.1's cause->correction->new-risk pattern",FL00017,C,Z9,rest_defence_understaffed
correction_required,false_nine,DEFENDING,occurs_in_Z9_involving_false_nine,medium,opponent probes a different zone/mechanism once this specific failure is corrected,the specific exploited gap in that zone is closed,offensive_transition,identify and correct the failure mode 'offside line stepped individually' before it is repeatedly exploited,"the correction itself typically reallocates coverage from elsewhere, per core KB Section 57.1's cause->correction->new-risk pattern",FL00018,C,Z9,offside_line_stepped_individually
correction_required,box_to_box,DEFENDING,occurs_in_Z9_involving_box_to_box,medium,opponent probes a different zone/mechanism once this specific failure is corrected,the specific exploited gap in that zone is closed,attacking_organisation,identify and correct the failure mode 'offside line stepped individually' before it is repeatedly exploited,"the correction itself typically reallocates coverage from elsewhere, per core KB Section 57.1's cause->correction->new-risk pattern",FL00019,C,Z9,offside_line_stepped_individually
correction_required,advanced_playmaker,DEFENDING,occurs_in_Z8_involving_advanced_playmaker,medium,opponent probes a different zone/mechanism once this specific failure is corrected,the specific exploited gap in that zone is closed,defensive_organisation,identify and correct the failure mode 'central overload unrecognized' before it is repeatedly exploited,"the correction itself typically reallocates coverage from elsewhere, per core KB Section 57.1's cause->correction->new-risk pattern",FL00020,C,Z8,central_overload_unrecognized
correction_required,full_back,DEFENDING,occurs_in_Z18_involving_full_back,medium,opponent probes a different zone/mechanism once this specific failure is corrected,the specific exploited gap in that zone is closed,set_piece,identify and correct the failure mode 'wing back committed with no cover' before it is repeatedly exploited,"the correction itself typically reallocates coverage from elsewhere, per core KB Section 57.1's cause->correction->new-risk pattern",FL00021,C,Z18,wing_back_committed_with_no_cover
correction_required,pressing_forward,DEFENDING,occurs_in_Z14_involving_pressing_forward,medium,opponent probes a different zone/mechanism once this specific failure is corrected,the specific exploited gap in that zone is closed,set_piece,identify and correct the failure mode 'pressing unit uncoordinated' before it is repeatedly exploited,"the correction itself typically reallocates coverage from elsewhere, per core KB Section 57.1's cause->correction->new-risk pattern",FL00022,C,Z14,pressing_unit_uncoordinated
correction_required,number_10,DEFENDING,occurs_in_Z8_involving_number_10,medium,opponent probes a different zone/mechanism once this specific failure is corrected,the specific exploited gap in that zone is closed,set_piece,identify and correct the failure mode 'weak side ball watching' before it is repeatedly exploited,"the correction itself typically reallocates coverage from elsewhere, per core KB Section 57.1's cause->correction->new-risk pattern",FL00023,C,Z8,weak_side_ball_watching
correction_required,inside_forward,DEFENDING,occurs_in_Z11_involving_inside_forward,medium,opponent probes a different zone/mechanism once this specific failure is corrected,the specific exploited gap in that zone is closed,set_piece,identify and correct the failure mode 'weak side ball watching' before it is repeatedly exploited,"the correction itself typically reallocates coverage from elsewhere, per core KB Section 57.1's cause->correction->new-risk pattern",FL00024,C,Z11,weak_side_ball_watching
correction_required,wide_cb,DEFENDING,occurs_in_Z14_involving_wide_cb,medium,opponent probes a different zone/mechanism once this specific failure is corrected,the specific exploited gap in that zone is closed,attacking_organisation,identify and correct the failure mode 'weak side ball watching' before it is repeatedly exploited,"the correction itself typically reallocates coverage from elsewhere, per core KB Section 57.1's cause->correction->new-risk pattern",FL00025,C,Z14,weak_side_ball_watching
correction_required,shot_stopper,DEFENDING,occurs_in_Z10_involving_shot_stopper,medium,opponent probes a different zone/mechanism once this specific failure is corrected,the specific exploited gap in that zone is closed,attacking_organisation,identify and correct the failure mode 'marking assignment miscommunicated' before it is repeatedly exploited,"the correction itself typically reallocates coverage from elsewhere, per core KB Section 57.1's cause->correction->new-risk pattern",FL00026,C,Z10,marking_assignment_miscommunicated
correction_required,attacking_fb,DEFENDING,occurs_in_Z3_involving_attacking_fb,medium,opponent probes a different zone/mechanism once this specific failure is corrected,the specific exploited gap in that zone is closed,offensive_transition,identify and correct the failure mode 'pressing unit uncoordinated' before it is repeatedly exploited,"the correction itself typically reallocates coverage from elsewhere, per core KB Section 57.1's cause->correction->new-risk pattern",FL00027,C,Z3,pressing_unit_uncoordinated
correction_required,cover_defender,DEFENDING,occurs_in_Z22_involving_cover_defender,medium,opponent probes a different zone/mechanism once this specific failure is corrected,the specific exploited gap in that zone is closed,defensive_transition,identify and correct the failure mode 'central overload unrecognized' before it is repeatedly exploited,"the correction itself typically reallocates coverage from elsewhere, per core KB Section 57.1's cause->correction->new-risk pattern",FL00028,C,Z22,central_overload_unrecognized
correction_required,ball_playing_gk,DEFENDING,occurs_in_Z26_involving_ball_playing_gk,medium,opponent probes a different zone/mechanism once this specific failure is corrected,the specific exploited gap in that zone is closed,offensive_transition,identify and correct the failure mode 'central overload unrecognized' before it is repeatedly exploited,"the correction itself typically reallocates coverage from elsewhere, per core KB Section 57.1's cause->correction->new-risk pattern",FL00029,C,Z26,central_overload_unrecognized
correction_required,poacher,DEFENDING,occurs_in_Z5_involving_poacher,medium,opponent probes a different zone/mechanism once this specific failure is corrected,the specific exploited gap in that zone is closed,set_piece,identify and correct the failure mode 'marking assignment miscommunicated' before it is repeatedly exploited,"the correction itself typically reallocates coverage from elsewhere, per core KB Section 57.1's cause->correction->new-risk pattern",FL00030,C,Z5,marking_assignment_miscommunicated
correction_required,ball_playing_cb,DEFENDING,occurs_in_Z19_involving_ball_playing_cb,medium,opponent probes a different zone/mechanism once this specific failure is corrected,the specific exploited gap in that zone is closed,defensive_organisation,identify and correct the failure mode 'handover between defenders missed' before it is repeatedly exploited,"the correction itself typically reallocates coverage from elsewhere, per core KB Section 57.1's cause->correction->new-risk pattern",FL00031,C,Z19,handover_between_defenders_missed
correction_required,carrilero,DEFENDING,occurs_in_Z8_involving_carrilero,medium,opponent probes a different zone/mechanism once this specific failure is corrected,the specific exploited gap in that zone is closed,offensive_transition,identify and correct the failure mode 'offside line stepped individually' before it is repeatedly exploited,"the correction itself typically reallocates coverage from elsewhere, per core KB Section 57.1's cause->correction->new-risk pattern",FL00032,C,Z8,offside_line_stepped_individually
correction_required,pressing_forward,DEFENDING,occurs_in_Z26_involving_pressing_forward,medium,opponent probes a different zone/mechanism once this specific failure is corrected,the specific exploited gap in that zone is closed,offensive_transition,identify and correct the failure mode 'wing back committed with no cover' before it is repeatedly exploited,"the correction itself typically reallocates coverage from elsewhere, per core KB Section 57.1's cause->correction->new-risk pattern",FL00033,C,Z26,wing_back_committed_with_no_cover
correction_required,shadow_striker,DEFENDING,occurs_in_Z17_involving_shadow_striker,medium,opponent probes a different zone/mechanism once this specific failure is corrected,the specific exploited gap in that zone is closed,offensive_transition,identify and correct the failure mode 'cover shadow angle wrong' before it is repeatedly exploited,"the correction itself typically reallocates coverage from elsewhere, per core KB Section 57.1's cause->correction->new-risk pattern",FL00034,C,Z17,cover_shadow_angle_wrong
correction_required,full_back,DEFENDING,occurs_in_Z21_involving_full_back,medium,opponent probes a different zone/mechanism once this specific failure is corrected,the specific exploited gap in that zone is closed,offensive_transition,identify and correct the failure mode 'gk distributed without scanning' before it is repeatedly exploited,"the correction itself typically reallocates coverage from elsewhere, per core KB Section 57.1's cause->correction->new-risk pattern",FL00035,C,Z21,gk_distributed_without_scanning
correction_required,wide_target_man,DEFENDING,occurs_in_Z1_involving_wide_target_man,medium,opponent probes a different zone/mechanism once this specific failure is corrected,the specific exploited gap in that zone is closed,offensive_transition,identify and correct the failure mode 'marking assignment miscommunicated' before it is repeatedly exploited,"the correction itself typically reallocates coverage from elsewhere, per core KB Section 57.1's cause->correction->new-risk pattern",FL00036,C,Z1,marking_assignment_miscommunicated
correction_required,deep_playmaker,DEFENDING,occurs_in_Z28_involving_deep_playmaker,medium,opponent probes a different zone/mechanism once this specific failure is corrected,the specific exploited gap in that zone is closed,defensive_organisation,identify and correct the failure mode 'gk distributed without scanning' before it is repeatedly exploited,"the correction itself typically reallocates coverage from elsewhere, per core KB Section 57.1's cause->correction->new-risk pattern",FL00037,C,Z28,gk_distributed_without_scanning
correction_required,inverted_fb,DEFENDING,occurs_in_Z26_involving_inverted_fb,medium,opponent probes a different zone/mechanism once this specific failure is corrected,the specific exploited gap in that zone is closed,offensive_transition,identify and correct the failure mode 'weak side ball watching' before it is repeatedly exploited,"the correction itself typically reallocates coverage from elsewhere, per core KB Section 57.1's cause->correction->new-risk pattern",FL00038,C,Z26,weak_side_ball_watching
correction_required,destroyer,DEFENDING,occurs_in_Z29_involving_destroyer,medium,opponent probes a different zone/mechanism once this specific failure is corrected,the specific exploited gap in that zone is closed,defensive_organisation,identify and correct the failure mode 'cover shadow angle wrong' before it is repeatedly exploited,"the correction itself typically reallocates coverage from elsewhere, per core KB Section 57.1's cause->correction->new-risk pattern",FL00039,C,Z29,cover_shadow_angle_wrong
correction_required,box_to_box,DEFENDING,occurs_in_Z19_involving_box_to_box,medium,opponent probes a different zone/mechanism once this specific failure is corrected,the specific exploited gap in that zone is closed,set_piece,identify and correct the failure mode 'handover between defenders missed' before it is repeatedly exploited,"the correction itself typically reallocates coverage from elsewhere, per core KB Section 57.1's cause->correction->new-risk pattern",FL00040,C,Z19,handover_between_defenders_missed
correction_required,shot_stopper,DEFENDING,occurs_in_Z28_involving_shot_stopper,medium,opponent probes a different zone/mechanism once this specific failure is corrected,the specific exploited gap in that zone is closed,defensive_transition,identify and correct the failure mode 'marking assignment miscommunicated' before it is repeatedly exploited,"the correction itself typically reallocates coverage from elsewhere, per core KB Section 57.1's cause->correction->new-risk pattern",FL00041,C,Z28,marking_assignment_miscommunicated
correction_required,carrilero,DEFENDING,occurs_in_Z7_involving_carrilero,medium,opponent probes a different zone/mechanism once this specific failure is corrected,the specific exploited gap in that zone is closed,defensive_organisation,identify and correct the failure mode 'wing back committed with no cover' before it is repeatedly exploited,"the correction itself typically reallocates coverage from elsewhere, per core KB Section 57.1's cause->correction->new-risk pattern",FL00042,C,Z7,wing_back_committed_with_no_cover
correction_required,destroyer,DEFENDING,occurs_in_Z12_involving_destroyer,medium,opponent probes a different zone/mechanism once this specific failure is corrected,the specific exploited gap in that zone is closed,defensive_transition,identify and correct the failure mode 'offside line stepped individually' before it is repeatedly exploited,"the correction itself typically reallocates coverage from elsewhere, per core KB Section 57.1's cause->correction->new-risk pattern",FL00043,C,Z12,offside_line_stepped_individually
correction_required,cover_defender,DEFENDING,occurs_in_Z22_involving_cover_defender,medium,opponent probes a different zone/mechanism once this specific failure is corrected,the specific exploited gap in that zone is closed,attacking_organisation,identify and correct the failure mode 'cover shadow angle wrong' before it is repeatedly exploited,"the correction itself typically reallocates coverage from elsewhere, per core KB Section 57.1's cause->correction->new-risk pattern",FL00044,C,Z22,cover_shadow_angle_wrong
correction_required,shadow_striker,DEFENDING,occurs_in_Z10_involving_shadow_striker,medium,opponent probes a different zone/mechanism once this specific failure is corrected,the specific exploited gap in that zone is closed,defensive_organisation,identify and correct the failure mode 'offside line stepped individually' before it is repeatedly exploited,"the correction itself typically reallocates coverage from elsewhere, per core KB Section 57.1's cause->correction->new-risk pattern",FL00045,C,Z10,offside_line_stepped_individually
correction_required,segundo_volante,DEFENDING,occurs_in_Z29_involving_segundo_volante,medium,opponent probes a different zone/mechanism once this specific failure is corrected,the specific exploited gap in that zone is closed,offensive_transition,identify and correct the failure mode 'handover between defenders missed' before it is repeatedly exploited,"the correction itself typically reallocates coverage from elsewhere, per core KB Section 57.1's cause->correction->new-risk pattern",FL00046,C,Z29,handover_between_defenders_missed
correction_required,stopper,DEFENDING,occurs_in_Z17_involving_stopper,medium,opponent probes a different zone/mechanism once this specific failure is corrected,the specific exploited gap in that zone is closed,defensive_transition,identify and correct the failure mode 'handover between defenders missed' before it is repeatedly exploited,"the correction itself typically reallocates coverage from elsewhere, per core KB Section 57.1's cause->correction->new-risk pattern",FL00047,C,Z17,handover_between_defenders_missed
correction_required,wide_playmaker,DEFENDING,occurs_in_Z17_involving_wide_playmaker,medium,opponent probes a different zone/mechanism once this specific failure is corrected,the specific exploited gap in that zone is closed,attacking_organisation,identify and correct the failure mode 'marking assignment miscommunicated' before it is repeatedly exploited,"the correction itself typically reallocates coverage from elsewhere, per core KB Section 57.1's cause->correction->new-risk pattern",FL00048,C,Z17,marking_assignment_miscommunicated
correction_required,wide_target_man,DEFENDING,occurs_in_Z23_involving_wide_target_man,medium,opponent probes a different zone/mechanism once this specific failure is corrected,the specific exploited gap in that zone is closed,offensive_transition,identify and correct the failure mode 'central overload unrecognized' before it is repeatedly exploited,"the correction itself typically reallocates coverage from elsewhere, per core KB Section 57.1's cause->correction->new-risk pattern",FL00049,C,Z23,central_overload_unrecognized
correction_required,shadow_striker,DEFENDING,occurs_in_Z5_involving_shadow_striker,medium,opponent probes a different zone/mechanism once this specific failure is corrected,the specific exploited gap in that zone is closed,attacking_organisation,identify and correct the failure mode 'handover between defenders missed' before it is repeatedly exploited,"the correction itself typically reallocates coverage from elsewhere, per core KB Section 57.1's cause->correction->new-risk pattern",FL00050,C,Z5,handover_between_defenders_missed
correction_required,advanced_forward,DEFENDING,occurs_in_Z15_involving_advanced_forward,medium,opponent probes a different zone/mechanism once this specific failure is corrected,the specific exploited gap in that zone is closed,attacking_organisation,identify and correct the failure mode 'offside line stepped individually' before it is repeatedly exploited,"the correction itself typically reallocates coverage from elsewhere, per core KB Section 57.1's cause->correction->new-risk pattern",FL00051,C,Z15,offside_line_stepped_individually
correction_required,ball_playing_cb,DEFENDING,occurs_in_Z7_involving_ball_playing_cb,medium,opponent probes a different zone/mechanism once this specific failure is corrected,the specific exploited gap in that zone is closed,offensive_transition,identify and correct the failure mode 'central overload unrecognized' before it is repeatedly exploited,"the correction itself typically reallocates coverage from elsewhere, per core KB Section 57.1's cause->correction->new-risk pattern",FL00052,C,Z7,central_overload_unrecognized
correction_required,shot_stopper,DEFENDING,occurs_in_Z26_involving_shot_stopper,medium,opponent probes a different zone/mechanism once this specific failure is corrected,the specific exploited gap in that zone is closed,set_piece,identify and correct the failure mode 'weak side ball watching' before it is repeatedly exploited,"the correction itself typically reallocates coverage from elsewhere, per core KB Section 57.1's cause->correction->new-risk pattern",FL00053,C,Z26,weak_side_ball_watching
correction_required,poacher,DEFENDING,occurs_in_Z23_involving_poacher,medium,opponent probes a different zone/mechanism once this specific failure is corrected,the specific exploited gap in that zone is closed,defensive_organisation,identify and correct the failure mode 'marking assignment miscommunicated' before it is repeatedly exploited,"the correction itself typically reallocates coverage from elsewhere, per core KB Section 57.1's cause->correction->new-risk pattern",FL00054,C,Z23,marking_assignment_miscommunicated
correction_required,pressing_forward,DEFENDING,occurs_in_Z4_involving_pressing_forward,medium,opponent probes a different zone/mechanism once this specific failure is corrected,the specific exploited gap in that zone is closed,defensive_transition,identify and correct the failure mode 'cover shadow angle wrong' before it is repeatedly exploited,"the correction itself typically reallocates coverage from elsewhere, per core KB Section 57.1's cause->correction->new-risk pattern",FL00055,C,Z4,cover_shadow_angle_wrong
correction_required,destroyer,DEFENDING,occurs_in_Z12_involving_destroyer,medium,opponent probes a different zone/mechanism once this specific failure is corrected,the specific exploited gap in that zone is closed,attacking_organisation,identify and correct the failure mode 'central overload unrecognized' before it is repeatedly exploited,"the correction itself typically reallocates coverage from elsewhere, per core KB Section 57.1's cause->correction->new-risk pattern",FL00056,C,Z12,central_overload_unrecognized
correction_required,advanced_forward,DEFENDING,occurs_in_Z5_involving_advanced_forward,medium,opponent probes a different zone/mechanism once this specific failure is corrected,the specific exploited gap in that zone is closed,defensive_transition,identify and correct the failure mode 'marking assignment miscommunicated' before it is repeatedly exploited,"the correction itself typically reallocates coverage from elsewhere, per core KB Section 57.1's cause->correction->new-risk pattern",FL00057,C,Z5,marking_assignment_miscommunicated
correction_required,regista,DEFENDING,occurs_in_Z29_involving_regista,medium,opponent probes a different zone/mechanism once this specific failure is corrected,the specific exploited gap in that zone is closed,attacking_organisation,identify and correct the failure mode 'weak side ball watching' before it is repeatedly exploited,"the correction itself typically reallocates coverage from elsewhere, per core KB Section 57.1's cause->correction->new-risk pattern",FL00058,C,Z29,weak_side_ball_watching
correction_required,carrilero,DEFENDING,occurs_in_Z26_involving_carrilero,medium,opponent probes a different zone/mechanism once this specific failure is corrected,the specific exploited gap in that zone is closed,set_piece,identify and correct the failure mode 'gk distributed without scanning' before it is repeatedly exploited,"the correction itself typically reallocates coverage from elsewhere, per core KB Section 57.1's cause->correction->new-risk pattern",FL00059,C,Z26,gk_distributed_without_scanning
correction_required,inside_forward,DEFENDING,occurs_in_Z2_involving_inside_forward,medium,opponent probes a different zone/mechanism once this specific failure is corrected,the specific exploited gap in that zone is closed,defensive_transition,identify and correct the failure mode 'rest defence understaffed' before it is repeatedly exploited,"the correction itself typically reallocates coverage from elsewhere, per core KB Section 57.1's cause->correction->new-risk pattern",FL00060,C,Z2,rest_defence_understaffed
correction_required,traditional_winger,DEFENDING,occurs_in_Z21_involving_traditional_winger,medium,opponent probes a different zone/mechanism once this specific failure is corrected,the specific exploited gap in that zone is closed,attacking_organisation,identify and correct the failure mode 'weak side ball watching' before it is repeatedly exploited,"the correction itself typically reallocates coverage from elsewhere, per core KB Section 57.1's cause->correction->new-risk pattern",FL00061,C,Z21,weak_side_ball_watching
correction_required,inverted_winger,DEFENDING,occurs_in_Z30_involving_inverted_winger,medium,opponent probes a different zone/mechanism once this specific failure is corrected,the specific exploited gap in that zone is closed,attacking_organisation,identify and correct the failure mode 'cover shadow angle wrong' before it is repeatedly exploited,"the correction itself typically reallocates coverage from elsewhere, per core KB Section 57.1's cause->correction->new-risk pattern",FL00062,C,Z30,cover_shadow_angle_wrong
correction_required,regista,DEFENDING,occurs_in_Z29_involving_regista,medium,opponent probes a different zone/mechanism once this specific failure is corrected,the specific exploited gap in that zone is closed,defensive_organisation,identify and correct the failure mode 'handover between defenders missed' before it is repeatedly exploited,"the correction itself typically reallocates coverage from elsewhere, per core KB Section 57.1's cause->correction->new-risk pattern",FL00063,C,Z29,handover_between_defenders_missed
correction_required,wing_back,DEFENDING,occurs_in_Z4_involving_wing_back,medium,opponent probes a different zone/mechanism once this specific failure is corrected,the specific exploited gap in that zone is closed,attacking_organisation,identify and correct the failure mode 'wing back committed with no cover' before it is repeatedly exploited,"the correction itself typically reallocates coverage from elsewhere, per core KB Section 57.1's cause->correction->new-risk pattern",FL00064,C,Z4,wing_back_committed_with_no_cover
correction_required,stopper,DEFENDING,occurs_in_Z18_involving_stopper,medium,opponent probes a different zone/mechanism once this specific failure is corrected,the specific exploited gap in that zone is closed,set_piece,identify and correct the failure mode 'offside line stepped individually' before it is repeatedly exploited,"the correction itself typically reallocates coverage from elsewhere, per core KB Section 57.1's cause->correction->new-risk pattern",FL00065,C,Z18,offside_line_stepped_individually
correction_required,box_to_box,DEFENDING,occurs_in_Z22_involving_box_to_box,medium,opponent probes a different zone/mechanism once this specific failure is corrected,the specific exploited gap in that zone is closed,attacking_organisation,identify and correct the failure mode 'pressing unit uncoordinated' before it is repeatedly exploited,"the correction itself typically reallocates coverage from elsewhere, per core KB Section 57.1's cause->correction->new-risk pattern",FL00066,C,Z22,pressing_unit_uncoordinated
correction_required,deep_lying_forward,DEFENDING,occurs_in_Z5_involving_deep_lying_forward,medium,opponent probes a different zone/mechanism once this specific failure is corrected,the specific exploited gap in that zone is closed,defensive_transition,identify and correct the failure mode 'cover shadow angle wrong' before it is repeatedly exploited,"the correction itself typically reallocates coverage from elsewhere, per core KB Section 57.1's cause->correction->new-risk pattern",FL00067,C,Z5,cover_shadow_angle_wrong
correction_required,advanced_forward,DEFENDING,occurs_in_Z16_involving_advanced_forward,medium,opponent probes a different zone/mechanism once this specific failure is corrected,the specific exploited gap in that zone is closed,defensive_transition,identify and correct the failure mode 'pressing unit uncoordinated' before it is repeatedly exploited,"the correction itself typically reallocates coverage from elsewhere, per core KB Section 57.1's cause->correction->new-risk pattern",FL00068,C,Z16,pressing_unit_uncoordinated
correction_required,number_10,DEFENDING,occurs_in_Z3_involving_number_10,medium,opponent probes a different zone/mechanism once this specific failure is corrected,the specific exploited gap in that zone is closed,set_piece,identify and correct the failure mode 'offside line stepped individually' before it is repeatedly exploited,"the correction itself typically reallocates coverage from elsewhere, per core KB Section 57.1's cause->correction->new-risk pattern",FL00069,C,Z3,offside_line_stepped_individually
correction_required,ball_winning_midfielder,DEFENDING,occurs_in_Z3_involving_ball_winning_midfielder,medium,opponent probes a different zone/mechanism once this specific failure is corrected,the specific exploited gap in that zone is closed,set_piece,identify and correct the failure mode 'handover between defenders missed' before it is repeatedly exploited,"the correction itself typically reallocates coverage from elsewhere, per core KB Section 57.1's cause->correction->new-risk pattern",FL00070,C,Z3,handover_between_defenders_missed
correction_required,wide_target_man,DEFENDING,occurs_in_Z11_involving_wide_target_man,medium,opponent probes a different zone/mechanism once this specific failure is corrected,the specific exploited gap in that zone is closed,offensive_transition,identify and correct the failure mode 'rest defence understaffed' before it is repeatedly exploited,"the correction itself typically reallocates coverage from elsewhere, per core KB Section 57.1's cause->correction->new-risk pattern",FL00071,C,Z11,rest_defence_understaffed
correction_required,wide_target_man,DEFENDING,occurs_in_Z27_involving_wide_target_man,medium,opponent probes a different zone/mechanism once this specific failure is corrected,the specific exploited gap in that zone is closed,offensive_transition,identify and correct the failure mode 'central overload unrecognized' before it is repeatedly exploited,"the correction itself typically reallocates coverage from elsewhere, per core KB Section 57.1's cause->correction->new-risk pattern",FL00072,C,Z27,central_overload_unrecognized
correction_required,inside_forward,DEFENDING,occurs_in_Z16_involving_inside_forward,medium,opponent probes a different zone/mechanism once this specific failure is corrected,the specific exploited gap in that zone is closed,defensive_organisation,identify and correct the failure mode 'wing back committed with no cover' before it is repeatedly exploited,"the correction itself typically reallocates coverage from elsewhere, per core KB Section 57.1's cause->correction->new-risk pattern",FL00073,C,Z16,wing_back_committed_with_no_cover
correction_required,traditional_winger,DEFENDING,occurs_in_Z19_involving_traditional_winger,medium,opponent probes a different zone/mechanism once this specific failure is corrected,the specific exploited gap in that zone is closed,offensive_transition,identify and correct the failure mode 'cover shadow angle wrong' before it is repeatedly exploited,"the correction itself typically reallocates coverage from elsewhere, per core KB Section 57.1's cause->correction->new-risk pattern",FL00074,C,Z19,cover_shadow_angle_wrong
correction_required,ball_playing_gk,DEFENDING,occurs_in_Z10_involving_ball_playing_gk,medium,opponent probes a different zone/mechanism once this specific failure is corrected,the specific exploited gap in that zone is closed,attacking_organisation,identify and correct the failure mode 'pressing unit uncoordinated' before it is repeatedly exploited,"the correction itself typically reallocates coverage from elsewhere, per core KB Section 57.1's cause->correction->new-risk pattern",FL00075,C,Z10,pressing_unit_uncoordinated
correction_required,poacher,DEFENDING,occurs_in_Z5_involving_poacher,medium,opponent probes a different zone/mechanism once this specific failure is corrected,the specific exploited gap in that zone is closed,offensive_transition,identify and correct the failure mode 'wing back committed with no cover' before it is repeatedly exploited,"the correction itself typically reallocates coverage from elsewhere, per core KB Section 57.1's cause->correction->new-risk pattern",FL00076,C,Z5,wing_back_committed_with_no_cover
correction_required,destroyer,DEFENDING,occurs_in_Z3_involving_destroyer,medium,opponent probes a different zone/mechanism once this specific failure is corrected,the specific exploited gap in that zone is closed,attacking_organisation,identify and correct the failure mode 'wing back committed with no cover' before it is repeatedly exploited,"the correction itself typically reallocates coverage from elsewhere, per core KB Section 57.1's cause->correction->new-risk pattern",FL00077,C,Z3,wing_back_committed_with_no_cover
correction_required,ball_winning_midfielder,DEFENDING,occurs_in_Z20_involving_ball_winning_midfielder,medium,opponent probes a different zone/mechanism once this specific failure is corrected,the specific exploited gap in that zone is closed,attacking_organisation,identify and correct the failure mode 'cover shadow angle wrong' before it is repeatedly exploited,"the correction itself typically reallocates coverage from elsewhere, per core KB Section 57.1's cause->correction->new-risk pattern",FL00078,C,Z20,cover_shadow_angle_wrong
correction_required,target_man,DEFENDING,occurs_in_Z5_involving_target_man,medium,opponent probes a different zone/mechanism once this specific failure is corrected,the specific exploited gap in that zone is closed,set_piece,identify and correct the failure mode 'marking assignment miscommunicated' before it is repeatedly exploited,"the correction itself typically reallocates coverage from elsewhere, per core KB Section 57.1's cause->correction->new-risk pattern",FL00079,C,Z5,marking_assignment_miscommunicated
correction_required,mezzala,DEFENDING,occurs_in_Z20_involving_mezzala,medium,opponent probes a different zone/mechanism once this specific failure is corrected,the specific exploited gap in that zone is closed,set_piece,identify and correct the failure mode 'offside line stepped individually' before it is repeatedly exploited,"the correction itself typically reallocates coverage from elsewhere, per core KB Section 57.1's cause->correction->new-risk pattern",FL00080,C,Z20,offside_line_stepped_individually
correction_required,mezzala,DEFENDING,occurs_in_Z6_involving_mezzala,medium,opponent probes a different zone/mechanism once this specific failure is corrected,the specific exploited gap in that zone is closed,offensive_transition,identify and correct the failure mode 'cover shadow angle wrong' before it is repeatedly exploited,"the correction itself typically reallocates coverage from elsewhere, per core KB Section 57.1's cause->correction->new-risk pattern",FL00081,C,Z6,cover_shadow_angle_wrong
correction_required,inverted_fb,DEFENDING,occurs_in_Z3_involving_inverted_fb,medium,opponent probes a different zone/mechanism once this specific failure is corrected,the specific exploited gap in that zone is closed,defensive_organisation,identify and correct the failure mode 'cover shadow angle wrong' before it is repeatedly exploited,"the correction itself typically reallocates coverage from elsewhere, per core KB Section 57.1's cause->correction->new-risk pattern",FL00082,C,Z3,cover_shadow_angle_wrong
correction_required,inside_forward,DEFENDING,occurs_in_Z30_involving_inside_forward,medium,opponent probes a different zone/mechanism once this specific failure is corrected,the specific exploited gap in that zone is closed,attacking_organisation,identify and correct the failure mode 'gk distributed without scanning' before it is repeatedly exploited,"the correction itself typically reallocates coverage from elsewhere, per core KB Section 57.1's cause->correction->new-risk pattern",FL00083,C,Z30,gk_distributed_without_scanning
correction_required,segundo_volante,DEFENDING,occurs_in_Z11_involving_segundo_volante,medium,opponent probes a different zone/mechanism once this specific failure is corrected,the specific exploited gap in that zone is closed,defensive_organisation,identify and correct the failure mode 'marking assignment miscommunicated' before it is repeatedly exploited,"the correction itself typically reallocates coverage from elsewhere, per core KB Section 57.1's cause->correction->new-risk pattern",FL00084,C,Z11,marking_assignment_miscommunicated
correction_required,target_man,DEFENDING,occurs_in_Z28_involving_target_man,medium,opponent probes a different zone/mechanism once this specific failure is corrected,the specific exploited gap in that zone is closed,defensive_transition,identify and correct the failure mode 'cover shadow angle wrong' before it is repeatedly exploited,"the correction itself typically reallocates coverage from elsewhere, per core KB Section 57.1's cause->correction->new-risk pattern",FL00085,C,Z28,cover_shadow_angle_wrong
correction_required,deep_playmaker,DEFENDING,occurs_in_Z8_involving_deep_playmaker,medium,opponent probes a different zone/mechanism once this specific failure is corrected,the specific exploited gap in that zone is closed,defensive_organisation,identify and correct the failure mode 'offside line stepped individually' before it is repeatedly exploited,"the correction itself typically reallocates coverage from elsewhere, per core KB Section 57.1's cause->correction->new-risk pattern",FL00086,C,Z8,offside_line_stepped_individually
correction_required,trequartista,DEFENDING,occurs_in_Z7_involving_trequartista,medium,opponent probes a different zone/mechanism once this specific failure is corrected,the specific exploited gap in that zone is closed,defensive_transition,identify and correct the failure mode 'marking assignment miscommunicated' before it is repeatedly exploited,"the correction itself typically reallocates coverage from elsewhere, per core KB Section 57.1's cause->correction->new-risk pattern",FL00087,C,Z7,marking_assignment_miscommunicated
correction_required,aggressive_gk,DEFENDING,occurs_in_Z11_involving_aggressive_gk,medium,opponent probes a different zone/mechanism once this specific failure is corrected,the specific exploited gap in that zone is closed,set_piece,identify and correct the failure mode 'pressing unit uncoordinated' before it is repeatedly exploited,"the correction itself typically reallocates coverage from elsewhere, per core KB Section 57.1's cause->correction->new-risk pattern",FL00088,C,Z11,pressing_unit_uncoordinated
correction_required,wide_cb,DEFENDING,occurs_in_Z3_involving_wide_cb,medium,opponent probes a different zone/mechanism once this specific failure is corrected,the specific exploited gap in that zone is closed,set_piece,identify and correct the failure mode 'weak side ball watching' before it is repeatedly exploited,"the correction itself typically reallocates coverage from elsewhere, per core KB Section 57.1's cause->correction->new-risk pattern",FL00089,C,Z3,weak_side_ball_watching
correction_required,poacher,DEFENDING,occurs_in_Z28_involving_poacher,medium,opponent probes a different zone/mechanism once this specific failure is corrected,the specific exploited gap in that zone is closed,set_piece,identify and correct the failure mode 'marking assignment miscommunicated' before it is repeatedly exploited,"the correction itself typically reallocates coverage from elsewhere, per core KB Section 57.1's cause->correction->new-risk pattern",FL00090,C,Z28,marking_assignment_miscommunicated
correction_required,pressing_forward,DEFENDING,occurs_in_Z22_involving_pressing_forward,medium,opponent probes a different zone/mechanism once this specific failure is corrected,the specific exploited gap in that zone is closed,defensive_transition,identify and correct the failure mode 'offside line stepped individually' before it is repeatedly exploited,"the correction itself typically reallocates coverage from elsewhere, per core KB Section 57.1's cause->correction->new-risk pattern",FL00091,C,Z22,offside_line_stepped_individually
correction_required,attacking_fb,DEFENDING,occurs_in_Z18_involving_attacking_fb,medium,opponent probes a different zone/mechanism once this specific failure is corrected,the specific exploited gap in that zone is closed,attacking_organisation,identify and correct the failure mode 'cover shadow angle wrong' before it is repeatedly exploited,"the correction itself typically reallocates coverage from elsewhere, per core KB Section 57.1's cause->correction->new-risk pattern",FL00092,C,Z18,cover_shadow_angle_wrong
correction_required,ball_playing_cb,DEFENDING,occurs_in_Z15_involving_ball_playing_cb,medium,opponent probes a different zone/mechanism once this specific failure is corrected,the specific exploited gap in that zone is closed,attacking_organisation,identify and correct the failure mode 'cover shadow angle wrong' before it is repeatedly exploited,"the correction itself typically reallocates coverage from elsewhere, per core KB Section 57.1's cause->correction->new-risk pattern",FL00093,C,Z15,cover_shadow_angle_wrong
correction_required,false_nine,DEFENDING,occurs_in_Z15_involving_false_nine,medium,opponent probes a different zone/mechanism once this specific failure is corrected,the specific exploited gap in that zone is closed,offensive_transition,identify and correct the failure mode 'marking assignment miscommunicated' before it is repeatedly exploited,"the correction itself typically reallocates coverage from elsewhere, per core KB Section 57.1's cause->correction->new-risk pattern",FL00094,C,Z15,marking_assignment_miscommunicated
correction_required,poacher,DEFENDING,occurs_in_Z24_involving_poacher,medium,opponent probes a different zone/mechanism once this specific failure is corrected,the specific exploited gap in that zone is closed,defensive_transition,identify and correct the failure mode 'weak side ball watching' before it is repeatedly exploited,"the correction itself typically reallocates coverage from elsewhere, per core KB Section 57.1's cause->correction->new-risk pattern",FL00095,C,Z24,weak_side_ball_watching
correction_required,attacking_fb,DEFENDING,occurs_in_Z7_involving_attacking_fb,medium,opponent probes a different zone/mechanism once this specific failure is corrected,the specific exploited gap in that zone is closed,defensive_transition,identify and correct the failure mode 'weak side ball watching' before it is repeatedly exploited,"the correction itself typically reallocates coverage from elsewhere, per core KB Section 57.1's cause->correction->new-risk pattern",FL00096,C,Z7,weak_side_ball_watching
correction_required,stopper,DEFENDING,occurs_in_Z19_involving_stopper,medium,opponent probes a different zone/mechanism once this specific failure is corrected,the specific exploited gap in that zone is closed,defensive_transition,identify and correct the failure mode 'wing back committed with no cover' before it is repeatedly exploited,"the correction itself typically reallocates coverage from elsewhere, per core KB Section 57.1's cause->correction->new-risk pattern",FL00097,C,Z19,wing_back_committed_with_no_cover
correction_required,aggressive_gk,DEFENDING,occurs_in_Z21_involving_aggressive_gk,medium,opponent probes a different zone/mechanism once this specific failure is corrected,the specific exploited gap in that zone is closed,attacking_organisation,identify and correct the failure mode 'gk distributed without scanning' before it is repeatedly exploited,"the correction itself typically reallocates coverage from elsewhere, per core KB Section 57.1's cause->correction->new-risk pattern",FL00098,C,Z21,gk_distributed_without_scanning
correction_required,target_man,DEFENDING,occurs_in_Z17_involving_target_man,medium,opponent probes a different zone/mechanism once this specific failure is corrected,the specific exploited gap in that zone is closed,set_piece,identify and correct the failure mode 'weak side ball watching' before it is repeatedly exploited,"the correction itself typically reallocates coverage from elsewhere, per core KB Section 57.1's cause->correction->new-risk pattern",FL00099,C,Z17,weak_side_ball_watching
correction_required,cover_defender,DEFENDING,occurs_in_Z16_involving_cover_defender,medium,opponent probes a different zone/mechanism once this specific failure is corrected,the specific exploited gap in that zone is closed,set_piece,identify and correct the failure mode 'pressing unit uncoordinated' before it is repeatedly exploited,"the correction itself typically reallocates coverage from elsewhere, per core KB Section 57.1's cause->correction->new-risk pattern",FL00100,C,Z16,pressing_unit_uncoordinated
correction_required,ball_winning_midfielder,DEFENDING,occurs_in_Z6_involving_ball_winning_midfielder,medium,opponent probes a different zone/mechanism once this specific failure is corrected,the specific exploited gap in that zone is closed,defensive_transition,identify and correct the failure mode 'marking assignment miscommunicated' before it is repeatedly exploited,"the correction itself typically reallocates coverage from elsewhere, per core KB Section 57.1's cause->correction->new-risk pattern",FL00101,C,Z6,marking_assignment_miscommunicated
correction_required,inside_forward,DEFENDING,occurs_in_Z21_involving_inside_forward,medium,opponent probes a different zone/mechanism once this specific failure is corrected,the specific exploited gap in that zone is closed,set_piece,identify and correct the failure mode 'central overload unrecognized' before it is repeatedly exploited,"the correction itself typically reallocates coverage from elsewhere, per core KB Section 57.1's cause->correction->new-risk pattern",FL00102,C,Z21,central_overload_unrecognized
correction_required,traditional_winger,DEFENDING,occurs_in_Z8_involving_traditional_winger,medium,opponent probes a different zone/mechanism once this specific failure is corrected,the specific exploited gap in that zone is closed,defensive_organisation,identify and correct the failure mode 'offside line stepped individually' before it is repeatedly exploited,"the correction itself typically reallocates coverage from elsewhere, per core KB Section 57.1's cause->correction->new-risk pattern",FL00103,C,Z8,offside_line_stepped_individually
correction_required,defensive_winger,DEFENDING,occurs_in_Z16_involving_defensive_winger,medium,opponent probes a different zone/mechanism once this specific failure is corrected,the specific exploited gap in that zone is closed,defensive_transition,identify and correct the failure mode 'handover between defenders missed' before it is repeatedly exploited,"the correction itself typically reallocates coverage from elsewhere, per core KB Section 57.1's cause->correction->new-risk pattern",FL00104,C,Z16,handover_between_defenders_missed
correction_required,false_fb,DEFENDING,occurs_in_Z11_involving_false_fb,medium,opponent probes a different zone/mechanism once this specific failure is corrected,the specific exploited gap in that zone is closed,defensive_transition,identify and correct the failure mode 'pressing unit uncoordinated' before it is repeatedly exploited,"the correction itself typically reallocates coverage from elsewhere, per core KB Section 57.1's cause->correction->new-risk pattern",FL00105,C,Z11,pressing_unit_uncoordinated
correction_required,wing_back,DEFENDING,occurs_in_Z11_involving_wing_back,medium,opponent probes a different zone/mechanism once this specific failure is corrected,the specific exploited gap in that zone is closed,defensive_organisation,identify and correct the failure mode 'cover shadow angle wrong' before it is repeatedly exploited,"the correction itself typically reallocates coverage from elsewhere, per core KB Section 57.1's cause->correction->new-risk pattern",FL00106,C,Z11,cover_shadow_angle_wrong
correction_required,sweeper_keeper,DEFENDING,occurs_in_Z13_involving_sweeper_keeper,medium,opponent probes a different zone/mechanism once this specific failure is corrected,the specific exploited gap in that zone is closed,defensive_transition,identify and correct the failure mode 'rest defence understaffed' before it is repeatedly exploited,"the correction itself typically reallocates coverage from elsewhere, per core KB Section 57.1's cause->correction->new-risk pattern",FL00107,C,Z13,rest_defence_understaffed
correction_required,complete_wing_back,DEFENDING,occurs_in_Z1_involving_complete_wing_back,medium,opponent probes a different zone/mechanism once this specific failure is corrected,the specific exploited gap in that zone is closed,defensive_organisation,identify and correct the failure mode 'gk distributed without scanning' before it is repeatedly exploited,"the correction itself typically reallocates coverage from elsewhere, per core KB Section 57.1's cause->correction->new-risk pattern",FL00108,C,Z1,gk_distributed_without_scanning
correction_required,ball_winning_midfielder,DEFENDING,occurs_in_Z13_involving_ball_winning_midfielder,medium,opponent probes a different zone/mechanism once this specific failure is corrected,the specific exploited gap in that zone is closed,attacking_organisation,identify and correct the failure mode 'handover between defenders missed' before it is repeatedly exploited,"the correction itself typically reallocates coverage from elsewhere, per core KB Section 57.1's cause->correction->new-risk pattern",FL00109,C,Z13,handover_between_defenders_missed
correction_required,complete_wing_back,DEFENDING,occurs_in_Z28_involving_complete_wing_back,medium,opponent probes a different zone/mechanism once this specific failure is corrected,the specific exploited gap in that zone is closed,set_piece,identify and correct the failure mode 'wing back committed with no cover' before it is repeatedly exploited,"the correction itself typically reallocates coverage from elsewhere, per core KB Section 57.1's cause->correction->new-risk pattern",FL00110,C,Z28,wing_back_committed_with_no_cover
correction_required,aggressive_gk,DEFENDING,occurs_in_Z11_involving_aggressive_gk,medium,opponent probes a different zone/mechanism once this specific failure is corrected,the specific exploited gap in that zone is closed,defensive_organisation,identify and correct the failure mode 'gk distributed without scanning' before it is repeatedly exploited,"the correction itself typically reallocates coverage from elsewhere, per core KB Section 57.1's cause->correction->new-risk pattern",FL00111,C,Z11,gk_distributed_without_scanning
correction_required,poacher,DEFENDING,occurs_in_Z15_involving_poacher,medium,opponent probes a different zone/mechanism once this specific failure is corrected,the specific exploited gap in that zone is closed,defensive_organisation,identify and correct the failure mode 'handover between defenders missed' before it is repeatedly exploited,"the correction itself typically reallocates coverage from elsewhere, per core KB Section 57.1's cause->correction->new-risk pattern",FL00112,C,Z15,handover_between_defenders_missed
correction_required,destroyer,DEFENDING,occurs_in_Z15_involving_destroyer,medium,opponent probes a different zone/mechanism once this specific failure is corrected,the specific exploited gap in that zone is closed,set_piece,identify and correct the failure mode 'central overload unrecognized' before it is repeatedly exploited,"the correction itself typically reallocates coverage from elsewhere, per core KB Section 57.1's cause->correction->new-risk pattern",FL00113,C,Z15,central_overload_unrecognized
correction_required,carrilero,DEFENDING,occurs_in_Z27_involving_carrilero,medium,opponent probes a different zone/mechanism once this specific failure is corrected,the specific exploited gap in that zone is closed,defensive_transition,identify and correct the failure mode 'wing back committed with no cover' before it is repeatedly exploited,"the correction itself typically reallocates coverage from elsewhere, per core KB Section 57.1's cause->correction->new-risk pattern",FL00114,C,Z27,wing_back_committed_with_no_cover
correction_required,sweeper_keeper,DEFENDING,occurs_in_Z9_involving_sweeper_keeper,medium,opponent probes a different zone/mechanism once this specific failure is corrected,the specific exploited gap in that zone is closed,attacking_organisation,identify and correct the failure mode 'gk distributed without scanning' before it is repeatedly exploited,"the correction itself typically reallocates coverage from elsewhere, per core KB Section 57.1's cause->correction->new-risk pattern",FL00115,C,Z9,gk_distributed_without_scanning
correction_required,regista,DEFENDING,occurs_in_Z14_involving_regista,medium,opponent probes a different zone/mechanism once this specific failure is corrected,the specific exploited gap in that zone is closed,defensive_transition,identify and correct the failure mode 'offside line stepped individually' before it is repeatedly exploited,"the correction itself typically reallocates coverage from elsewhere, per core KB Section 57.1's cause->correction->new-risk pattern",FL00116,C,Z14,offside_line_stepped_individually
correction_required,deep_playmaker,DEFENDING,occurs_in_Z29_involving_deep_playmaker,medium,opponent probes a different zone/mechanism once this specific failure is corrected,the specific exploited gap in that zone is closed,defensive_transition,identify and correct the failure mode 'pressing unit uncoordinated' before it is repeatedly exploited,"the correction itself typically reallocates coverage from elsewhere, per core KB Section 57.1's cause->correction->new-risk pattern",FL00117,C,Z29,pressing_unit_uncoordinated
correction_required,wide_playmaker,DEFENDING,occurs_in_Z4_involving_wide_playmaker,medium,opponent probes a different zone/mechanism once this specific failure is corrected,the specific exploited gap in that zone is closed,attacking_organisation,identify and correct the failure mode 'wing back committed with no cover' before it is repeatedly exploited,"the correction itself typically reallocates coverage from elsewhere, per core KB Section 57.1's cause->correction->new-risk pattern",FL00118,C,Z4,wing_back_committed_with_no_cover
correction_required,poacher,DEFENDING,occurs_in_Z25_involving_poacher,medium,opponent probes a different zone/mechanism once this specific failure is corrected,the specific exploited gap in that zone is closed,defensive_organisation,identify and correct the failure mode 'handover between defenders missed' before it is repeatedly exploited,"the correction itself typically reallocates coverage from elsewhere, per core KB Section 57.1's cause->correction->new-risk pattern",FL00119,C,Z25,handover_between_defenders_missed
correction_required,traditional_winger,DEFENDING,occurs_in_Z18_involving_traditional_winger,medium,opponent probes a different zone/mechanism once this specific failure is corrected,the specific exploited gap in that zone is closed,defensive_transition,identify and correct the failure mode 'offside line stepped individually' before it is repeatedly exploited,"the correction itself typically reallocates coverage from elsewhere, per core KB Section 57.1's cause->correction->new-risk pattern",FL00120,C,Z18,offside_line_stepped_individually
correction_required,full_back,DEFENDING,occurs_in_Z3_involving_full_back,medium,opponent probes a different zone/mechanism once this specific failure is corrected,the specific exploited gap in that zone is closed,offensive_transition,identify and correct the failure mode 'weak side ball watching' before it is repeatedly exploited,"the correction itself typically reallocates coverage from elsewhere, per core KB Section 57.1's cause->correction->new-risk pattern",FL00121,C,Z3,weak_side_ball_watching
correction_required,advanced_playmaker,DEFENDING,occurs_in_Z14_involving_advanced_playmaker,medium,opponent probes a different zone/mechanism once this specific failure is corrected,the specific exploited gap in that zone is closed,attacking_organisation,identify and correct the failure mode 'wing back committed with no cover' before it is repeatedly exploited,"the correction itself typically reallocates coverage from elsewhere, per core KB Section 57.1's cause->correction->new-risk pattern",FL00122,C,Z14,wing_back_committed_with_no_cover
correction_required,wing_back,DEFENDING,occurs_in_Z18_involving_wing_back,medium,opponent probes a different zone/mechanism once this specific failure is corrected,the specific exploited gap in that zone is closed,offensive_transition,identify and correct the failure mode 'gk distributed without scanning' before it is repeatedly exploited,"the correction itself typically reallocates coverage from elsewhere, per core KB Section 57.1's cause->correction->new-risk pattern",FL00123,C,Z18,gk_distributed_without_scanning
correction_required,stopper,DEFENDING,occurs_in_Z16_involving_stopper,medium,opponent probes a different zone/mechanism once this specific failure is corrected,the specific exploited gap in that zone is closed,defensive_transition,identify and correct the failure mode 'wing back committed with no cover' before it is repeatedly exploited,"the correction itself typically reallocates coverage from elsewhere, per core KB Section 57.1's cause->correction->new-risk pattern",FL00124,C,Z16,wing_back_committed_with_no_cover
correction_required,false_fb,DEFENDING,occurs_in_Z22_involving_false_fb,medium,opponent probes a different zone/mechanism once this specific failure is corrected,the specific exploited gap in that zone is closed,attacking_organisation,identify and correct the failure mode 'offside line stepped individually' before it is repeatedly exploited,"the correction itself typically reallocates coverage from elsewhere, per core KB Section 57.1's cause->correction->new-risk pattern",FL00125,C,Z22,offside_line_stepped_individually
correction_required,advanced_forward,DEFENDING,occurs_in_Z23_involving_advanced_forward,medium,opponent probes a different zone/mechanism once this specific failure is corrected,the specific exploited gap in that zone is closed,defensive_transition,identify and correct the failure mode 'rest defence understaffed' before it is repeatedly exploited,"the correction itself typically reallocates coverage from elsewhere, per core KB Section 57.1's cause->correction->new-risk pattern",FL00126,C,Z23,rest_defence_understaffed
correction_required,full_back,DEFENDING,occurs_in_Z24_involving_full_back,medium,opponent probes a different zone/mechanism once this specific failure is corrected,the specific exploited gap in that zone is closed,defensive_transition,identify and correct the failure mode 'marking assignment miscommunicated' before it is repeatedly exploited,"the correction itself typically reallocates coverage from elsewhere, per core KB Section 57.1's cause->correction->new-risk pattern",FL00127,C,Z24,marking_assignment_miscommunicated
correction_required,inverted_winger,DEFENDING,occurs_in_Z20_involving_inverted_winger,medium,opponent probes a different zone/mechanism once this specific failure is corrected,the specific exploited gap in that zone is closed,offensive_transition,identify and correct the failure mode 'marking assignment miscommunicated' before it is repeatedly exploited,"the correction itself typically reallocates coverage from elsewhere, per core KB Section 57.1's cause->correction->new-risk pattern",FL00128,C,Z20,marking_assignment_miscommunicated
correction_required,complete_wing_back,DEFENDING,occurs_in_Z14_involving_complete_wing_back,medium,opponent probes a different zone/mechanism once this specific failure is corrected,the specific exploited gap in that zone is closed,attacking_organisation,identify and correct the failure mode 'central overload unrecognized' before it is repeatedly exploited,"the correction itself typically reallocates coverage from elsewhere, per core KB Section 57.1's cause->correction->new-risk pattern",FL00129,C,Z14,central_overload_unrecognized
correction_required,deep_lying_forward,DEFENDING,occurs_in_Z12_involving_deep_lying_forward,medium,opponent probes a different zone/mechanism once this specific failure is corrected,the specific exploited gap in that zone is closed,defensive_transition,identify and correct the failure mode 'marking assignment miscommunicated' before it is repeatedly exploited,"the correction itself typically reallocates coverage from elsewhere, per core KB Section 57.1's cause->correction->new-risk pattern",FL00130,C,Z12,marking_assignment_miscommunicated
correction_required,destroyer,DEFENDING,occurs_in_Z18_involving_destroyer,medium,opponent probes a different zone/mechanism once this specific failure is corrected,the specific exploited gap in that zone is closed,attacking_organisation,identify and correct the failure mode 'handover between defenders missed' before it is repeatedly exploited,"the correction itself typically reallocates coverage from elsewhere, per core KB Section 57.1's cause->correction->new-risk pattern",FL00131,C,Z18,handover_between_defenders_missed
correction_required,carrilero,DEFENDING,occurs_in_Z26_involving_carrilero,medium,opponent probes a different zone/mechanism once this specific failure is corrected,the specific exploited gap in that zone is closed,set_piece,identify and correct the failure mode 'offside line stepped individually' before it is repeatedly exploited,"the correction itself typically reallocates coverage from elsewhere, per core KB Section 57.1's cause->correction->new-risk pattern",FL00132,C,Z26,offside_line_stepped_individually
correction_required,regista,DEFENDING,occurs_in_Z17_involving_regista,medium,opponent probes a different zone/mechanism once this specific failure is corrected,the specific exploited gap in that zone is closed,set_piece,identify and correct the failure mode 'central overload unrecognized' before it is repeatedly exploited,"the correction itself typically reallocates coverage from elsewhere, per core KB Section 57.1's cause->correction->new-risk pattern",FL00133,C,Z17,central_overload_unrecognized
correction_required,sweeper_keeper,DEFENDING,occurs_in_Z6_involving_sweeper_keeper,medium,opponent probes a different zone/mechanism once this specific failure is corrected,the specific exploited gap in that zone is closed,offensive_transition,identify and correct the failure mode 'marking assignment miscommunicated' before it is repeatedly exploited,"the correction itself typically reallocates coverage from elsewhere, per core KB Section 57.1's cause->correction->new-risk pattern",FL00134,C,Z6,marking_assignment_miscommunicated
correction_required,ball_winning_midfielder,DEFENDING,occurs_in_Z5_involving_ball_winning_midfielder,medium,opponent probes a different zone/mechanism once this specific failure is corrected,the specific exploited gap in that zone is closed,defensive_organisation,identify and correct the failure mode 'rest defence understaffed' before it is repeatedly exploited,"the correction itself typically reallocates coverage from elsewhere, per core KB Section 57.1's cause->correction->new-risk pattern",FL00135,C,Z5,rest_defence_understaffed
correction_required,traditional_winger,DEFENDING,occurs_in_Z18_involving_traditional_winger,medium,opponent probes a different zone/mechanism once this specific failure is corrected,the specific exploited gap in that zone is closed,offensive_transition,identify and correct the failure mode 'handover between defenders missed' before it is repeatedly exploited,"the correction itself typically reallocates coverage from elsewhere, per core KB Section 57.1's cause->correction->new-risk pattern",FL00136,C,Z18,handover_between_defenders_missed
correction_required,wing_back,DEFENDING,occurs_in_Z20_involving_wing_back,medium,opponent probes a different zone/mechanism once this specific failure is corrected,the specific exploited gap in that zone is closed,attacking_organisation,identify and correct the failure mode 'gk distributed without scanning' before it is repeatedly exploited,"the correction itself typically reallocates coverage from elsewhere, per core KB Section 57.1's cause->correction->new-risk pattern",FL00137,C,Z20,gk_distributed_without_scanning
correction_required,segundo_volante,DEFENDING,occurs_in_Z26_involving_segundo_volante,medium,opponent probes a different zone/mechanism once this specific failure is corrected,the specific exploited gap in that zone is closed,offensive_transition,identify and correct the failure mode 'cover shadow angle wrong' before it is repeatedly exploited,"the correction itself typically reallocates coverage from elsewhere, per core KB Section 57.1's cause->correction->new-risk pattern",FL00138,C,Z26,cover_shadow_angle_wrong
correction_required,shadow_striker,DEFENDING,occurs_in_Z8_involving_shadow_striker,medium,opponent probes a different zone/mechanism once this specific failure is corrected,the specific exploited gap in that zone is closed,set_piece,identify and correct the failure mode 'pressing unit uncoordinated' before it is repeatedly exploited,"the correction itself typically reallocates coverage from elsewhere, per core KB Section 57.1's cause->correction->new-risk pattern",FL00139,C,Z8,pressing_unit_uncoordinated
correction_required,inverted_winger,DEFENDING,occurs_in_Z18_involving_inverted_winger,medium,opponent probes a different zone/mechanism once this specific failure is corrected,the specific exploited gap in that zone is closed,defensive_organisation,identify and correct the failure mode 'marking assignment miscommunicated' before it is repeatedly exploited,"the correction itself typically reallocates coverage from elsewhere, per core KB Section 57.1's cause->correction->new-risk pattern",FL00140,C,Z18,marking_assignment_miscommunicated
correction_required,box_to_box,DEFENDING,occurs_in_Z18_involving_box_to_box,medium,opponent probes a different zone/mechanism once this specific failure is corrected,the specific exploited gap in that zone is closed,defensive_transition,identify and correct the failure mode 'pressing unit uncoordinated' before it is repeatedly exploited,"the correction itself typically reallocates coverage from elsewhere, per core KB Section 57.1's cause->correction->new-risk pattern",FL00141,C,Z18,pressing_unit_uncoordinated
correction_required,destroyer,DEFENDING,occurs_in_Z9_involving_destroyer,medium,opponent probes a different zone/mechanism once this specific failure is corrected,the specific exploited gap in that zone is closed,set_piece,identify and correct the failure mode 'cover shadow angle wrong' before it is repeatedly exploited,"the correction itself typically reallocates coverage from elsewhere, per core KB Section 57.1's cause->correction->new-risk pattern",FL00142,C,Z9,cover_shadow_angle_wrong
correction_required,pressing_forward,DEFENDING,occurs_in_Z16_involving_pressing_forward,medium,opponent probes a different zone/mechanism once this specific failure is corrected,the specific exploited gap in that zone is closed,offensive_transition,identify and correct the failure mode 'offside line stepped individually' before it is repeatedly exploited,"the correction itself typically reallocates coverage from elsewhere, per core KB Section 57.1's cause->correction->new-risk pattern",FL00143,C,Z16,offside_line_stepped_individually
correction_required,advanced_playmaker,DEFENDING,occurs_in_Z28_involving_advanced_playmaker,medium,opponent probes a different zone/mechanism once this specific failure is corrected,the specific exploited gap in that zone is closed,attacking_organisation,identify and correct the failure mode 'central overload unrecognized' before it is repeatedly exploited,"the correction itself typically reallocates coverage from elsewhere, per core KB Section 57.1's cause->correction->new-risk pattern",FL00144,C,Z28,central_overload_unrecognized
correction_required,trequartista,DEFENDING,occurs_in_Z17_involving_trequartista,medium,opponent probes a different zone/mechanism once this specific failure is corrected,the specific exploited gap in that zone is closed,offensive_transition,identify and correct the failure mode 'handover between defenders missed' before it is repeatedly exploited,"the correction itself typically reallocates coverage from elsewhere, per core KB Section 57.1's cause->correction->new-risk pattern",FL00145,C,Z17,handover_between_defenders_missed
correction_required,target_man,DEFENDING,occurs_in_Z9_involving_target_man,medium,opponent probes a different zone/mechanism once this specific failure is corrected,the specific exploited gap in that zone is closed,attacking_organisation,identify and correct the failure mode 'gk distributed without scanning' before it is repeatedly exploited,"the correction itself typically reallocates coverage from elsewhere, per core KB Section 57.1's cause->correction->new-risk pattern",FL00146,C,Z9,gk_distributed_without_scanning
correction_required,defensive_winger,DEFENDING,occurs_in_Z26_involving_defensive_winger,medium,opponent probes a different zone/mechanism once this specific failure is corrected,the specific exploited gap in that zone is closed,attacking_organisation,identify and correct the failure mode 'wing back committed with no cover' before it is repeatedly exploited,"the correction itself typically reallocates coverage from elsewhere, per core KB Section 57.1's cause->correction->new-risk pattern",FL00147,C,Z26,wing_back_committed_with_no_cover
correction_required,carrilero,DEFENDING,occurs_in_Z17_involving_carrilero,medium,opponent probes a different zone/mechanism once this specific failure is corrected,the specific exploited gap in that zone is closed,defensive_transition,identify and correct the failure mode 'handover between defenders missed' before it is repeatedly exploited,"the correction itself typically reallocates coverage from elsewhere, per core KB Section 57.1's cause->correction->new-risk pattern",FL00148,C,Z17,handover_between_defenders_missed
correction_required,sweeper_keeper,DEFENDING,occurs_in_Z26_involving_sweeper_keeper,medium,opponent probes a different zone/mechanism once this specific failure is corrected,the specific exploited gap in that zone is closed,set_piece,identify and correct the failure mode 'offside line stepped individually' before it is repeatedly exploited,"the correction itself typically reallocates coverage from elsewhere, per core KB Section 57.1's cause->correction->new-risk pattern",FL00149,C,Z26,offside_line_stepped_individually
correction_required,traditional_winger,DEFENDING,occurs_in_Z20_involving_traditional_winger,medium,opponent probes a different zone/mechanism once this specific failure is corrected,the specific exploited gap in that zone is closed,defensive_transition,identify and correct the failure mode 'offside line stepped individually' before it is repeatedly exploited,"the correction itself typically reallocates coverage from elsewhere, per core KB Section 57.1's cause->correction->new-risk pattern",FL00150,C,Z20,offside_line_stepped_individually
correction_required,ball_playing_cb,DEFENDING,occurs_in_Z10_involving_ball_playing_cb,medium,opponent probes a different zone/mechanism once this specific failure is corrected,the specific exploited gap in that zone is closed,defensive_transition,identify and correct the failure mode 'cover shadow angle wrong' before it is repeatedly exploited,"the correction itself typically reallocates coverage from elsewhere, per core KB Section 57.1's cause->correction->new-risk pattern",FL00151,C,Z10,cover_shadow_angle_wrong
correction_required,shadow_striker,DEFENDING,occurs_in_Z6_involving_shadow_striker,medium,opponent probes a different zone/mechanism once this specific failure is corrected,the specific exploited gap in that zone is closed,set_piece,identify and correct the failure mode 'cover shadow angle wrong' before it is repeatedly exploited,"the correction itself typically reallocates coverage from elsewhere, per core KB Section 57.1's cause->correction->new-risk pattern",FL00152,C,Z6,cover_shadow_angle_wrong
correction_required,traditional_winger,DEFENDING,occurs_in_Z1_involving_traditional_winger,medium,opponent probes a different zone/mechanism once this specific failure is corrected,the specific exploited gap in that zone is closed,attacking_organisation,identify and correct the failure mode 'handover between defenders missed' before it is repeatedly exploited,"the correction itself typically reallocates coverage from elsewhere, per core KB Section 57.1's cause->correction->new-risk pattern",FL00153,C,Z1,handover_between_defenders_missed
correction_required,number_10,DEFENDING,occurs_in_Z10_involving_number_10,medium,opponent probes a different zone/mechanism once this specific failure is corrected,the specific exploited gap in that zone is closed,defensive_organisation,identify and correct the failure mode 'central overload unrecognized' before it is repeatedly exploited,"the correction itself typically reallocates coverage from elsewhere, per core KB Section 57.1's cause->correction->new-risk pattern",FL00154,C,Z10,central_overload_unrecognized
correction_required,wing_back,DEFENDING,occurs_in_Z7_involving_wing_back,medium,opponent probes a different zone/mechanism once this specific failure is corrected,the specific exploited gap in that zone is closed,defensive_organisation,identify and correct the failure mode 'pressing unit uncoordinated' before it is repeatedly exploited,"the correction itself typically reallocates coverage from elsewhere, per core KB Section 57.1's cause->correction->new-risk pattern",FL00155,C,Z7,pressing_unit_uncoordinated
correction_required,false_nine,DEFENDING,occurs_in_Z1_involving_false_nine,medium,opponent probes a different zone/mechanism once this specific failure is corrected,the specific exploited gap in that zone is closed,attacking_organisation,identify and correct the failure mode 'offside line stepped individually' before it is repeatedly exploited,"the correction itself typically reallocates coverage from elsewhere, per core KB Section 57.1's cause->correction->new-risk pattern",FL00156,C,Z1,offside_line_stepped_individually
correction_required,carrilero,DEFENDING,occurs_in_Z9_involving_carrilero,medium,opponent probes a different zone/mechanism once this specific failure is corrected,the specific exploited gap in that zone is closed,attacking_organisation,identify and correct the failure mode 'offside line stepped individually' before it is repeatedly exploited,"the correction itself typically reallocates coverage from elsewhere, per core KB Section 57.1's cause->correction->new-risk pattern",FL00157,C,Z9,offside_line_stepped_individually
correction_required,complete_forward,DEFENDING,occurs_in_Z22_involving_complete_forward,medium,opponent probes a different zone/mechanism once this specific failure is corrected,the specific exploited gap in that zone is closed,defensive_transition,identify and correct the failure mode 'cover shadow angle wrong' before it is repeatedly exploited,"the correction itself typically reallocates coverage from elsewhere, per core KB Section 57.1's cause->correction->new-risk pattern",FL00158,C,Z22,cover_shadow_angle_wrong
correction_required,segundo_volante,DEFENDING,occurs_in_Z3_involving_segundo_volante,medium,opponent probes a different zone/mechanism once this specific failure is corrected,the specific exploited gap in that zone is closed,attacking_organisation,identify and correct the failure mode 'weak side ball watching' before it is repeatedly exploited,"the correction itself typically reallocates coverage from elsewhere, per core KB Section 57.1's cause->correction->new-risk pattern",FL00159,C,Z3,weak_side_ball_watching
correction_required,false_nine,DEFENDING,occurs_in_Z13_involving_false_nine,medium,opponent probes a different zone/mechanism once this specific failure is corrected,the specific exploited gap in that zone is closed,attacking_organisation,identify and correct the failure mode 'wing back committed with no cover' before it is repeatedly exploited,"the correction itself typically reallocates coverage from elsewhere, per core KB Section 57.1's cause->correction->new-risk pattern",FL00160,C,Z13,wing_back_committed_with_no_cover
correction_required,cover_defender,DEFENDING,occurs_in_Z13_involving_cover_defender,medium,opponent probes a different zone/mechanism once this specific failure is corrected,the specific exploited gap in that zone is closed,defensive_transition,identify and correct the failure mode 'gk distributed without scanning' before it is repeatedly exploited,"the correction itself typically reallocates coverage from elsewhere, per core KB Section 57.1's cause->correction->new-risk pattern",FL00161,C,Z13,gk_distributed_without_scanning
correction_required,false_fb,DEFENDING,occurs_in_Z2_involving_false_fb,medium,opponent probes a different zone/mechanism once this specific failure is corrected,the specific exploited gap in that zone is closed,offensive_transition,identify and correct the failure mode 'handover between defenders missed' before it is repeatedly exploited,"the correction itself typically reallocates coverage from elsewhere, per core KB Section 57.1's cause->correction->new-risk pattern",FL00162,C,Z2,handover_between_defenders_missed
correction_required,raumdeuter,DEFENDING,occurs_in_Z7_involving_raumdeuter,medium,opponent probes a different zone/mechanism once this specific failure is corrected,the specific exploited gap in that zone is closed,attacking_organisation,identify and correct the failure mode 'gk distributed without scanning' before it is repeatedly exploited,"the correction itself typically reallocates coverage from elsewhere, per core KB Section 57.1's cause->correction->new-risk pattern",FL00163,C,Z7,gk_distributed_without_scanning
correction_required,complete_forward,DEFENDING,occurs_in_Z23_involving_complete_forward,medium,opponent probes a different zone/mechanism once this specific failure is corrected,the specific exploited gap in that zone is closed,defensive_transition,identify and correct the failure mode 'cover shadow angle wrong' before it is repeatedly exploited,"the correction itself typically reallocates coverage from elsewhere, per core KB Section 57.1's cause->correction->new-risk pattern",FL00164,C,Z23,cover_shadow_angle_wrong
correction_required,carrilero,DEFENDING,occurs_in_Z7_involving_carrilero,medium,opponent probes a different zone/mechanism once this specific failure is corrected,the specific exploited gap in that zone is closed,defensive_organisation,identify and correct the failure mode 'gk distributed without scanning' before it is repeatedly exploited,"the correction itself typically reallocates coverage from elsewhere, per core KB Section 57.1's cause->correction->new-risk pattern",FL00165,C,Z7,gk_distributed_without_scanning
correction_required,false_fb,DEFENDING,occurs_in_Z29_involving_false_fb,medium,opponent probes a different zone/mechanism once this specific failure is corrected,the specific exploited gap in that zone is closed,defensive_organisation,identify and correct the failure mode 'cover shadow angle wrong' before it is repeatedly exploited,"the correction itself typically reallocates coverage from elsewhere, per core KB Section 57.1's cause->correction->new-risk pattern",FL00166,C,Z29,cover_shadow_angle_wrong
correction_required,traditional_winger,DEFENDING,occurs_in_Z23_involving_traditional_winger,medium,opponent probes a different zone/mechanism once this specific failure is corrected,the specific exploited gap in that zone is closed,offensive_transition,identify and correct the failure mode 'wing back committed with no cover' before it is repeatedly exploited,"the correction itself typically reallocates coverage from elsewhere, per core KB Section 57.1's cause->correction->new-risk pattern",FL00167,C,Z23,wing_back_committed_with_no_cover
correction_required,inverted_fb,DEFENDING,occurs_in_Z29_involving_inverted_fb,medium,opponent probes a different zone/mechanism once this specific failure is corrected,the specific exploited gap in that zone is closed,defensive_organisation,identify and correct the failure mode 'offside line stepped individually' before it is repeatedly exploited,"the correction itself typically reallocates coverage from elsewhere, per core KB Section 57.1's cause->correction->new-risk pattern",FL00168,C,Z29,offside_line_stepped_individually
correction_required,ball_playing_cb,DEFENDING,occurs_in_Z3_involving_ball_playing_cb,medium,opponent probes a different zone/mechanism once this specific failure is corrected,the specific exploited gap in that zone is closed,defensive_organisation,identify and correct the failure mode 'handover between defenders missed' before it is repeatedly exploited,"the correction itself typically reallocates coverage from elsewhere, per core KB Section 57.1's cause->correction->new-risk pattern",FL00169,C,Z3,handover_between_defenders_missed
correction_required,target_man,DEFENDING,occurs_in_Z16_involving_target_man,medium,opponent probes a different zone/mechanism once this specific failure is corrected,the specific exploited gap in that zone is closed,attacking_organisation,identify and correct the failure mode 'rest defence understaffed' before it is repeatedly exploited,"the correction itself typically reallocates coverage from elsewhere, per core KB Section 57.1's cause->correction->new-risk pattern",FL00170,C,Z16,rest_defence_understaffed
correction_required,shot_stopper,DEFENDING,occurs_in_Z3_involving_shot_stopper,medium,opponent probes a different zone/mechanism once this specific failure is corrected,the specific exploited gap in that zone is closed,attacking_organisation,identify and correct the failure mode 'weak side ball watching' before it is repeatedly exploited,"the correction itself typically reallocates coverage from elsewhere, per core KB Section 57.1's cause->correction->new-risk pattern",FL00171,C,Z3,weak_side_ball_watching
correction_required,half_back,DEFENDING,occurs_in_Z6_involving_half_back,medium,opponent probes a different zone/mechanism once this specific failure is corrected,the specific exploited gap in that zone is closed,defensive_organisation,identify and correct the failure mode 'wing back committed with no cover' before it is repeatedly exploited,"the correction itself typically reallocates coverage from elsewhere, per core KB Section 57.1's cause->correction->new-risk pattern",FL00172,C,Z6,wing_back_committed_with_no_cover
correction_required,sweeper_keeper,DEFENDING,occurs_in_Z19_involving_sweeper_keeper,medium,opponent probes a different zone/mechanism once this specific failure is corrected,the specific exploited gap in that zone is closed,set_piece,identify and correct the failure mode 'marking assignment miscommunicated' before it is repeatedly exploited,"the correction itself typically reallocates coverage from elsewhere, per core KB Section 57.1's cause->correction->new-risk pattern",FL00173,C,Z19,marking_assignment_miscommunicated
correction_required,deep_lying_forward,DEFENDING,occurs_in_Z25_involving_deep_lying_forward,medium,opponent probes a different zone/mechanism once this specific failure is corrected,the specific exploited gap in that zone is closed,defensive_transition,identify and correct the failure mode 'pressing unit uncoordinated' before it is repeatedly exploited,"the correction itself typically reallocates coverage from elsewhere, per core KB Section 57.1's cause->correction->new-risk pattern",FL00174,C,Z25,pressing_unit_uncoordinated
correction_required,wide_playmaker,DEFENDING,occurs_in_Z27_involving_wide_playmaker,medium,opponent probes a different zone/mechanism once this specific failure is corrected,the specific exploited gap in that zone is closed,defensive_organisation,identify and correct the failure mode 'wing back committed with no cover' before it is repeatedly exploited,"the correction itself typically reallocates coverage from elsewhere, per core KB Section 57.1's cause->correction->new-risk pattern",FL00175,C,Z27,wing_back_committed_with_no_cover
correction_required,shot_stopper,DEFENDING,occurs_in_Z17_involving_shot_stopper,medium,opponent probes a different zone/mechanism once this specific failure is corrected,the specific exploited gap in that zone is closed,defensive_transition,identify and correct the failure mode 'marking assignment miscommunicated' before it is repeatedly exploited,"the correction itself typically reallocates coverage from elsewhere, per core KB Section 57.1's cause->correction->new-risk pattern",FL00176,C,Z17,marking_assignment_miscommunicated
correction_required,inverted_fb,DEFENDING,occurs_in_Z30_involving_inverted_fb,medium,opponent probes a different zone/mechanism once this specific failure is corrected,the specific exploited gap in that zone is closed,set_piece,identify and correct the failure mode 'wing back committed with no cover' before it is repeatedly exploited,"the correction itself typically reallocates coverage from elsewhere, per core KB Section 57.1's cause->correction->new-risk pattern",FL00177,C,Z30,wing_back_committed_with_no_cover
correction_required,half_back,DEFENDING,occurs_in_Z5_involving_half_back,medium,opponent probes a different zone/mechanism once this specific failure is corrected,the specific exploited gap in that zone is closed,attacking_organisation,identify and correct the failure mode 'gk distributed without scanning' before it is repeatedly exploited,"the correction itself typically reallocates coverage from elsewhere, per core KB Section 57.1's cause->correction->new-risk pattern",FL00178,C,Z5,gk_distributed_without_scanning
correction_required,advanced_forward,DEFENDING,occurs_in_Z12_involving_advanced_forward,medium,opponent probes a different zone/mechanism once this specific failure is corrected,the specific exploited gap in that zone is closed,set_piece,identify and correct the failure mode 'weak side ball watching' before it is repeatedly exploited,"the correction itself typically reallocates coverage from elsewhere, per core KB Section 57.1's cause->correction->new-risk pattern",FL00179,C,Z12,weak_side_ball_watching
correction_required,cover_defender,DEFENDING,occurs_in_Z16_involving_cover_defender,medium,opponent probes a different zone/mechanism once this specific failure is corrected,the specific exploited gap in that zone is closed,set_piece,identify and correct the failure mode 'central overload unrecognized' before it is repeatedly exploited,"the correction itself typically reallocates coverage from elsewhere, per core KB Section 57.1's cause->correction->new-risk pattern",FL00180,C,Z16,central_overload_unrecognized
correction_required,shot_stopper,DEFENDING,occurs_in_Z11_involving_shot_stopper,medium,opponent probes a different zone/mechanism once this specific failure is corrected,the specific exploited gap in that zone is closed,defensive_organisation,identify and correct the failure mode 'handover between defenders missed' before it is repeatedly exploited,"the correction itself typically reallocates coverage from elsewhere, per core KB Section 57.1's cause->correction->new-risk pattern",FL00181,C,Z11,handover_between_defenders_missed
correction_required,target_man,DEFENDING,occurs_in_Z18_involving_target_man,medium,opponent probes a different zone/mechanism once this specific failure is corrected,the specific exploited gap in that zone is closed,defensive_transition,identify and correct the failure mode 'central overload unrecognized' before it is repeatedly exploited,"the correction itself typically reallocates coverage from elsewhere, per core KB Section 57.1's cause->correction->new-risk pattern",FL00182,C,Z18,central_overload_unrecognized
correction_required,ball_winning_midfielder,DEFENDING,occurs_in_Z11_involving_ball_winning_midfielder,medium,opponent probes a different zone/mechanism once this specific failure is corrected,the specific exploited gap in that zone is closed,attacking_organisation,identify and correct the failure mode 'rest defence understaffed' before it is repeatedly exploited,"the correction itself typically reallocates coverage from elsewhere, per core KB Section 57.1's cause->correction->new-risk pattern",FL00183,C,Z11,rest_defence_understaffed
correction_required,trequartista,DEFENDING,occurs_in_Z22_involving_trequartista,medium,opponent probes a different zone/mechanism once this specific failure is corrected,the specific exploited gap in that zone is closed,offensive_transition,identify and correct the failure mode 'handover between defenders missed' before it is repeatedly exploited,"the correction itself typically reallocates coverage from elsewhere, per core KB Section 57.1's cause->correction->new-risk pattern",FL00184,C,Z22,handover_between_defenders_missed
correction_required,defensive_winger,DEFENDING,occurs_in_Z6_involving_defensive_winger,medium,opponent probes a different zone/mechanism once this specific failure is corrected,the specific exploited gap in that zone is closed,defensive_transition,identify and correct the failure mode 'cover shadow angle wrong' before it is repeatedly exploited,"the correction itself typically reallocates coverage from elsewhere, per core KB Section 57.1's cause->correction->new-risk pattern",FL00185,C,Z6,cover_shadow_angle_wrong
correction_required,destroyer,DEFENDING,occurs_in_Z5_involving_destroyer,medium,opponent probes a different zone/mechanism once this specific failure is corrected,the specific exploited gap in that zone is closed,defensive_organisation,identify and correct the failure mode 'weak side ball watching' before it is repeatedly exploited,"the correction itself typically reallocates coverage from elsewhere, per core KB Section 57.1's cause->correction->new-risk pattern",FL00186,C,Z5,weak_side_ball_watching
correction_required,carrilero,DEFENDING,occurs_in_Z25_involving_carrilero,medium,opponent probes a different zone/mechanism once this specific failure is corrected,the specific exploited gap in that zone is closed,attacking_organisation,identify and correct the failure mode 'central overload unrecognized' before it is repeatedly exploited,"the correction itself typically reallocates coverage from elsewhere, per core KB Section 57.1's cause->correction->new-risk pattern",FL00187,C,Z25,central_overload_unrecognized
correction_required,shadow_striker,DEFENDING,occurs_in_Z10_involving_shadow_striker,medium,opponent probes a different zone/mechanism once this specific failure is corrected,the specific exploited gap in that zone is closed,attacking_organisation,identify and correct the failure mode 'wing back committed with no cover' before it is repeatedly exploited,"the correction itself typically reallocates coverage from elsewhere, per core KB Section 57.1's cause->correction->new-risk pattern",FL00188,C,Z10,wing_back_committed_with_no_cover
correction_required,false_fb,DEFENDING,occurs_in_Z2_involving_false_fb,medium,opponent probes a different zone/mechanism once this specific failure is corrected,the specific exploited gap in that zone is closed,attacking_organisation,identify and correct the failure mode 'offside line stepped individually' before it is repeatedly exploited,"the correction itself typically reallocates coverage from elsewhere, per core KB Section 57.1's cause->correction->new-risk pattern",FL00189,C,Z2,offside_line_stepped_individually
correction_required,inverted_winger,DEFENDING,occurs_in_Z22_involving_inverted_winger,medium,opponent probes a different zone/mechanism once this specific failure is corrected,the specific exploited gap in that zone is closed,set_piece,identify and correct the failure mode 'weak side ball watching' before it is repeatedly exploited,"the correction itself typically reallocates coverage from elsewhere, per core KB Section 57.1's cause->correction->new-risk pattern",FL00190,C,Z22,weak_side_ball_watching
correction_required,inside_forward,DEFENDING,occurs_in_Z18_involving_inside_forward,medium,opponent probes a different zone/mechanism once this specific failure is corrected,the specific exploited gap in that zone is closed,attacking_organisation,identify and correct the failure mode 'weak side ball watching' before it is repeatedly exploited,"the correction itself typically reallocates coverage from elsewhere, per core KB Section 57.1's cause->correction->new-risk pattern",FL00191,C,Z18,weak_side_ball_watching
correction_required,raumdeuter,DEFENDING,occurs_in_Z17_involving_raumdeuter,medium,opponent probes a different zone/mechanism once this specific failure is corrected,the specific exploited gap in that zone is closed,offensive_transition,identify and correct the failure mode 'weak side ball watching' before it is repeatedly exploited,"the correction itself typically reallocates coverage from elsewhere, per core KB Section 57.1's cause->correction->new-risk pattern",FL00192,C,Z17,weak_side_ball_watching
correction_required,segundo_volante,DEFENDING,occurs_in_Z30_involving_segundo_volante,medium,opponent probes a different zone/mechanism once this specific failure is corrected,the specific exploited gap in that zone is closed,offensive_transition,identify and correct the failure mode 'central overload unrecognized' before it is repeatedly exploited,"the correction itself typically reallocates coverage from elsewhere, per core KB Section 57.1's cause->correction->new-risk pattern",FL00193,C,Z30,central_overload_unrecognized
correction_required,ball_playing_gk,DEFENDING,occurs_in_Z8_involving_ball_playing_gk,medium,opponent probes a different zone/mechanism once this specific failure is corrected,the specific exploited gap in that zone is closed,attacking_organisation,identify and correct the failure mode 'gk distributed without scanning' before it is repeatedly exploited,"the correction itself typically reallocates coverage from elsewhere, per core KB Section 57.1's cause->correction->new-risk pattern",FL00194,C,Z8,gk_distributed_without_scanning
correction_required,segundo_volante,DEFENDING,occurs_in_Z28_involving_segundo_volante,medium,opponent probes a different zone/mechanism once this specific failure is corrected,the specific exploited gap in that zone is closed,defensive_organisation,identify and correct the failure mode 'rest defence understaffed' before it is repeatedly exploited,"the correction itself typically reallocates coverage from elsewhere, per core KB Section 57.1's cause->correction->new-risk pattern",FL00195,C,Z28,rest_defence_understaffed
correction_required,destroyer,DEFENDING,occurs_in_Z13_involving_destroyer,medium,opponent probes a different zone/mechanism once this specific failure is corrected,the specific exploited gap in that zone is closed,offensive_transition,identify and correct the failure mode 'rest defence understaffed' before it is repeatedly exploited,"the correction itself typically reallocates coverage from elsewhere, per core KB Section 57.1's cause->correction->new-risk pattern",FL00196,C,Z13,rest_defence_understaffed
correction_required,complete_forward,DEFENDING,occurs_in_Z9_involving_complete_forward,medium,opponent probes a different zone/mechanism once this specific failure is corrected,the specific exploited gap in that zone is closed,offensive_transition,identify and correct the failure mode 'rest defence understaffed' before it is repeatedly exploited,"the correction itself typically reallocates coverage from elsewhere, per core KB Section 57.1's cause->correction->new-risk pattern",FL00197,C,Z9,rest_defence_understaffed
correction_required,attacking_fb,DEFENDING,occurs_in_Z13_involving_attacking_fb,medium,opponent probes a different zone/mechanism once this specific failure is corrected,the specific exploited gap in that zone is closed,set_piece,identify and correct the failure mode 'cover shadow angle wrong' before it is repeatedly exploited,"the correction itself typically reallocates coverage from elsewhere, per core KB Section 57.1's cause->correction->new-risk pattern",FL00198,C,Z13,cover_shadow_angle_wrong
correction_required,deep_lying_forward,DEFENDING,occurs_in_Z17_involving_deep_lying_forward,medium,opponent probes a different zone/mechanism once this specific failure is corrected,the specific exploited gap in that zone is closed,set_piece,identify and correct the failure mode 'weak side ball watching' before it is repeatedly exploited,"the correction itself typically reallocates coverage from elsewhere, per core KB Section 57.1's cause->correction->new-risk pattern",FL00199,C,Z17,weak_side_ball_watching
correction_required,number_10,DEFENDING,occurs_in_Z13_involving_number_10,medium,opponent probes a different zone/mechanism once this specific failure is corrected,the specific exploited gap in that zone is closed,offensive_transition,identify and correct the failure mode 'rest defence understaffed' before it is repeatedly exploited,"the correction itself typically reallocates coverage from elsewhere, per core KB Section 57.1's cause->correction->new-risk pattern",FL00200,C,Z13,rest_defence_understaffed
blocking_run_set_piece,wing_back,ATTACKING,executed_by_wing_back,medium,opponent recognizes the pattern after repeated use and pre-emptively adjusts,a structural or individual advantage is converted into a tangible attacking outcome,set_piece,apply the blocking run set piece pattern (core KB Section 57.2) in Z10,success depends on precise timing/execution; a mistimed attempt wastes the structural advantage created,SC00001,C,Z10,conditions_favorable_for_blocking_run_set_piece_in_Z10
baited_press_then_switch,wide_cb,ATTACKING,executed_by_wide_cb,medium,opponent recognizes the pattern after repeated use and pre-emptively adjusts,a structural or individual advantage is converted into a tangible attacking outcome,attacking_organisation,apply the baited press then switch pattern (core KB Section 57.2) in Z2,success depends on precise timing/execution; a mistimed attempt wastes the structural advantage created,SC00002,C,Z2,conditions_favorable_for_baited_press_then_switch_in_Z2
cutback_over_cross,deep_lying_forward,ATTACKING,executed_by_deep_lying_forward,medium,opponent recognizes the pattern after repeated use and pre-emptively adjusts,a structural or individual advantage is converted into a tangible attacking outcome,set_piece,apply the cutback over cross pattern (core KB Section 57.2) in Z21,success depends on precise timing/execution; a mistimed attempt wastes the structural advantage created,SC00003,C,Z21,conditions_favorable_for_cutback_over_cross_in_Z21
delayed_offside_beating_run,trequartista,ATTACKING,executed_by_trequartista,medium,opponent recognizes the pattern after repeated use and pre-emptively adjusts,a structural or individual advantage is converted into a tangible attacking outcome,set_piece,apply the delayed offside beating run pattern (core KB Section 57.2) in Z24,success depends on precise timing/execution; a mistimed attempt wastes the structural advantage created,SC00004,C,Z24,conditions_favorable_for_delayed_offside_beating_run_in_Z24
counterpress_to_shot,full_back,ATTACKING,executed_by_full_back,medium,opponent recognizes the pattern after repeated use and pre-emptively adjusts,a structural or individual advantage is converted into a tangible attacking outcome,offensive_transition,apply the counterpress to shot pattern (core KB Section 57.2) in Z14,success depends on precise timing/execution; a mistimed attempt wastes the structural advantage created,SC00005,C,Z14,conditions_favorable_for_counterpress_to_shot_in_Z14
false_nine_disruption,false_fb,ATTACKING,executed_by_false_fb,medium,opponent recognizes the pattern after repeated use and pre-emptively adjusts,a structural or individual advantage is converted into a tangible attacking outcome,set_piece,apply the false nine disruption pattern (core KB Section 57.2) in Z8,success depends on precise timing/execution; a mistimed attempt wastes the structural advantage created,SC00006,C,Z8,conditions_favorable_for_false_nine_disruption_in_Z8
counterpress_to_shot,inverted_fb,ATTACKING,executed_by_inverted_fb,medium,opponent recognizes the pattern after repeated use and pre-emptively adjusts,a structural or individual advantage is converted into a tangible attacking outcome,attacking_organisation,apply the counterpress to shot pattern (core KB Section 57.2) in Z17,success depends on precise timing/execution; a mistimed attempt wastes the structural advantage created,SC00007,C,Z17,conditions_favorable_for_counterpress_to_shot_in_Z17
counterpress_to_shot,false_fb,ATTACKING,executed_by_false_fb,medium,opponent recognizes the pattern after repeated use and pre-emptively adjusts,a structural or individual advantage is converted into a tangible attacking outcome,set_piece,apply the counterpress to shot pattern (core KB Section 57.2) in Z4,success depends on precise timing/execution; a mistimed attempt wastes the structural advantage created,SC00008,C,Z4,conditions_favorable_for_counterpress_to_shot_in_Z4
blocking_run_set_piece,box_to_box,ATTACKING,executed_by_box_to_box,medium,opponent recognizes the pattern after repeated use and pre-emptively adjusts,a structural or individual advantage is converted into a tangible attacking outcome,set_piece,apply the blocking run set piece pattern (core KB Section 57.2) in Z17,success depends on precise timing/execution; a mistimed attempt wastes the structural advantage created,SC00009,C,Z17,conditions_favorable_for_blocking_run_set_piece_in_Z17
third_man_press_escape,aggressive_gk,ATTACKING,executed_by_aggressive_gk,medium,opponent recognizes the pattern after repeated use and pre-emptively adjusts,a structural or individual advantage is converted into a tangible attacking outcome,attacking_organisation,apply the third man press escape pattern (core KB Section 57.2) in Z21,success depends on precise timing/execution; a mistimed attempt wastes the structural advantage created,SC00010,C,Z21,conditions_favorable_for_third_man_press_escape_in_Z21
false_nine_disruption,advanced_forward,ATTACKING,executed_by_advanced_forward,medium,opponent recognizes the pattern after repeated use and pre-emptively adjusts,a structural or individual advantage is converted into a tangible attacking outcome,offensive_transition,apply the false nine disruption pattern (core KB Section 57.2) in Z26,success depends on precise timing/execution; a mistimed attempt wastes the structural advantage created,SC00011,C,Z26,conditions_favorable_for_false_nine_disruption_in_Z26
third_man_press_escape,inverted_fb,ATTACKING,executed_by_inverted_fb,medium,opponent recognizes the pattern after repeated use and pre-emptively adjusts,a structural or individual advantage is converted into a tangible attacking outcome,offensive_transition,apply the third man press escape pattern (core KB Section 57.2) in Z22,success depends on precise timing/execution; a mistimed attempt wastes the structural advantage created,SC00012,C,Z22,conditions_favorable_for_third_man_press_escape_in_Z22
half_space_rotation_overload,segundo_volante,ATTACKING,executed_by_segundo_volante,medium,opponent recognizes the pattern after repeated use and pre-emptively adjusts,a structural or individual advantage is converted into a tangible attacking outcome,set_piece,apply the half space rotation overload pattern (core KB Section 57.2) in Z26,success depends on precise timing/execution; a mistimed attempt wastes the structural advantage created,SC00013,C,Z26,conditions_favorable_for_half_space_rotation_overload_in_Z26
delayed_offside_beating_run,deep_lying_forward,ATTACKING,executed_by_deep_lying_forward,medium,opponent recognizes the pattern after repeated use and pre-emptively adjusts,a structural or individual advantage is converted into a tangible attacking outcome,offensive_transition,apply the delayed offside beating run pattern (core KB Section 57.2) in Z27,success depends on precise timing/execution; a mistimed attempt wastes the structural advantage created,SC00014,C,Z27,conditions_favorable_for_delayed_offside_beating_run_in_Z27
baited_press_then_switch,trequartista,ATTACKING,executed_by_trequartista,medium,opponent recognizes the pattern after repeated use and pre-emptively adjusts,a structural or individual advantage is converted into a tangible attacking outcome,attacking_organisation,apply the baited press then switch pattern (core KB Section 57.2) in Z4,success depends on precise timing/execution; a mistimed attempt wastes the structural advantage created,SC00015,C,Z4,conditions_favorable_for_baited_press_then_switch_in_Z4
baited_press_then_switch,wide_cb,ATTACKING,executed_by_wide_cb,medium,opponent recognizes the pattern after repeated use and pre-emptively adjusts,a structural or individual advantage is converted into a tangible attacking outcome,offensive_transition,apply the baited press then switch pattern (core KB Section 57.2) in Z27,success depends on precise timing/execution; a mistimed attempt wastes the structural advantage created,SC00016,C,Z27,conditions_favorable_for_baited_press_then_switch_in_Z27
counterpress_to_shot,attacking_fb,ATTACKING,executed_by_attacking_fb,medium,opponent recognizes the pattern after repeated use and pre-emptively adjusts,a structural or individual advantage is converted into a tangible attacking outcome,offensive_transition,apply the counterpress to shot pattern (core KB Section 57.2) in Z29,success depends on precise timing/execution; a mistimed attempt wastes the structural advantage created,SC00017,C,Z29,conditions_favorable_for_counterpress_to_shot_in_Z29
third_man_press_escape,full_back,ATTACKING,executed_by_full_back,medium,opponent recognizes the pattern after repeated use and pre-emptively adjusts,a structural or individual advantage is converted into a tangible attacking outcome,attacking_organisation,apply the third man press escape pattern (core KB Section 57.2) in Z11,success depends on precise timing/execution; a mistimed attempt wastes the structural advantage created,SC00018,C,Z11,conditions_favorable_for_third_man_press_escape_in_Z11
false_nine_disruption,carrilero,ATTACKING,executed_by_carrilero,medium,opponent recognizes the pattern after repeated use and pre-emptively adjusts,a structural or individual advantage is converted into a tangible attacking outcome,set_piece,apply the false nine disruption pattern (core KB Section 57.2) in Z29,success depends on precise timing/execution; a mistimed attempt wastes the structural advantage created,SC00019,C,Z29,conditions_favorable_for_false_nine_disruption_in_Z29
baited_press_then_switch,complete_wing_back,ATTACKING,executed_by_complete_wing_back,medium,opponent recognizes the pattern after repeated use and pre-emptively adjusts,a structural or individual advantage is converted into a tangible attacking outcome,set_piece,apply the baited press then switch pattern (core KB Section 57.2) in Z21,success depends on precise timing/execution; a mistimed attempt wastes the structural advantage created,SC00020,C,Z21,conditions_favorable_for_baited_press_then_switch_in_Z21
overload_to_isolate,wide_playmaker,ATTACKING,executed_by_wide_playmaker,medium,opponent recognizes the pattern after repeated use and pre-emptively adjusts,a structural or individual advantage is converted into a tangible attacking outcome,offensive_transition,apply the overload to isolate pattern (core KB Section 57.2) in Z6,success depends on precise timing/execution; a mistimed attempt wastes the structural advantage created,SC00021,C,Z6,conditions_favorable_for_overload_to_isolate_in_Z6
overload_to_isolate,trequartista,ATTACKING,executed_by_trequartista,medium,opponent recognizes the pattern after repeated use and pre-emptively adjusts,a structural or individual advantage is converted into a tangible attacking outcome,set_piece,apply the overload to isolate pattern (core KB Section 57.2) in Z29,success depends on precise timing/execution; a mistimed attempt wastes the structural advantage created,SC00022,C,Z29,conditions_favorable_for_overload_to_isolate_in_Z29
third_man_press_escape,carrilero,ATTACKING,executed_by_carrilero,medium,opponent recognizes the pattern after repeated use and pre-emptively adjusts,a structural or individual advantage is converted into a tangible attacking outcome,set_piece,apply the third man press escape pattern (core KB Section 57.2) in Z7,success depends on precise timing/execution; a mistimed attempt wastes the structural advantage created,SC00023,C,Z7,conditions_favorable_for_third_man_press_escape_in_Z7
cutback_over_cross,complete_forward,ATTACKING,executed_by_complete_forward,medium,opponent recognizes the pattern after repeated use and pre-emptively adjusts,a structural or individual advantage is converted into a tangible attacking outcome,set_piece,apply the cutback over cross pattern (core KB Section 57.2) in Z3,success depends on precise timing/execution; a mistimed attempt wastes the structural advantage created,SC00024,C,Z3,conditions_favorable_for_cutback_over_cross_in_Z3
direct_run_in_behind_low_block,number_10,ATTACKING,executed_by_number_10,medium,opponent recognizes the pattern after repeated use and pre-emptively adjusts,a structural or individual advantage is converted into a tangible attacking outcome,offensive_transition,apply the direct run in behind low block pattern (core KB Section 57.2) in Z12,success depends on precise timing/execution; a mistimed attempt wastes the structural advantage created,SC00025,C,Z12,conditions_favorable_for_direct_run_in_behind_low_block_in_Z12
direct_run_in_behind_low_block,defensive_winger,ATTACKING,executed_by_defensive_winger,medium,opponent recognizes the pattern after repeated use and pre-emptively adjusts,a structural or individual advantage is converted into a tangible attacking outcome,set_piece,apply the direct run in behind low block pattern (core KB Section 57.2) in Z8,success depends on precise timing/execution; a mistimed attempt wastes the structural advantage created,SC00026,C,Z8,conditions_favorable_for_direct_run_in_behind_low_block_in_Z8
blocking_run_set_piece,trequartista,ATTACKING,executed_by_trequartista,medium,opponent recognizes the pattern after repeated use and pre-emptively adjusts,a structural or individual advantage is converted into a tangible attacking outcome,offensive_transition,apply the blocking run set piece pattern (core KB Section 57.2) in Z2,success depends on precise timing/execution; a mistimed attempt wastes the structural advantage created,SC00027,C,Z2,conditions_favorable_for_blocking_run_set_piece_in_Z2
cutback_over_cross,aggressive_gk,ATTACKING,executed_by_aggressive_gk,medium,opponent recognizes the pattern after repeated use and pre-emptively adjusts,a structural or individual advantage is converted into a tangible attacking outcome,attacking_organisation,apply the cutback over cross pattern (core KB Section 57.2) in Z3,success depends on precise timing/execution; a mistimed attempt wastes the structural advantage created,SC00028,C,Z3,conditions_favorable_for_cutback_over_cross_in_Z3
blocking_run_set_piece,carrilero,ATTACKING,executed_by_carrilero,medium,opponent recognizes the pattern after repeated use and pre-emptively adjusts,a structural or individual advantage is converted into a tangible attacking outcome,offensive_transition,apply the blocking run set piece pattern (core KB Section 57.2) in Z4,success depends on precise timing/execution; a mistimed attempt wastes the structural advantage created,SC00029,C,Z4,conditions_favorable_for_blocking_run_set_piece_in_Z4
weak_foot_isolation,advanced_forward,ATTACKING,executed_by_advanced_forward,medium,opponent recognizes the pattern after repeated use and pre-emptively adjusts,a structural or individual advantage is converted into a tangible attacking outcome,attacking_organisation,apply the weak foot isolation pattern (core KB Section 57.2) in Z4,success depends on precise timing/execution; a mistimed attempt wastes the structural advantage created,SC00030,C,Z4,conditions_favorable_for_weak_foot_isolation_in_Z4
direct_run_in_behind_low_block,inverted_winger,ATTACKING,executed_by_inverted_winger,medium,opponent recognizes the pattern after repeated use and pre-emptively adjusts,a structural or individual advantage is converted into a tangible attacking outcome,offensive_transition,apply the direct run in behind low block pattern (core KB Section 57.2) in Z25,success depends on precise timing/execution; a mistimed attempt wastes the structural advantage created,SC00031,C,Z25,conditions_favorable_for_direct_run_in_behind_low_block_in_Z25
delayed_offside_beating_run,destroyer,ATTACKING,executed_by_destroyer,medium,opponent recognizes the pattern after repeated use and pre-emptively adjusts,a structural or individual advantage is converted into a tangible attacking outcome,offensive_transition,apply the delayed offside beating run pattern (core KB Section 57.2) in Z26,success depends on precise timing/execution; a mistimed attempt wastes the structural advantage created,SC00032,C,Z26,conditions_favorable_for_delayed_offside_beating_run_in_Z26
third_man_press_escape,false_nine,ATTACKING,executed_by_false_nine,medium,opponent recognizes the pattern after repeated use and pre-emptively adjusts,a structural or individual advantage is converted into a tangible attacking outcome,offensive_transition,apply the third man press escape pattern (core KB Section 57.2) in Z6,success depends on precise timing/execution; a mistimed attempt wastes the structural advantage created,SC00033,C,Z6,conditions_favorable_for_third_man_press_escape_in_Z6
baited_press_then_switch,sweeper_keeper,ATTACKING,executed_by_sweeper_keeper,medium,opponent recognizes the pattern after repeated use and pre-emptively adjusts,a structural or individual advantage is converted into a tangible attacking outcome,offensive_transition,apply the baited press then switch pattern (core KB Section 57.2) in Z20,success depends on precise timing/execution; a mistimed attempt wastes the structural advantage created,SC00034,C,Z20,conditions_favorable_for_baited_press_then_switch_in_Z20
half_space_rotation_overload,inverted_winger,ATTACKING,executed_by_inverted_winger,medium,opponent recognizes the pattern after repeated use and pre-emptively adjusts,a structural or individual advantage is converted into a tangible attacking outcome,offensive_transition,apply the half space rotation overload pattern (core KB Section 57.2) in Z23,success depends on precise timing/execution; a mistimed attempt wastes the structural advantage created,SC00035,C,Z23,conditions_favorable_for_half_space_rotation_overload_in_Z23
blocking_run_set_piece,inverted_fb,ATTACKING,executed_by_inverted_fb,medium,opponent recognizes the pattern after repeated use and pre-emptively adjusts,a structural or individual advantage is converted into a tangible attacking outcome,set_piece,apply the blocking run set piece pattern (core KB Section 57.2) in Z4,success depends on precise timing/execution; a mistimed attempt wastes the structural advantage created,SC00036,C,Z4,conditions_favorable_for_blocking_run_set_piece_in_Z4
blocking_run_set_piece,inverted_winger,ATTACKING,executed_by_inverted_winger,medium,opponent recognizes the pattern after repeated use and pre-emptively adjusts,a structural or individual advantage is converted into a tangible attacking outcome,set_piece,apply the blocking run set piece pattern (core KB Section 57.2) in Z7,success depends on precise timing/execution; a mistimed attempt wastes the structural advantage created,SC00037,C,Z7,conditions_favorable_for_blocking_run_set_piece_in_Z7
third_man_press_escape,false_nine,ATTACKING,executed_by_false_nine,medium,opponent recognizes the pattern after repeated use and pre-emptively adjusts,a structural or individual advantage is converted into a tangible attacking outcome,offensive_transition,apply the third man press escape pattern (core KB Section 57.2) in Z10,success depends on precise timing/execution; a mistimed attempt wastes the structural advantage created,SC00038,C,Z10,conditions_favorable_for_third_man_press_escape_in_Z10
counterpress_to_shot,target_man,ATTACKING,executed_by_target_man,medium,opponent recognizes the pattern after repeated use and pre-emptively adjusts,a structural or individual advantage is converted into a tangible attacking outcome,offensive_transition,apply the counterpress to shot pattern (core KB Section 57.2) in Z2,success depends on precise timing/execution; a mistimed attempt wastes the structural advantage created,SC00039,C,Z2,conditions_favorable_for_counterpress_to_shot_in_Z2
direct_run_in_behind_low_block,shot_stopper,ATTACKING,executed_by_shot_stopper,medium,opponent recognizes the pattern after repeated use and pre-emptively adjusts,a structural or individual advantage is converted into a tangible attacking outcome,set_piece,apply the direct run in behind low block pattern (core KB Section 57.2) in Z8,success depends on precise timing/execution; a mistimed attempt wastes the structural advantage created,SC00040,C,Z8,conditions_favorable_for_direct_run_in_behind_low_block_in_Z8
direct_run_in_behind_low_block,full_back,ATTACKING,executed_by_full_back,medium,opponent recognizes the pattern after repeated use and pre-emptively adjusts,a structural or individual advantage is converted into a tangible attacking outcome,set_piece,apply the direct run in behind low block pattern (core KB Section 57.2) in Z15,success depends on precise timing/execution; a mistimed attempt wastes the structural advantage created,SC00041,C,Z15,conditions_favorable_for_direct_run_in_behind_low_block_in_Z15
blocking_run_set_piece,ball_playing_cb,ATTACKING,executed_by_ball_playing_cb,medium,opponent recognizes the pattern after repeated use and pre-emptively adjusts,a structural or individual advantage is converted into a tangible attacking outcome,offensive_transition,apply the blocking run set piece pattern (core KB Section 57.2) in Z28,success depends on precise timing/execution; a mistimed attempt wastes the structural advantage created,SC00042,C,Z28,conditions_favorable_for_blocking_run_set_piece_in_Z28
half_space_rotation_overload,regista,ATTACKING,executed_by_regista,medium,opponent recognizes the pattern after repeated use and pre-emptively adjusts,a structural or individual advantage is converted into a tangible attacking outcome,attacking_organisation,apply the half space rotation overload pattern (core KB Section 57.2) in Z12,success depends on precise timing/execution; a mistimed attempt wastes the structural advantage created,SC00043,C,Z12,conditions_favorable_for_half_space_rotation_overload_in_Z12
half_space_rotation_overload,complete_forward,ATTACKING,executed_by_complete_forward,medium,opponent recognizes the pattern after repeated use and pre-emptively adjusts,a structural or individual advantage is converted into a tangible attacking outcome,attacking_organisation,apply the half space rotation overload pattern (core KB Section 57.2) in Z11,success depends on precise timing/execution; a mistimed attempt wastes the structural advantage created,SC00044,C,Z11,conditions_favorable_for_half_space_rotation_overload_in_Z11
third_man_press_escape,wing_back,ATTACKING,executed_by_wing_back,medium,opponent recognizes the pattern after repeated use and pre-emptively adjusts,a structural or individual advantage is converted into a tangible attacking outcome,attacking_organisation,apply the third man press escape pattern (core KB Section 57.2) in Z7,success depends on precise timing/execution; a mistimed attempt wastes the structural advantage created,SC00045,C,Z7,conditions_favorable_for_third_man_press_escape_in_Z7
half_space_rotation_overload,inverted_fb,ATTACKING,executed_by_inverted_fb,medium,opponent recognizes the pattern after repeated use and pre-emptively adjusts,a structural or individual advantage is converted into a tangible attacking outcome,offensive_transition,apply the half space rotation overload pattern (core KB Section 57.2) in Z4,success depends on precise timing/execution; a mistimed attempt wastes the structural advantage created,SC00046,C,Z4,conditions_favorable_for_half_space_rotation_overload_in_Z4
half_space_rotation_overload,deep_playmaker,ATTACKING,executed_by_deep_playmaker,medium,opponent recognizes the pattern after repeated use and pre-emptively adjusts,a structural or individual advantage is converted into a tangible attacking outcome,attacking_organisation,apply the half space rotation overload pattern (core KB Section 57.2) in Z27,success depends on precise timing/execution; a mistimed attempt wastes the structural advantage created,SC00047,C,Z27,conditions_favorable_for_half_space_rotation_overload_in_Z27
cutback_over_cross,deep_lying_forward,ATTACKING,executed_by_deep_lying_forward,medium,opponent recognizes the pattern after repeated use and pre-emptively adjusts,a structural or individual advantage is converted into a tangible attacking outcome,set_piece,apply the cutback over cross pattern (core KB Section 57.2) in Z23,success depends on precise timing/execution; a mistimed attempt wastes the structural advantage created,SC00048,C,Z23,conditions_favorable_for_cutback_over_cross_in_Z23
third_man_press_escape,number_10,ATTACKING,executed_by_number_10,medium,opponent recognizes the pattern after repeated use and pre-emptively adjusts,a structural or individual advantage is converted into a tangible attacking outcome,offensive_transition,apply the third man press escape pattern (core KB Section 57.2) in Z20,success depends on precise timing/execution; a mistimed attempt wastes the structural advantage created,SC00049,C,Z20,conditions_favorable_for_third_man_press_escape_in_Z20
delayed_offside_beating_run,attacking_fb,ATTACKING,executed_by_attacking_fb,medium,opponent recognizes the pattern after repeated use and pre-emptively adjusts,a structural or individual advantage is converted into a tangible attacking outcome,attacking_organisation,apply the delayed offside beating run pattern (core KB Section 57.2) in Z28,success depends on precise timing/execution; a mistimed attempt wastes the structural advantage created,SC00050,C,Z28,conditions_favorable_for_delayed_offside_beating_run_in_Z28
baited_press_then_switch,box_to_box,ATTACKING,executed_by_box_to_box,medium,opponent recognizes the pattern after repeated use and pre-emptively adjusts,a structural or individual advantage is converted into a tangible attacking outcome,set_piece,apply the baited press then switch pattern (core KB Section 57.2) in Z13,success depends on precise timing/execution; a mistimed attempt wastes the structural advantage created,SC00051,C,Z13,conditions_favorable_for_baited_press_then_switch_in_Z13
third_man_press_escape,ball_playing_gk,ATTACKING,executed_by_ball_playing_gk,medium,opponent recognizes the pattern after repeated use and pre-emptively adjusts,a structural or individual advantage is converted into a tangible attacking outcome,set_piece,apply the third man press escape pattern (core KB Section 57.2) in Z23,success depends on precise timing/execution; a mistimed attempt wastes the structural advantage created,SC00052,C,Z23,conditions_favorable_for_third_man_press_escape_in_Z23
third_man_press_escape,segundo_volante,ATTACKING,executed_by_segundo_volante,medium,opponent recognizes the pattern after repeated use and pre-emptively adjusts,a structural or individual advantage is converted into a tangible attacking outcome,offensive_transition,apply the third man press escape pattern (core KB Section 57.2) in Z10,success depends on precise timing/execution; a mistimed attempt wastes the structural advantage created,SC00053,C,Z10,conditions_favorable_for_third_man_press_escape_in_Z10
cutback_over_cross,attacking_fb,ATTACKING,executed_by_attacking_fb,medium,opponent recognizes the pattern after repeated use and pre-emptively adjusts,a structural or individual advantage is converted into a tangible attacking outcome,set_piece,apply the cutback over cross pattern (core KB Section 57.2) in Z27,success depends on precise timing/execution; a mistimed attempt wastes the structural advantage created,SC00054,C,Z27,conditions_favorable_for_cutback_over_cross_in_Z27
cutback_over_cross,carrilero,ATTACKING,executed_by_carrilero,medium,opponent recognizes the pattern after repeated use and pre-emptively adjusts,a structural or individual advantage is converted into a tangible attacking outcome,offensive_transition,apply the cutback over cross pattern (core KB Section 57.2) in Z3,success depends on precise timing/execution; a mistimed attempt wastes the structural advantage created,SC00055,C,Z3,conditions_favorable_for_cutback_over_cross_in_Z3
weak_foot_isolation,false_fb,ATTACKING,executed_by_false_fb,medium,opponent recognizes the pattern after repeated use and pre-emptively adjusts,a structural or individual advantage is converted into a tangible attacking outcome,offensive_transition,apply the weak foot isolation pattern (core KB Section 57.2) in Z15,success depends on precise timing/execution; a mistimed attempt wastes the structural advantage created,SC00056,C,Z15,conditions_favorable_for_weak_foot_isolation_in_Z15
direct_run_in_behind_low_block,number_10,ATTACKING,executed_by_number_10,medium,opponent recognizes the pattern after repeated use and pre-emptively adjusts,a structural or individual advantage is converted into a tangible attacking outcome,attacking_organisation,apply the direct run in behind low block pattern (core KB Section 57.2) in Z3,success depends on precise timing/execution; a mistimed attempt wastes the structural advantage created,SC00057,C,Z3,conditions_favorable_for_direct_run_in_behind_low_block_in_Z3
delayed_offside_beating_run,attacking_fb,ATTACKING,executed_by_attacking_fb,medium,opponent recognizes the pattern after repeated use and pre-emptively adjusts,a structural or individual advantage is converted into a tangible attacking outcome,offensive_transition,apply the delayed offside beating run pattern (core KB Section 57.2) in Z29,success depends on precise timing/execution; a mistimed attempt wastes the structural advantage created,SC00058,C,Z29,conditions_favorable_for_delayed_offside_beating_run_in_Z29
counterpress_to_shot,full_back,ATTACKING,executed_by_full_back,medium,opponent recognizes the pattern after repeated use and pre-emptively adjusts,a structural or individual advantage is converted into a tangible attacking outcome,set_piece,apply the counterpress to shot pattern (core KB Section 57.2) in Z19,success depends on precise timing/execution; a mistimed attempt wastes the structural advantage created,SC00059,C,Z19,conditions_favorable_for_counterpress_to_shot_in_Z19
cutback_over_cross,ball_playing_gk,ATTACKING,executed_by_ball_playing_gk,medium,opponent recognizes the pattern after repeated use and pre-emptively adjusts,a structural or individual advantage is converted into a tangible attacking outcome,offensive_transition,apply the cutback over cross pattern (core KB Section 57.2) in Z11,success depends on precise timing/execution; a mistimed attempt wastes the structural advantage created,SC00060,C,Z11,conditions_favorable_for_cutback_over_cross_in_Z11
counterpress_to_shot,ball_playing_cb,ATTACKING,executed_by_ball_playing_cb,medium,opponent recognizes the pattern after repeated use and pre-emptively adjusts,a structural or individual advantage is converted into a tangible attacking outcome,attacking_organisation,apply the counterpress to shot pattern (core KB Section 57.2) in Z9,success depends on precise timing/execution; a mistimed attempt wastes the structural advantage created,SC00061,C,Z9,conditions_favorable_for_counterpress_to_shot_in_Z9
overload_to_isolate,target_man,ATTACKING,executed_by_target_man,medium,opponent recognizes the pattern after repeated use and pre-emptively adjusts,a structural or individual advantage is converted into a tangible attacking outcome,offensive_transition,apply the overload to isolate pattern (core KB Section 57.2) in Z11,success depends on precise timing/execution; a mistimed attempt wastes the structural advantage created,SC00062,C,Z11,conditions_favorable_for_overload_to_isolate_in_Z11
blocking_run_set_piece,target_man,ATTACKING,executed_by_target_man,medium,opponent recognizes the pattern after repeated use and pre-emptively adjusts,a structural or individual advantage is converted into a tangible attacking outcome,offensive_transition,apply the blocking run set piece pattern (core KB Section 57.2) in Z20,success depends on precise timing/execution; a mistimed attempt wastes the structural advantage created,SC00063,C,Z20,conditions_favorable_for_blocking_run_set_piece_in_Z20
blocking_run_set_piece,shadow_striker,ATTACKING,executed_by_shadow_striker,medium,opponent recognizes the pattern after repeated use and pre-emptively adjusts,a structural or individual advantage is converted into a tangible attacking outcome,set_piece,apply the blocking run set piece pattern (core KB Section 57.2) in Z11,success depends on precise timing/execution; a mistimed attempt wastes the structural advantage created,SC00064,C,Z11,conditions_favorable_for_blocking_run_set_piece_in_Z11
direct_run_in_behind_low_block,advanced_playmaker,ATTACKING,executed_by_advanced_playmaker,medium,opponent recognizes the pattern after repeated use and pre-emptively adjusts,a structural or individual advantage is converted into a tangible attacking outcome,set_piece,apply the direct run in behind low block pattern (core KB Section 57.2) in Z16,success depends on precise timing/execution; a mistimed attempt wastes the structural advantage created,SC00065,C,Z16,conditions_favorable_for_direct_run_in_behind_low_block_in_Z16
half_space_rotation_overload,inside_forward,ATTACKING,executed_by_inside_forward,medium,opponent recognizes the pattern after repeated use and pre-emptively adjusts,a structural or individual advantage is converted into a tangible attacking outcome,offensive_transition,apply the half space rotation overload pattern (core KB Section 57.2) in Z15,success depends on precise timing/execution; a mistimed attempt wastes the structural advantage created,SC00066,C,Z15,conditions_favorable_for_half_space_rotation_overload_in_Z15
overload_to_isolate,carrilero,ATTACKING,executed_by_carrilero,medium,opponent recognizes the pattern after repeated use and pre-emptively adjusts,a structural or individual advantage is converted into a tangible attacking outcome,offensive_transition,apply the overload to isolate pattern (core KB Section 57.2) in Z7,success depends on precise timing/execution; a mistimed attempt wastes the structural advantage created,SC00067,C,Z7,conditions_favorable_for_overload_to_isolate_in_Z7
blocking_run_set_piece,cover_defender,ATTACKING,executed_by_cover_defender,medium,opponent recognizes the pattern after repeated use and pre-emptively adjusts,a structural or individual advantage is converted into a tangible attacking outcome,set_piece,apply the blocking run set piece pattern (core KB Section 57.2) in Z30,success depends on precise timing/execution; a mistimed attempt wastes the structural advantage created,SC00068,C,Z30,conditions_favorable_for_blocking_run_set_piece_in_Z30
direct_run_in_behind_low_block,aggressive_gk,ATTACKING,executed_by_aggressive_gk,medium,opponent recognizes the pattern after repeated use and pre-emptively adjusts,a structural or individual advantage is converted into a tangible attacking outcome,attacking_organisation,apply the direct run in behind low block pattern (core KB Section 57.2) in Z10,success depends on precise timing/execution; a mistimed attempt wastes the structural advantage created,SC00069,C,Z10,conditions_favorable_for_direct_run_in_behind_low_block_in_Z10
direct_run_in_behind_low_block,traditional_winger,ATTACKING,executed_by_traditional_winger,medium,opponent recognizes the pattern after repeated use and pre-emptively adjusts,a structural or individual advantage is converted into a tangible attacking outcome,set_piece,apply the direct run in behind low block pattern (core KB Section 57.2) in Z5,success depends on precise timing/execution; a mistimed attempt wastes the structural advantage created,SC00070,C,Z5,conditions_favorable_for_direct_run_in_behind_low_block_in_Z5
half_space_rotation_overload,attacking_fb,ATTACKING,executed_by_attacking_fb,medium,opponent recognizes the pattern after repeated use and pre-emptively adjusts,a structural or individual advantage is converted into a tangible attacking outcome,offensive_transition,apply the half space rotation overload pattern (core KB Section 57.2) in Z26,success depends on precise timing/execution; a mistimed attempt wastes the structural advantage created,SC00071,C,Z26,conditions_favorable_for_half_space_rotation_overload_in_Z26
false_nine_disruption,ball_winning_midfielder,ATTACKING,executed_by_ball_winning_midfielder,medium,opponent recognizes the pattern after repeated use and pre-emptively adjusts,a structural or individual advantage is converted into a tangible attacking outcome,offensive_transition,apply the false nine disruption pattern (core KB Section 57.2) in Z7,success depends on precise timing/execution; a mistimed attempt wastes the structural advantage created,SC00072,C,Z7,conditions_favorable_for_false_nine_disruption_in_Z7
overload_to_isolate,full_back,ATTACKING,executed_by_full_back,medium,opponent recognizes the pattern after repeated use and pre-emptively adjusts,a structural or individual advantage is converted into a tangible attacking outcome,offensive_transition,apply the overload to isolate pattern (core KB Section 57.2) in Z20,success depends on precise timing/execution; a mistimed attempt wastes the structural advantage created,SC00073,C,Z20,conditions_favorable_for_overload_to_isolate_in_Z20
baited_press_then_switch,deep_lying_forward,ATTACKING,executed_by_deep_lying_forward,medium,opponent recognizes the pattern after repeated use and pre-emptively adjusts,a structural or individual advantage is converted into a tangible attacking outcome,offensive_transition,apply the baited press then switch pattern (core KB Section 57.2) in Z1,success depends on precise timing/execution; a mistimed attempt wastes the structural advantage created,SC00074,C,Z1,conditions_favorable_for_baited_press_then_switch_in_Z1
cutback_over_cross,complete_forward,ATTACKING,executed_by_complete_forward,medium,opponent recognizes the pattern after repeated use and pre-emptively adjusts,a structural or individual advantage is converted into a tangible attacking outcome,offensive_transition,apply the cutback over cross pattern (core KB Section 57.2) in Z26,success depends on precise timing/execution; a mistimed attempt wastes the structural advantage created,SC00075,C,Z26,conditions_favorable_for_cutback_over_cross_in_Z26
false_nine_disruption,inverted_fb,ATTACKING,executed_by_inverted_fb,medium,opponent recognizes the pattern after repeated use and pre-emptively adjusts,a structural or individual advantage is converted into a tangible attacking outcome,set_piece,apply the false nine disruption pattern (core KB Section 57.2) in Z28,success depends on precise timing/execution; a mistimed attempt wastes the structural advantage created,SC00076,C,Z28,conditions_favorable_for_false_nine_disruption_in_Z28
blocking_run_set_piece,wide_cb,ATTACKING,executed_by_wide_cb,medium,opponent recognizes the pattern after repeated use and pre-emptively adjusts,a structural or individual advantage is converted into a tangible attacking outcome,set_piece,apply the blocking run set piece pattern (core KB Section 57.2) in Z23,success depends on precise timing/execution; a mistimed attempt wastes the structural advantage created,SC00077,C,Z23,conditions_favorable_for_blocking_run_set_piece_in_Z23
blocking_run_set_piece,ball_winning_midfielder,ATTACKING,executed_by_ball_winning_midfielder,medium,opponent recognizes the pattern after repeated use and pre-emptively adjusts,a structural or individual advantage is converted into a tangible attacking outcome,set_piece,apply the blocking run set piece pattern (core KB Section 57.2) in Z8,success depends on precise timing/execution; a mistimed attempt wastes the structural advantage created,SC00078,C,Z8,conditions_favorable_for_blocking_run_set_piece_in_Z8
blocking_run_set_piece,number_10,ATTACKING,executed_by_number_10,medium,opponent recognizes the pattern after repeated use and pre-emptively adjusts,a structural or individual advantage is converted into a tangible attacking outcome,offensive_transition,apply the blocking run set piece pattern (core KB Section 57.2) in Z29,success depends on precise timing/execution; a mistimed attempt wastes the structural advantage created,SC00079,C,Z29,conditions_favorable_for_blocking_run_set_piece_in_Z29
false_nine_disruption,half_back,ATTACKING,executed_by_half_back,medium,opponent recognizes the pattern after repeated use and pre-emptively adjusts,a structural or individual advantage is converted into a tangible attacking outcome,set_piece,apply the false nine disruption pattern (core KB Section 57.2) in Z22,success depends on precise timing/execution; a mistimed attempt wastes the structural advantage created,SC00080,C,Z22,conditions_favorable_for_false_nine_disruption_in_Z22
false_nine_disruption,anchor_man,ATTACKING,executed_by_anchor_man,medium,opponent recognizes the pattern after repeated use and pre-emptively adjusts,a structural or individual advantage is converted into a tangible attacking outcome,attacking_organisation,apply the false nine disruption pattern (core KB Section 57.2) in Z19,success depends on precise timing/execution; a mistimed attempt wastes the structural advantage created,SC00081,C,Z19,conditions_favorable_for_false_nine_disruption_in_Z19
overload_to_isolate,false_nine,ATTACKING,executed_by_false_nine,medium,opponent recognizes the pattern after repeated use and pre-emptively adjusts,a structural or individual advantage is converted into a tangible attacking outcome,attacking_organisation,apply the overload to isolate pattern (core KB Section 57.2) in Z5,success depends on precise timing/execution; a mistimed attempt wastes the structural advantage created,SC00082,C,Z5,conditions_favorable_for_overload_to_isolate_in_Z5
false_nine_disruption,wide_target_man,ATTACKING,executed_by_wide_target_man,medium,opponent recognizes the pattern after repeated use and pre-emptively adjusts,a structural or individual advantage is converted into a tangible attacking outcome,attacking_organisation,apply the false nine disruption pattern (core KB Section 57.2) in Z7,success depends on precise timing/execution; a mistimed attempt wastes the structural advantage created,SC00083,C,Z7,conditions_favorable_for_false_nine_disruption_in_Z7
blocking_run_set_piece,wide_cb,ATTACKING,executed_by_wide_cb,medium,opponent recognizes the pattern after repeated use and pre-emptively adjusts,a structural or individual advantage is converted into a tangible attacking outcome,set_piece,apply the blocking run set piece pattern (core KB Section 57.2) in Z27,success depends on precise timing/execution; a mistimed attempt wastes the structural advantage created,SC00084,C,Z27,conditions_favorable_for_blocking_run_set_piece_in_Z27
delayed_offside_beating_run,stopper,ATTACKING,executed_by_stopper,medium,opponent recognizes the pattern after repeated use and pre-emptively adjusts,a structural or individual advantage is converted into a tangible attacking outcome,attacking_organisation,apply the delayed offside beating run pattern (core KB Section 57.2) in Z9,success depends on precise timing/execution; a mistimed attempt wastes the structural advantage created,SC00085,C,Z9,conditions_favorable_for_delayed_offside_beating_run_in_Z9
counterpress_to_shot,deep_lying_forward,ATTACKING,executed_by_deep_lying_forward,medium,opponent recognizes the pattern after repeated use and pre-emptively adjusts,a structural or individual advantage is converted into a tangible attacking outcome,set_piece,apply the counterpress to shot pattern (core KB Section 57.2) in Z1,success depends on precise timing/execution; a mistimed attempt wastes the structural advantage created,SC00086,C,Z1,conditions_favorable_for_counterpress_to_shot_in_Z1
direct_run_in_behind_low_block,number_10,ATTACKING,executed_by_number_10,medium,opponent recognizes the pattern after repeated use and pre-emptively adjusts,a structural or individual advantage is converted into a tangible attacking outcome,attacking_organisation,apply the direct run in behind low block pattern (core KB Section 57.2) in Z22,success depends on precise timing/execution; a mistimed attempt wastes the structural advantage created,SC00087,C,Z22,conditions_favorable_for_direct_run_in_behind_low_block_in_Z22
half_space_rotation_overload,false_nine,ATTACKING,executed_by_false_nine,medium,opponent recognizes the pattern after repeated use and pre-emptively adjusts,a structural or individual advantage is converted into a tangible attacking outcome,attacking_organisation,apply the half space rotation overload pattern (core KB Section 57.2) in Z1,success depends on precise timing/execution; a mistimed attempt wastes the structural advantage created,SC00088,C,Z1,conditions_favorable_for_half_space_rotation_overload_in_Z1
direct_run_in_behind_low_block,box_to_box,ATTACKING,executed_by_box_to_box,medium,opponent recognizes the pattern after repeated use and pre-emptively adjusts,a structural or individual advantage is converted into a tangible attacking outcome,set_piece,apply the direct run in behind low block pattern (core KB Section 57.2) in Z8,success depends on precise timing/execution; a mistimed attempt wastes the structural advantage created,SC00089,C,Z8,conditions_favorable_for_direct_run_in_behind_low_block_in_Z8
baited_press_then_switch,deep_lying_forward,ATTACKING,executed_by_deep_lying_forward,medium,opponent recognizes the pattern after repeated use and pre-emptively adjusts,a structural or individual advantage is converted into a tangible attacking outcome,attacking_organisation,apply the baited press then switch pattern (core KB Section 57.2) in Z23,success depends on precise timing/execution; a mistimed attempt wastes the structural advantage created,SC00090,C,Z23,conditions_favorable_for_baited_press_then_switch_in_Z23
baited_press_then_switch,wide_cb,ATTACKING,executed_by_wide_cb,medium,opponent recognizes the pattern after repeated use and pre-emptively adjusts,a structural or individual advantage is converted into a tangible attacking outcome,offensive_transition,apply the baited press then switch pattern (core KB Section 57.2) in Z8,success depends on precise timing/execution; a mistimed attempt wastes the structural advantage created,SC00091,C,Z8,conditions_favorable_for_baited_press_then_switch_in_Z8
baited_press_then_switch,box_to_box,ATTACKING,executed_by_box_to_box,medium,opponent recognizes the pattern after repeated use and pre-emptively adjusts,a structural or individual advantage is converted into a tangible attacking outcome,offensive_transition,apply the baited press then switch pattern (core KB Section 57.2) in Z17,success depends on precise timing/execution; a mistimed attempt wastes the structural advantage created,SC00092,C,Z17,conditions_favorable_for_baited_press_then_switch_in_Z17
weak_foot_isolation,wide_target_man,ATTACKING,executed_by_wide_target_man,medium,opponent recognizes the pattern after repeated use and pre-emptively adjusts,a structural or individual advantage is converted into a tangible attacking outcome,set_piece,apply the weak foot isolation pattern (core KB Section 57.2) in Z12,success depends on precise timing/execution; a mistimed attempt wastes the structural advantage created,SC00093,C,Z12,conditions_favorable_for_weak_foot_isolation_in_Z12
direct_run_in_behind_low_block,stopper,ATTACKING,executed_by_stopper,medium,opponent recognizes the pattern after repeated use and pre-emptively adjusts,a structural or individual advantage is converted into a tangible attacking outcome,offensive_transition,apply the direct run in behind low block pattern (core KB Section 57.2) in Z17,success depends on precise timing/execution; a mistimed attempt wastes the structural advantage created,SC00094,C,Z17,conditions_favorable_for_direct_run_in_behind_low_block_in_Z17
baited_press_then_switch,full_back,ATTACKING,executed_by_full_back,medium,opponent recognizes the pattern after repeated use and pre-emptively adjusts,a structural or individual advantage is converted into a tangible attacking outcome,set_piece,apply the baited press then switch pattern (core KB Section 57.2) in Z11,success depends on precise timing/execution; a mistimed attempt wastes the structural advantage created,SC00095,C,Z11,conditions_favorable_for_baited_press_then_switch_in_Z11
baited_press_then_switch,stopper,ATTACKING,executed_by_stopper,medium,opponent recognizes the pattern after repeated use and pre-emptively adjusts,a structural or individual advantage is converted into a tangible attacking outcome,attacking_organisation,apply the baited press then switch pattern (core KB Section 57.2) in Z1,success depends on precise timing/execution; a mistimed attempt wastes the structural advantage created,SC00096,C,Z1,conditions_favorable_for_baited_press_then_switch_in_Z1
cutback_over_cross,aggressive_gk,ATTACKING,executed_by_aggressive_gk,medium,opponent recognizes the pattern after repeated use and pre-emptively adjusts,a structural or individual advantage is converted into a tangible attacking outcome,attacking_organisation,apply the cutback over cross pattern (core KB Section 57.2) in Z26,success depends on precise timing/execution; a mistimed attempt wastes the structural advantage created,SC00097,C,Z26,conditions_favorable_for_cutback_over_cross_in_Z26
direct_run_in_behind_low_block,stopper,ATTACKING,executed_by_stopper,medium,opponent recognizes the pattern after repeated use and pre-emptively adjusts,a structural or individual advantage is converted into a tangible attacking outcome,set_piece,apply the direct run in behind low block pattern (core KB Section 57.2) in Z5,success depends on precise timing/execution; a mistimed attempt wastes the structural advantage created,SC00098,C,Z5,conditions_favorable_for_direct_run_in_behind_low_block_in_Z5
delayed_offside_beating_run,advanced_forward,ATTACKING,executed_by_advanced_forward,medium,opponent recognizes the pattern after repeated use and pre-emptively adjusts,a structural or individual advantage is converted into a tangible attacking outcome,set_piece,apply the delayed offside beating run pattern (core KB Section 57.2) in Z29,success depends on precise timing/execution; a mistimed attempt wastes the structural advantage created,SC00099,C,Z29,conditions_favorable_for_delayed_offside_beating_run_in_Z29
cutback_over_cross,shadow_striker,ATTACKING,executed_by_shadow_striker,medium,opponent recognizes the pattern after repeated use and pre-emptively adjusts,a structural or individual advantage is converted into a tangible attacking outcome,offensive_transition,apply the cutback over cross pattern (core KB Section 57.2) in Z9,success depends on precise timing/execution; a mistimed attempt wastes the structural advantage created,SC00100,C,Z9,conditions_favorable_for_cutback_over_cross_in_Z9
baited_press_then_switch,advanced_forward,ATTACKING,executed_by_advanced_forward,medium,opponent recognizes the pattern after repeated use and pre-emptively adjusts,a structural or individual advantage is converted into a tangible attacking outcome,attacking_organisation,apply the baited press then switch pattern (core KB Section 57.2) in Z9,success depends on precise timing/execution; a mistimed attempt wastes the structural advantage created,SC00101,C,Z9,conditions_favorable_for_baited_press_then_switch_in_Z9
half_space_rotation_overload,target_man,ATTACKING,executed_by_target_man,medium,opponent recognizes the pattern after repeated use and pre-emptively adjusts,a structural or individual advantage is converted into a tangible attacking outcome,set_piece,apply the half space rotation overload pattern (core KB Section 57.2) in Z27,success depends on precise timing/execution; a mistimed attempt wastes the structural advantage created,SC00102,C,Z27,conditions_favorable_for_half_space_rotation_overload_in_Z27
false_nine_disruption,target_man,ATTACKING,executed_by_target_man,medium,opponent recognizes the pattern after repeated use and pre-emptively adjusts,a structural or individual advantage is converted into a tangible attacking outcome,set_piece,apply the false nine disruption pattern (core KB Section 57.2) in Z3,success depends on precise timing/execution; a mistimed attempt wastes the structural advantage created,SC00103,C,Z3,conditions_favorable_for_false_nine_disruption_in_Z3
counterpress_to_shot,advanced_forward,ATTACKING,executed_by_advanced_forward,medium,opponent recognizes the pattern after repeated use and pre-emptively adjusts,a structural or individual advantage is converted into a tangible attacking outcome,set_piece,apply the counterpress to shot pattern (core KB Section 57.2) in Z23,success depends on precise timing/execution; a mistimed attempt wastes the structural advantage created,SC00104,C,Z23,conditions_favorable_for_counterpress_to_shot_in_Z23
false_nine_disruption,false_nine,ATTACKING,executed_by_false_nine,medium,opponent recognizes the pattern after repeated use and pre-emptively adjusts,a structural or individual advantage is converted into a tangible attacking outcome,offensive_transition,apply the false nine disruption pattern (core KB Section 57.2) in Z28,success depends on precise timing/execution; a mistimed attempt wastes the structural advantage created,SC00105,C,Z28,conditions_favorable_for_false_nine_disruption_in_Z28
counterpress_to_shot,destroyer,ATTACKING,executed_by_destroyer,medium,opponent recognizes the pattern after repeated use and pre-emptively adjusts,a structural or individual advantage is converted into a tangible attacking outcome,set_piece,apply the counterpress to shot pattern (core KB Section 57.2) in Z6,success depends on precise timing/execution; a mistimed attempt wastes the structural advantage created,SC00106,C,Z6,conditions_favorable_for_counterpress_to_shot_in_Z6
delayed_offside_beating_run,poacher,ATTACKING,executed_by_poacher,medium,opponent recognizes the pattern after repeated use and pre-emptively adjusts,a structural or individual advantage is converted into a tangible attacking outcome,set_piece,apply the delayed offside beating run pattern (core KB Section 57.2) in Z7,success depends on precise timing/execution; a mistimed attempt wastes the structural advantage created,SC00107,C,Z7,conditions_favorable_for_delayed_offside_beating_run_in_Z7
overload_to_isolate,attacking_fb,ATTACKING,executed_by_attacking_fb,medium,opponent recognizes the pattern after repeated use and pre-emptively adjusts,a structural or individual advantage is converted into a tangible attacking outcome,offensive_transition,apply the overload to isolate pattern (core KB Section 57.2) in Z20,success depends on precise timing/execution; a mistimed attempt wastes the structural advantage created,SC00108,C,Z20,conditions_favorable_for_overload_to_isolate_in_Z20
blocking_run_set_piece,stopper,ATTACKING,executed_by_stopper,medium,opponent recognizes the pattern after repeated use and pre-emptively adjusts,a structural or individual advantage is converted into a tangible attacking outcome,offensive_transition,apply the blocking run set piece pattern (core KB Section 57.2) in Z23,success depends on precise timing/execution; a mistimed attempt wastes the structural advantage created,SC00109,C,Z23,conditions_favorable_for_blocking_run_set_piece_in_Z23
delayed_offside_beating_run,mezzala,ATTACKING,executed_by_mezzala,medium,opponent recognizes the pattern after repeated use and pre-emptively adjusts,a structural or individual advantage is converted into a tangible attacking outcome,offensive_transition,apply the delayed offside beating run pattern (core KB Section 57.2) in Z3,success depends on precise timing/execution; a mistimed attempt wastes the structural advantage created,SC00110,C,Z3,conditions_favorable_for_delayed_offside_beating_run_in_Z3
third_man_press_escape,number_10,ATTACKING,executed_by_number_10,medium,opponent recognizes the pattern after repeated use and pre-emptively adjusts,a structural or individual advantage is converted into a tangible attacking outcome,offensive_transition,apply the third man press escape pattern (core KB Section 57.2) in Z23,success depends on precise timing/execution; a mistimed attempt wastes the structural advantage created,SC00111,C,Z23,conditions_favorable_for_third_man_press_escape_in_Z23
half_space_rotation_overload,box_to_box,ATTACKING,executed_by_box_to_box,medium,opponent recognizes the pattern after repeated use and pre-emptively adjusts,a structural or individual advantage is converted into a tangible attacking outcome,attacking_organisation,apply the half space rotation overload pattern (core KB Section 57.2) in Z17,success depends on precise timing/execution; a mistimed attempt wastes the structural advantage created,SC00112,C,Z17,conditions_favorable_for_half_space_rotation_overload_in_Z17
weak_foot_isolation,wide_cb,ATTACKING,executed_by_wide_cb,medium,opponent recognizes the pattern after repeated use and pre-emptively adjusts,a structural or individual advantage is converted into a tangible attacking outcome,offensive_transition,apply the weak foot isolation pattern (core KB Section 57.2) in Z15,success depends on precise timing/execution; a mistimed attempt wastes the structural advantage created,SC00113,C,Z15,conditions_favorable_for_weak_foot_isolation_in_Z15
weak_foot_isolation,box_to_box,ATTACKING,executed_by_box_to_box,medium,opponent recognizes the pattern after repeated use and pre-emptively adjusts,a structural or individual advantage is converted into a tangible attacking outcome,offensive_transition,apply the weak foot isolation pattern (core KB Section 57.2) in Z26,success depends on precise timing/execution; a mistimed attempt wastes the structural advantage created,SC00114,C,Z26,conditions_favorable_for_weak_foot_isolation_in_Z26
blocking_run_set_piece,aggressive_gk,ATTACKING,executed_by_aggressive_gk,medium,opponent recognizes the pattern after repeated use and pre-emptively adjusts,a structural or individual advantage is converted into a tangible attacking outcome,attacking_organisation,apply the blocking run set piece pattern (core KB Section 57.2) in Z19,success depends on precise timing/execution; a mistimed attempt wastes the structural advantage created,SC00115,C,Z19,conditions_favorable_for_blocking_run_set_piece_in_Z19
delayed_offside_beating_run,inverted_winger,ATTACKING,executed_by_inverted_winger,medium,opponent recognizes the pattern after repeated use and pre-emptively adjusts,a structural or individual advantage is converted into a tangible attacking outcome,attacking_organisation,apply the delayed offside beating run pattern (core KB Section 57.2) in Z30,success depends on precise timing/execution; a mistimed attempt wastes the structural advantage created,SC00116,C,Z30,conditions_favorable_for_delayed_offside_beating_run_in_Z30
weak_foot_isolation,wing_back,ATTACKING,executed_by_wing_back,medium,opponent recognizes the pattern after repeated use and pre-emptively adjusts,a structural or individual advantage is converted into a tangible attacking outcome,set_piece,apply the weak foot isolation pattern (core KB Section 57.2) in Z1,success depends on precise timing/execution; a mistimed attempt wastes the structural advantage created,SC00117,C,Z1,conditions_favorable_for_weak_foot_isolation_in_Z1
counterpress_to_shot,advanced_forward,ATTACKING,executed_by_advanced_forward,medium,opponent recognizes the pattern after repeated use and pre-emptively adjusts,a structural or individual advantage is converted into a tangible attacking outcome,attacking_organisation,apply the counterpress to shot pattern (core KB Section 57.2) in Z9,success depends on precise timing/execution; a mistimed attempt wastes the structural advantage created,SC00118,C,Z9,conditions_favorable_for_counterpress_to_shot_in_Z9
overload_to_isolate,anchor_man,ATTACKING,executed_by_anchor_man,medium,opponent recognizes the pattern after repeated use and pre-emptively adjusts,a structural or individual advantage is converted into a tangible attacking outcome,offensive_transition,apply the overload to isolate pattern (core KB Section 57.2) in Z10,success depends on precise timing/execution; a mistimed attempt wastes the structural advantage created,SC00119,C,Z10,conditions_favorable_for_overload_to_isolate_in_Z10
overload_to_isolate,ball_playing_cb,ATTACKING,executed_by_ball_playing_cb,medium,opponent recognizes the pattern after repeated use and pre-emptively adjusts,a structural or individual advantage is converted into a tangible attacking outcome,offensive_transition,apply the overload to isolate pattern (core KB Section 57.2) in Z23,success depends on precise timing/execution; a mistimed attempt wastes the structural advantage created,SC00120,C,Z23,conditions_favorable_for_overload_to_isolate_in_Z23
weak_foot_isolation,number_10,ATTACKING,executed_by_number_10,medium,opponent recognizes the pattern after repeated use and pre-emptively adjusts,a structural or individual advantage is converted into a tangible attacking outcome,attacking_organisation,apply the weak foot isolation pattern (core KB Section 57.2) in Z19,success depends on precise timing/execution; a mistimed attempt wastes the structural advantage created,SC00121,C,Z19,conditions_favorable_for_weak_foot_isolation_in_Z19
half_space_rotation_overload,advanced_forward,ATTACKING,executed_by_advanced_forward,medium,opponent recognizes the pattern after repeated use and pre-emptively adjusts,a structural or individual advantage is converted into a tangible attacking outcome,offensive_transition,apply the half space rotation overload pattern (core KB Section 57.2) in Z11,success depends on precise timing/execution; a mistimed attempt wastes the structural advantage created,SC00122,C,Z11,conditions_favorable_for_half_space_rotation_overload_in_Z11
baited_press_then_switch,wide_cb,ATTACKING,executed_by_wide_cb,medium,opponent recognizes the pattern after repeated use and pre-emptively adjusts,a structural or individual advantage is converted into a tangible attacking outcome,attacking_organisation,apply the baited press then switch pattern (core KB Section 57.2) in Z17,success depends on precise timing/execution; a mistimed attempt wastes the structural advantage created,SC00123,C,Z17,conditions_favorable_for_baited_press_then_switch_in_Z17
third_man_press_escape,target_man,ATTACKING,executed_by_target_man,medium,opponent recognizes the pattern after repeated use and pre-emptively adjusts,a structural or individual advantage is converted into a tangible attacking outcome,set_piece,apply the third man press escape pattern (core KB Section 57.2) in Z20,success depends on precise timing/execution; a mistimed attempt wastes the structural advantage created,SC00124,C,Z20,conditions_favorable_for_third_man_press_escape_in_Z20
weak_foot_isolation,number_10,ATTACKING,executed_by_number_10,medium,opponent recognizes the pattern after repeated use and pre-emptively adjusts,a structural or individual advantage is converted into a tangible attacking outcome,attacking_organisation,apply the weak foot isolation pattern (core KB Section 57.2) in Z14,success depends on precise timing/execution; a mistimed attempt wastes the structural advantage created,SC00125,C,Z14,conditions_favorable_for_weak_foot_isolation_in_Z14
overload_to_isolate,ball_playing_gk,ATTACKING,executed_by_ball_playing_gk,medium,opponent recognizes the pattern after repeated use and pre-emptively adjusts,a structural or individual advantage is converted into a tangible attacking outcome,attacking_organisation,apply the overload to isolate pattern (core KB Section 57.2) in Z25,success depends on precise timing/execution; a mistimed attempt wastes the structural advantage created,SC00126,C,Z25,conditions_favorable_for_overload_to_isolate_in_Z25
cutback_over_cross,target_man,ATTACKING,executed_by_target_man,medium,opponent recognizes the pattern after repeated use and pre-emptively adjusts,a structural or individual advantage is converted into a tangible attacking outcome,offensive_transition,apply the cutback over cross pattern (core KB Section 57.2) in Z24,success depends on precise timing/execution; a mistimed attempt wastes the structural advantage created,SC00127,C,Z24,conditions_favorable_for_cutback_over_cross_in_Z24
overload_to_isolate,attacking_fb,ATTACKING,executed_by_attacking_fb,medium,opponent recognizes the pattern after repeated use and pre-emptively adjusts,a structural or individual advantage is converted into a tangible attacking outcome,attacking_organisation,apply the overload to isolate pattern (core KB Section 57.2) in Z22,success depends on precise timing/execution; a mistimed attempt wastes the structural advantage created,SC00128,C,Z22,conditions_favorable_for_overload_to_isolate_in_Z22
cutback_over_cross,ball_playing_cb,ATTACKING,executed_by_ball_playing_cb,medium,opponent recognizes the pattern after repeated use and pre-emptively adjusts,a structural or individual advantage is converted into a tangible attacking outcome,set_piece,apply the cutback over cross pattern (core KB Section 57.2) in Z28,success depends on precise timing/execution; a mistimed attempt wastes the structural advantage created,SC00129,C,Z28,conditions_favorable_for_cutback_over_cross_in_Z28
false_nine_disruption,ball_winning_midfielder,ATTACKING,executed_by_ball_winning_midfielder,medium,opponent recognizes the pattern after repeated use and pre-emptively adjusts,a structural or individual advantage is converted into a tangible attacking outcome,offensive_transition,apply the false nine disruption pattern (core KB Section 57.2) in Z19,success depends on precise timing/execution; a mistimed attempt wastes the structural advantage created,SC00130,C,Z19,conditions_favorable_for_false_nine_disruption_in_Z19
third_man_press_escape,complete_wing_back,ATTACKING,executed_by_complete_wing_back,medium,opponent recognizes the pattern after repeated use and pre-emptively adjusts,a structural or individual advantage is converted into a tangible attacking outcome,offensive_transition,apply the third man press escape pattern (core KB Section 57.2) in Z3,success depends on precise timing/execution; a mistimed attempt wastes the structural advantage created,SC00131,C,Z3,conditions_favorable_for_third_man_press_escape_in_Z3
half_space_rotation_overload,poacher,ATTACKING,executed_by_poacher,medium,opponent recognizes the pattern after repeated use and pre-emptively adjusts,a structural or individual advantage is converted into a tangible attacking outcome,offensive_transition,apply the half space rotation overload pattern (core KB Section 57.2) in Z7,success depends on precise timing/execution; a mistimed attempt wastes the structural advantage created,SC00132,C,Z7,conditions_favorable_for_half_space_rotation_overload_in_Z7
counterpress_to_shot,deep_playmaker,ATTACKING,executed_by_deep_playmaker,medium,opponent recognizes the pattern after repeated use and pre-emptively adjusts,a structural or individual advantage is converted into a tangible attacking outcome,set_piece,apply the counterpress to shot pattern (core KB Section 57.2) in Z18,success depends on precise timing/execution; a mistimed attempt wastes the structural advantage created,SC00133,C,Z18,conditions_favorable_for_counterpress_to_shot_in_Z18
third_man_press_escape,regista,ATTACKING,executed_by_regista,medium,opponent recognizes the pattern after repeated use and pre-emptively adjusts,a structural or individual advantage is converted into a tangible attacking outcome,offensive_transition,apply the third man press escape pattern (core KB Section 57.2) in Z1,success depends on precise timing/execution; a mistimed attempt wastes the structural advantage created,SC00134,C,Z1,conditions_favorable_for_third_man_press_escape_in_Z1
half_space_rotation_overload,poacher,ATTACKING,executed_by_poacher,medium,opponent recognizes the pattern after repeated use and pre-emptively adjusts,a structural or individual advantage is converted into a tangible attacking outcome,attacking_organisation,apply the half space rotation overload pattern (core KB Section 57.2) in Z13,success depends on precise timing/execution; a mistimed attempt wastes the structural advantage created,SC00135,C,Z13,conditions_favorable_for_half_space_rotation_overload_in_Z13
blocking_run_set_piece,anchor_man,ATTACKING,executed_by_anchor_man,medium,opponent recognizes the pattern after repeated use and pre-emptively adjusts,a structural or individual advantage is converted into a tangible attacking outcome,attacking_organisation,apply the blocking run set piece pattern (core KB Section 57.2) in Z17,success depends on precise timing/execution; a mistimed attempt wastes the structural advantage created,SC00136,C,Z17,conditions_favorable_for_blocking_run_set_piece_in_Z17
weak_foot_isolation,advanced_playmaker,ATTACKING,executed_by_advanced_playmaker,medium,opponent recognizes the pattern after repeated use and pre-emptively adjusts,a structural or individual advantage is converted into a tangible attacking outcome,offensive_transition,apply the weak foot isolation pattern (core KB Section 57.2) in Z1,success depends on precise timing/execution; a mistimed attempt wastes the structural advantage created,SC00137,C,Z1,conditions_favorable_for_weak_foot_isolation_in_Z1
overload_to_isolate,traditional_winger,ATTACKING,executed_by_traditional_winger,medium,opponent recognizes the pattern after repeated use and pre-emptively adjusts,a structural or individual advantage is converted into a tangible attacking outcome,attacking_organisation,apply the overload to isolate pattern (core KB Section 57.2) in Z16,success depends on precise timing/execution; a mistimed attempt wastes the structural advantage created,SC00138,C,Z16,conditions_favorable_for_overload_to_isolate_in_Z16
counterpress_to_shot,regista,ATTACKING,executed_by_regista,medium,opponent recognizes the pattern after repeated use and pre-emptively adjusts,a structural or individual advantage is converted into a tangible attacking outcome,offensive_transition,apply the counterpress to shot pattern (core KB Section 57.2) in Z18,success depends on precise timing/execution; a mistimed attempt wastes the structural advantage created,SC00139,C,Z18,conditions_favorable_for_counterpress_to_shot_in_Z18
delayed_offside_beating_run,ball_playing_gk,ATTACKING,executed_by_ball_playing_gk,medium,opponent recognizes the pattern after repeated use and pre-emptively adjusts,a structural or individual advantage is converted into a tangible attacking outcome,offensive_transition,apply the delayed offside beating run pattern (core KB Section 57.2) in Z8,success depends on precise timing/execution; a mistimed attempt wastes the structural advantage created,SC00140,C,Z8,conditions_favorable_for_delayed_offside_beating_run_in_Z8
half_space_rotation_overload,anchor_man,ATTACKING,executed_by_anchor_man,medium,opponent recognizes the pattern after repeated use and pre-emptively adjusts,a structural or individual advantage is converted into a tangible attacking outcome,offensive_transition,apply the half space rotation overload pattern (core KB Section 57.2) in Z7,success depends on precise timing/execution; a mistimed attempt wastes the structural advantage created,SC00141,C,Z7,conditions_favorable_for_half_space_rotation_overload_in_Z7
baited_press_then_switch,pressing_forward,ATTACKING,executed_by_pressing_forward,medium,opponent recognizes the pattern after repeated use and pre-emptively adjusts,a structural or individual advantage is converted into a tangible attacking outcome,offensive_transition,apply the baited press then switch pattern (core KB Section 57.2) in Z10,success depends on precise timing/execution; a mistimed attempt wastes the structural advantage created,SC00142,C,Z10,conditions_favorable_for_baited_press_then_switch_in_Z10
half_space_rotation_overload,shadow_striker,ATTACKING,executed_by_shadow_striker,medium,opponent recognizes the pattern after repeated use and pre-emptively adjusts,a structural or individual advantage is converted into a tangible attacking outcome,set_piece,apply the half space rotation overload pattern (core KB Section 57.2) in Z2,success depends on precise timing/execution; a mistimed attempt wastes the structural advantage created,SC00143,C,Z2,conditions_favorable_for_half_space_rotation_overload_in_Z2
overload_to_isolate,poacher,ATTACKING,executed_by_poacher,medium,opponent recognizes the pattern after repeated use and pre-emptively adjusts,a structural or individual advantage is converted into a tangible attacking outcome,attacking_organisation,apply the overload to isolate pattern (core KB Section 57.2) in Z6,success depends on precise timing/execution; a mistimed attempt wastes the structural advantage created,SC00144,C,Z6,conditions_favorable_for_overload_to_isolate_in_Z6
blocking_run_set_piece,regista,ATTACKING,executed_by_regista,medium,opponent recognizes the pattern after repeated use and pre-emptively adjusts,a structural or individual advantage is converted into a tangible attacking outcome,offensive_transition,apply the blocking run set piece pattern (core KB Section 57.2) in Z22,success depends on precise timing/execution; a mistimed attempt wastes the structural advantage created,SC00145,C,Z22,conditions_favorable_for_blocking_run_set_piece_in_Z22
overload_to_isolate,sweeper_keeper,ATTACKING,executed_by_sweeper_keeper,medium,opponent recognizes the pattern after repeated use and pre-emptively adjusts,a structural or individual advantage is converted into a tangible attacking outcome,offensive_transition,apply the overload to isolate pattern (core KB Section 57.2) in Z30,success depends on precise timing/execution; a mistimed attempt wastes the structural advantage created,SC00146,C,Z30,conditions_favorable_for_overload_to_isolate_in_Z30
counterpress_to_shot,attacking_fb,ATTACKING,executed_by_attacking_fb,medium,opponent recognizes the pattern after repeated use and pre-emptively adjusts,a structural or individual advantage is converted into a tangible attacking outcome,offensive_transition,apply the counterpress to shot pattern (core KB Section 57.2) in Z1,success depends on precise timing/execution; a mistimed attempt wastes the structural advantage created,SC00147,C,Z1,conditions_favorable_for_counterpress_to_shot_in_Z1
cutback_over_cross,target_man,ATTACKING,executed_by_target_man,medium,opponent recognizes the pattern after repeated use and pre-emptively adjusts,a structural or individual advantage is converted into a tangible attacking outcome,set_piece,apply the cutback over cross pattern (core KB Section 57.2) in Z7,success depends on precise timing/execution; a mistimed attempt wastes the structural advantage created,SC00148,C,Z7,conditions_favorable_for_cutback_over_cross_in_Z7
blocking_run_set_piece,aggressive_gk,ATTACKING,executed_by_aggressive_gk,medium,opponent recognizes the pattern after repeated use and pre-emptively adjusts,a structural or individual advantage is converted into a tangible attacking outcome,set_piece,apply the blocking run set piece pattern (core KB Section 57.2) in Z18,success depends on precise timing/execution; a mistimed attempt wastes the structural advantage created,SC00149,C,Z18,conditions_favorable_for_blocking_run_set_piece_in_Z18
overload_to_isolate,traditional_winger,ATTACKING,executed_by_traditional_winger,medium,opponent recognizes the pattern after repeated use and pre-emptively adjusts,a structural or individual advantage is converted into a tangible attacking outcome,offensive_transition,apply the overload to isolate pattern (core KB Section 57.2) in Z25,success depends on precise timing/execution; a mistimed attempt wastes the structural advantage created,SC00150,C,Z25,conditions_favorable_for_overload_to_isolate_in_Z25
blocking_run_set_piece,attacking_fb,ATTACKING,executed_by_attacking_fb,medium,opponent recognizes the pattern after repeated use and pre-emptively adjusts,a structural or individual advantage is converted into a tangible attacking outcome,offensive_transition,apply the blocking run set piece pattern (core KB Section 57.2) in Z1,success depends on precise timing/execution; a mistimed attempt wastes the structural advantage created,SC00151,C,Z1,conditions_favorable_for_blocking_run_set_piece_in_Z1
counterpress_to_shot,full_back,ATTACKING,executed_by_full_back,medium,opponent recognizes the pattern after repeated use and pre-emptively adjusts,a structural or individual advantage is converted into a tangible attacking outcome,set_piece,apply the counterpress to shot pattern (core KB Section 57.2) in Z10,success depends on precise timing/execution; a mistimed attempt wastes the structural advantage created,SC00152,C,Z10,conditions_favorable_for_counterpress_to_shot_in_Z10
blocking_run_set_piece,trequartista,ATTACKING,executed_by_trequartista,medium,opponent recognizes the pattern after repeated use and pre-emptively adjusts,a structural or individual advantage is converted into a tangible attacking outcome,attacking_organisation,apply the blocking run set piece pattern (core KB Section 57.2) in Z1,success depends on precise timing/execution; a mistimed attempt wastes the structural advantage created,SC00153,C,Z1,conditions_favorable_for_blocking_run_set_piece_in_Z1
weak_foot_isolation,inside_forward,ATTACKING,executed_by_inside_forward,medium,opponent recognizes the pattern after repeated use and pre-emptively adjusts,a structural or individual advantage is converted into a tangible attacking outcome,set_piece,apply the weak foot isolation pattern (core KB Section 57.2) in Z26,success depends on precise timing/execution; a mistimed attempt wastes the structural advantage created,SC00154,C,Z26,conditions_favorable_for_weak_foot_isolation_in_Z26
false_nine_disruption,wing_back,ATTACKING,executed_by_wing_back,medium,opponent recognizes the pattern after repeated use and pre-emptively adjusts,a structural or individual advantage is converted into a tangible attacking outcome,attacking_organisation,apply the false nine disruption pattern (core KB Section 57.2) in Z23,success depends on precise timing/execution; a mistimed attempt wastes the structural advantage created,SC00155,C,Z23,conditions_favorable_for_false_nine_disruption_in_Z23
blocking_run_set_piece,advanced_forward,ATTACKING,executed_by_advanced_forward,medium,opponent recognizes the pattern after repeated use and pre-emptively adjusts,a structural or individual advantage is converted into a tangible attacking outcome,attacking_organisation,apply the blocking run set piece pattern (core KB Section 57.2) in Z26,success depends on precise timing/execution; a mistimed attempt wastes the structural advantage created,SC00156,C,Z26,conditions_favorable_for_blocking_run_set_piece_in_Z26
cutback_over_cross,deep_playmaker,ATTACKING,executed_by_deep_playmaker,medium,opponent recognizes the pattern after repeated use and pre-emptively adjusts,a structural or individual advantage is converted into a tangible attacking outcome,attacking_organisation,apply the cutback over cross pattern (core KB Section 57.2) in Z15,success depends on precise timing/execution; a mistimed attempt wastes the structural advantage created,SC00157,C,Z15,conditions_favorable_for_cutback_over_cross_in_Z15
third_man_press_escape,number_10,ATTACKING,executed_by_number_10,medium,opponent recognizes the pattern after repeated use and pre-emptively adjusts,a structural or individual advantage is converted into a tangible attacking outcome,offensive_transition,apply the third man press escape pattern (core KB Section 57.2) in Z16,success depends on precise timing/execution; a mistimed attempt wastes the structural advantage created,SC00158,C,Z16,conditions_favorable_for_third_man_press_escape_in_Z16
counterpress_to_shot,ball_winning_midfielder,ATTACKING,executed_by_ball_winning_midfielder,medium,opponent recognizes the pattern after repeated use and pre-emptively adjusts,a structural or individual advantage is converted into a tangible attacking outcome,attacking_organisation,apply the counterpress to shot pattern (core KB Section 57.2) in Z15,success depends on precise timing/execution; a mistimed attempt wastes the structural advantage created,SC00159,C,Z15,conditions_favorable_for_counterpress_to_shot_in_Z15
cutback_over_cross,deep_lying_forward,ATTACKING,executed_by_deep_lying_forward,medium,opponent recognizes the pattern after repeated use and pre-emptively adjusts,a structural or individual advantage is converted into a tangible attacking outcome,attacking_organisation,apply the cutback over cross pattern (core KB Section 57.2) in Z10,success depends on precise timing/execution; a mistimed attempt wastes the structural advantage created,SC00160,C,Z10,conditions_favorable_for_cutback_over_cross_in_Z10
baited_press_then_switch,traditional_winger,ATTACKING,executed_by_traditional_winger,medium,opponent recognizes the pattern after repeated use and pre-emptively adjusts,a structural or individual advantage is converted into a tangible attacking outcome,set_piece,apply the baited press then switch pattern (core KB Section 57.2) in Z3,success depends on precise timing/execution; a mistimed attempt wastes the structural advantage created,SC00161,C,Z3,conditions_favorable_for_baited_press_then_switch_in_Z3
delayed_offside_beating_run,ball_winning_midfielder,ATTACKING,executed_by_ball_winning_midfielder,medium,opponent recognizes the pattern after repeated use and pre-emptively adjusts,a structural or individual advantage is converted into a tangible attacking outcome,set_piece,apply the delayed offside beating run pattern (core KB Section 57.2) in Z5,success depends on precise timing/execution; a mistimed attempt wastes the structural advantage created,SC00162,C,Z5,conditions_favorable_for_delayed_offside_beating_run_in_Z5
direct_run_in_behind_low_block,anchor_man,ATTACKING,executed_by_anchor_man,medium,opponent recognizes the pattern after repeated use and pre-emptively adjusts,a structural or individual advantage is converted into a tangible attacking outcome,attacking_organisation,apply the direct run in behind low block pattern (core KB Section 57.2) in Z10,success depends on precise timing/execution; a mistimed attempt wastes the structural advantage created,SC00163,C,Z10,conditions_favorable_for_direct_run_in_behind_low_block_in_Z10
baited_press_then_switch,inverted_winger,ATTACKING,executed_by_inverted_winger,medium,opponent recognizes the pattern after repeated use and pre-emptively adjusts,a structural or individual advantage is converted into a tangible attacking outcome,attacking_organisation,apply the baited press then switch pattern (core KB Section 57.2) in Z28,success depends on precise timing/execution; a mistimed attempt wastes the structural advantage created,SC00164,C,Z28,conditions_favorable_for_baited_press_then_switch_in_Z28
delayed_offside_beating_run,advanced_forward,ATTACKING,executed_by_advanced_forward,medium,opponent recognizes the pattern after repeated use and pre-emptively adjusts,a structural or individual advantage is converted into a tangible attacking outcome,offensive_transition,apply the delayed offside beating run pattern (core KB Section 57.2) in Z3,success depends on precise timing/execution; a mistimed attempt wastes the structural advantage created,SC00165,C,Z3,conditions_favorable_for_delayed_offside_beating_run_in_Z3
direct_run_in_behind_low_block,defensive_winger,ATTACKING,executed_by_defensive_winger,medium,opponent recognizes the pattern after repeated use and pre-emptively adjusts,a structural or individual advantage is converted into a tangible attacking outcome,attacking_organisation,apply the direct run in behind low block pattern (core KB Section 57.2) in Z23,success depends on precise timing/execution; a mistimed attempt wastes the structural advantage created,SC00166,C,Z23,conditions_favorable_for_direct_run_in_behind_low_block_in_Z23
half_space_rotation_overload,wide_playmaker,ATTACKING,executed_by_wide_playmaker,medium,opponent recognizes the pattern after repeated use and pre-emptively adjusts,a structural or individual advantage is converted into a tangible attacking outcome,offensive_transition,apply the half space rotation overload pattern (core KB Section 57.2) in Z22,success depends on precise timing/execution; a mistimed attempt wastes the structural advantage created,SC00167,C,Z22,conditions_favorable_for_half_space_rotation_overload_in_Z22
delayed_offside_beating_run,advanced_forward,ATTACKING,executed_by_advanced_forward,medium,opponent recognizes the pattern after repeated use and pre-emptively adjusts,a structural or individual advantage is converted into a tangible attacking outcome,set_piece,apply the delayed offside beating run pattern (core KB Section 57.2) in Z22,success depends on precise timing/execution; a mistimed attempt wastes the structural advantage created,SC00168,C,Z22,conditions_favorable_for_delayed_offside_beating_run_in_Z22
false_nine_disruption,trequartista,ATTACKING,executed_by_trequartista,medium,opponent recognizes the pattern after repeated use and pre-emptively adjusts,a structural or individual advantage is converted into a tangible attacking outcome,attacking_organisation,apply the false nine disruption pattern (core KB Section 57.2) in Z10,success depends on precise timing/execution; a mistimed attempt wastes the structural advantage created,SC00169,C,Z10,conditions_favorable_for_false_nine_disruption_in_Z10
cutback_over_cross,ball_winning_midfielder,ATTACKING,executed_by_ball_winning_midfielder,medium,opponent recognizes the pattern after repeated use and pre-emptively adjusts,a structural or individual advantage is converted into a tangible attacking outcome,set_piece,apply the cutback over cross pattern (core KB Section 57.2) in Z6,success depends on precise timing/execution; a mistimed attempt wastes the structural advantage created,SC00170,C,Z6,conditions_favorable_for_cutback_over_cross_in_Z6
baited_press_then_switch,raumdeuter,ATTACKING,executed_by_raumdeuter,medium,opponent recognizes the pattern after repeated use and pre-emptively adjusts,a structural or individual advantage is converted into a tangible attacking outcome,offensive_transition,apply the baited press then switch pattern (core KB Section 57.2) in Z6,success depends on precise timing/execution; a mistimed attempt wastes the structural advantage created,SC00171,C,Z6,conditions_favorable_for_baited_press_then_switch_in_Z6
false_nine_disruption,full_back,ATTACKING,executed_by_full_back,medium,opponent recognizes the pattern after repeated use and pre-emptively adjusts,a structural or individual advantage is converted into a tangible attacking outcome,offensive_transition,apply the false nine disruption pattern (core KB Section 57.2) in Z28,success depends on precise timing/execution; a mistimed attempt wastes the structural advantage created,SC00172,C,Z28,conditions_favorable_for_false_nine_disruption_in_Z28
direct_run_in_behind_low_block,wing_back,ATTACKING,executed_by_wing_back,medium,opponent recognizes the pattern after repeated use and pre-emptively adjusts,a structural or individual advantage is converted into a tangible attacking outcome,offensive_transition,apply the direct run in behind low block pattern (core KB Section 57.2) in Z6,success depends on precise timing/execution; a mistimed attempt wastes the structural advantage created,SC00173,C,Z6,conditions_favorable_for_direct_run_in_behind_low_block_in_Z6
weak_foot_isolation,carrilero,ATTACKING,executed_by_carrilero,medium,opponent recognizes the pattern after repeated use and pre-emptively adjusts,a structural or individual advantage is converted into a tangible attacking outcome,attacking_organisation,apply the weak foot isolation pattern (core KB Section 57.2) in Z18,success depends on precise timing/execution; a mistimed attempt wastes the structural advantage created,SC00174,C,Z18,conditions_favorable_for_weak_foot_isolation_in_Z18
third_man_press_escape,raumdeuter,ATTACKING,executed_by_raumdeuter,medium,opponent recognizes the pattern after repeated use and pre-emptively adjusts,a structural or individual advantage is converted into a tangible attacking outcome,set_piece,apply the third man press escape pattern (core KB Section 57.2) in Z2,success depends on precise timing/execution; a mistimed attempt wastes the structural advantage created,SC00175,C,Z2,conditions_favorable_for_third_man_press_escape_in_Z2
blocking_run_set_piece,wide_cb,ATTACKING,executed_by_wide_cb,medium,opponent recognizes the pattern after repeated use and pre-emptively adjusts,a structural or individual advantage is converted into a tangible attacking outcome,offensive_transition,apply the blocking run set piece pattern (core KB Section 57.2) in Z24,success depends on precise timing/execution; a mistimed attempt wastes the structural advantage created,SC00176,C,Z24,conditions_favorable_for_blocking_run_set_piece_in_Z24
half_space_rotation_overload,half_back,ATTACKING,executed_by_half_back,medium,opponent recognizes the pattern after repeated use and pre-emptively adjusts,a structural or individual advantage is converted into a tangible attacking outcome,attacking_organisation,apply the half space rotation overload pattern (core KB Section 57.2) in Z8,success depends on precise timing/execution; a mistimed attempt wastes the structural advantage created,SC00177,C,Z8,conditions_favorable_for_half_space_rotation_overload_in_Z8
half_space_rotation_overload,deep_playmaker,ATTACKING,executed_by_deep_playmaker,medium,opponent recognizes the pattern after repeated use and pre-emptively adjusts,a structural or individual advantage is converted into a tangible attacking outcome,offensive_transition,apply the half space rotation overload pattern (core KB Section 57.2) in Z8,success depends on precise timing/execution; a mistimed attempt wastes the structural advantage created,SC00178,C,Z8,conditions_favorable_for_half_space_rotation_overload_in_Z8
counterpress_to_shot,shadow_striker,ATTACKING,executed_by_shadow_striker,medium,opponent recognizes the pattern after repeated use and pre-emptively adjusts,a structural or individual advantage is converted into a tangible attacking outcome,set_piece,apply the counterpress to shot pattern (core KB Section 57.2) in Z4,success depends on precise timing/execution; a mistimed attempt wastes the structural advantage created,SC00179,C,Z4,conditions_favorable_for_counterpress_to_shot_in_Z4
cutback_over_cross,destroyer,ATTACKING,executed_by_destroyer,medium,opponent recognizes the pattern after repeated use and pre-emptively adjusts,a structural or individual advantage is converted into a tangible attacking outcome,attacking_organisation,apply the cutback over cross pattern (core KB Section 57.2) in Z22,success depends on precise timing/execution; a mistimed attempt wastes the structural advantage created,SC00180,C,Z22,conditions_favorable_for_cutback_over_cross_in_Z22
weak_foot_isolation,mezzala,ATTACKING,executed_by_mezzala,medium,opponent recognizes the pattern after repeated use and pre-emptively adjusts,a structural or individual advantage is converted into a tangible attacking outcome,set_piece,apply the weak foot isolation pattern (core KB Section 57.2) in Z14,success depends on precise timing/execution; a mistimed attempt wastes the structural advantage created,SC00181,C,Z14,conditions_favorable_for_weak_foot_isolation_in_Z14
counterpress_to_shot,cover_defender,ATTACKING,executed_by_cover_defender,medium,opponent recognizes the pattern after repeated use and pre-emptively adjusts,a structural or individual advantage is converted into a tangible attacking outcome,offensive_transition,apply the counterpress to shot pattern (core KB Section 57.2) in Z27,success depends on precise timing/execution; a mistimed attempt wastes the structural advantage created,SC00182,C,Z27,conditions_favorable_for_counterpress_to_shot_in_Z27
baited_press_then_switch,trequartista,ATTACKING,executed_by_trequartista,medium,opponent recognizes the pattern after repeated use and pre-emptively adjusts,a structural or individual advantage is converted into a tangible attacking outcome,offensive_transition,apply the baited press then switch pattern (core KB Section 57.2) in Z27,success depends on precise timing/execution; a mistimed attempt wastes the structural advantage created,SC00183,C,Z27,conditions_favorable_for_baited_press_then_switch_in_Z27
cutback_over_cross,ball_winning_midfielder,ATTACKING,executed_by_ball_winning_midfielder,medium,opponent recognizes the pattern after repeated use and pre-emptively adjusts,a structural or individual advantage is converted into a tangible attacking outcome,attacking_organisation,apply the cutback over cross pattern (core KB Section 57.2) in Z11,success depends on precise timing/execution; a mistimed attempt wastes the structural advantage created,SC00184,C,Z11,conditions_favorable_for_cutback_over_cross_in_Z11
counterpress_to_shot,inside_forward,ATTACKING,executed_by_inside_forward,medium,opponent recognizes the pattern after repeated use and pre-emptively adjusts,a structural or individual advantage is converted into a tangible attacking outcome,offensive_transition,apply the counterpress to shot pattern (core KB Section 57.2) in Z5,success depends on precise timing/execution; a mistimed attempt wastes the structural advantage created,SC00185,C,Z5,conditions_favorable_for_counterpress_to_shot_in_Z5
overload_to_isolate,regista,ATTACKING,executed_by_regista,medium,opponent recognizes the pattern after repeated use and pre-emptively adjusts,a structural or individual advantage is converted into a tangible attacking outcome,offensive_transition,apply the overload to isolate pattern (core KB Section 57.2) in Z14,success depends on precise timing/execution; a mistimed attempt wastes the structural advantage created,SC00186,C,Z14,conditions_favorable_for_overload_to_isolate_in_Z14
weak_foot_isolation,wide_playmaker,ATTACKING,executed_by_wide_playmaker,medium,opponent recognizes the pattern after repeated use and pre-emptively adjusts,a structural or individual advantage is converted into a tangible attacking outcome,offensive_transition,apply the weak foot isolation pattern (core KB Section 57.2) in Z10,success depends on precise timing/execution; a mistimed attempt wastes the structural advantage created,SC00187,C,Z10,conditions_favorable_for_weak_foot_isolation_in_Z10
delayed_offside_beating_run,mezzala,ATTACKING,executed_by_mezzala,medium,opponent recognizes the pattern after repeated use and pre-emptively adjusts,a structural or individual advantage is converted into a tangible attacking outcome,offensive_transition,apply the delayed offside beating run pattern (core KB Section 57.2) in Z19,success depends on precise timing/execution; a mistimed attempt wastes the structural advantage created,SC00188,C,Z19,conditions_favorable_for_delayed_offside_beating_run_in_Z19
direct_run_in_behind_low_block,inverted_fb,ATTACKING,executed_by_inverted_fb,medium,opponent recognizes the pattern after repeated use and pre-emptively adjusts,a structural or individual advantage is converted into a tangible attacking outcome,offensive_transition,apply the direct run in behind low block pattern (core KB Section 57.2) in Z16,success depends on precise timing/execution; a mistimed attempt wastes the structural advantage created,SC00189,C,Z16,conditions_favorable_for_direct_run_in_behind_low_block_in_Z16
direct_run_in_behind_low_block,raumdeuter,ATTACKING,executed_by_raumdeuter,medium,opponent recognizes the pattern after repeated use and pre-emptively adjusts,a structural or individual advantage is converted into a tangible attacking outcome,set_piece,apply the direct run in behind low block pattern (core KB Section 57.2) in Z25,success depends on precise timing/execution; a mistimed attempt wastes the structural advantage created,SC00190,C,Z25,conditions_favorable_for_direct_run_in_behind_low_block_in_Z25
third_man_press_escape,number_10,ATTACKING,executed_by_number_10,medium,opponent recognizes the pattern after repeated use and pre-emptively adjusts,a structural or individual advantage is converted into a tangible attacking outcome,offensive_transition,apply the third man press escape pattern (core KB Section 57.2) in Z18,success depends on precise timing/execution; a mistimed attempt wastes the structural advantage created,SC00191,C,Z18,conditions_favorable_for_third_man_press_escape_in_Z18
half_space_rotation_overload,cover_defender,ATTACKING,executed_by_cover_defender,medium,opponent recognizes the pattern after repeated use and pre-emptively adjusts,a structural or individual advantage is converted into a tangible attacking outcome,attacking_organisation,apply the half space rotation overload pattern (core KB Section 57.2) in Z2,success depends on precise timing/execution; a mistimed attempt wastes the structural advantage created,SC00192,C,Z2,conditions_favorable_for_half_space_rotation_overload_in_Z2
false_nine_disruption,anchor_man,ATTACKING,executed_by_anchor_man,medium,opponent recognizes the pattern after repeated use and pre-emptively adjusts,a structural or individual advantage is converted into a tangible attacking outcome,set_piece,apply the false nine disruption pattern (core KB Section 57.2) in Z5,success depends on precise timing/execution; a mistimed attempt wastes the structural advantage created,SC00193,C,Z5,conditions_favorable_for_false_nine_disruption_in_Z5
half_space_rotation_overload,trequartista,ATTACKING,executed_by_trequartista,medium,opponent recognizes the pattern after repeated use and pre-emptively adjusts,a structural or individual advantage is converted into a tangible attacking outcome,offensive_transition,apply the half space rotation overload pattern (core KB Section 57.2) in Z18,success depends on precise timing/execution; a mistimed attempt wastes the structural advantage created,SC00194,C,Z18,conditions_favorable_for_half_space_rotation_overload_in_Z18
counterpress_to_shot,half_back,ATTACKING,executed_by_half_back,medium,opponent recognizes the pattern after repeated use and pre-emptively adjusts,a structural or individual advantage is converted into a tangible attacking outcome,set_piece,apply the counterpress to shot pattern (core KB Section 57.2) in Z13,success depends on precise timing/execution; a mistimed attempt wastes the structural advantage created,SC00195,C,Z13,conditions_favorable_for_counterpress_to_shot_in_Z13
overload_to_isolate,stopper,ATTACKING,executed_by_stopper,medium,opponent recognizes the pattern after repeated use and pre-emptively adjusts,a structural or individual advantage is converted into a tangible attacking outcome,offensive_transition,apply the overload to isolate pattern (core KB Section 57.2) in Z18,success depends on precise timing/execution; a mistimed attempt wastes the structural advantage created,SC00196,C,Z18,conditions_favorable_for_overload_to_isolate_in_Z18
blocking_run_set_piece,wing_back,ATTACKING,executed_by_wing_back,medium,opponent recognizes the pattern after repeated use and pre-emptively adjusts,a structural or individual advantage is converted into a tangible attacking outcome,attacking_organisation,apply the blocking run set piece pattern (core KB Section 57.2) in Z22,success depends on precise timing/execution; a mistimed attempt wastes the structural advantage created,SC00197,C,Z22,conditions_favorable_for_blocking_run_set_piece_in_Z22
baited_press_then_switch,raumdeuter,ATTACKING,executed_by_raumdeuter,medium,opponent recognizes the pattern after repeated use and pre-emptively adjusts,a structural or individual advantage is converted into a tangible attacking outcome,attacking_organisation,apply the baited press then switch pattern (core KB Section 57.2) in Z11,success depends on precise timing/execution; a mistimed attempt wastes the structural advantage created,SC00198,C,Z11,conditions_favorable_for_baited_press_then_switch_in_Z11
delayed_offside_beating_run,false_nine,ATTACKING,executed_by_false_nine,medium,opponent recognizes the pattern after repeated use and pre-emptively adjusts,a structural or individual advantage is converted into a tangible attacking outcome,set_piece,apply the delayed offside beating run pattern (core KB Section 57.2) in Z9,success depends on precise timing/execution; a mistimed attempt wastes the structural advantage created,SC00199,C,Z9,conditions_favorable_for_delayed_offside_beating_run_in_Z9
delayed_offside_beating_run,wing_back,ATTACKING,executed_by_wing_back,medium,opponent recognizes the pattern after repeated use and pre-emptively adjusts,a structural or individual advantage is converted into a tangible attacking outcome,offensive_transition,apply the delayed offside beating run pattern (core KB Section 57.2) in Z5,success depends on precise timing/execution; a mistimed attempt wastes the structural advantage created,SC00200,C,Z5,conditions_favorable_for_delayed_offside_beating_run_in_Z5
